object_name,sample_name,obj. ref
GCF_001434985.1_ASM143498v1_genomic,GCF_001434985.1_ASM143498v1_genomic,218406/2/1
GCF_003946605.1_ASM394660v1_genomic,GCF_003946605.1_ASM394660v1_genomic,218406/3/1
GCF_001436135.1_ASM143613v1_genomic,GCF_001436135.1_ASM143613v1_genomic,218406/4/1
GCF_003946555.1_ASM394655v1_genomic,GCF_003946555.1_ASM394655v1_genomic,218406/5/1
GCF_900618535.1_TH39_genomic,GCF_900618535.1_TH39_genomic,218406/6/1
GCF_010306265.1_ASM1030626v1_genomic,GCF_010306265.1_ASM1030626v1_genomic,218406/7/1
GCF_011067265.1_ASM1106726v1_genomic,GCF_011067265.1_ASM1106726v1_genomic,218406/8/1
GCF_001437055.1_ASM143705v1_genomic,GCF_001437055.1_ASM143705v1_genomic,218406/9/1
GCF_023091965.1_ASM2309196v1_genomic,GCF_023091965.1_ASM2309196v1_genomic,218406/10/1
GCF_003573535.1_ASM357353v1_genomic,GCF_003573535.1_ASM357353v1_genomic,218406/11/1
GCF_006007945.1_ASM600794v1_genomic,GCF_006007945.1_ASM600794v1_genomic,218406/22/1
GCF_003946305.1_ASM394630v1_genomic,GCF_003946305.1_ASM394630v1_genomic,218406/23/1
GCA_003325435.1_Razy_CA_genomic,GCA_003325435.1_Razy_CA_genomic,218406/24/1
GCF_003946405.1_ASM394640v1_genomic,GCF_003946405.1_ASM394640v1_genomic,218406/25/1
GCF_001702115.1_ASM170211v1_genomic,GCF_001702115.1_ASM170211v1_genomic,218406/26/1
GCF_005405165.1_ASM540516v1_genomic,GCF_005405165.1_ASM540516v1_genomic,218406/27/1
GCF_000420365.1_ASM42036v1_genomic,GCF_000420365.1_ASM42036v1_genomic,218406/28/1
GCF_003946085.1_ASM394608v1_genomic,GCF_003946085.1_ASM394608v1_genomic,218406/29/1
GCF_001433825.1_ASM143382v1_genomic,GCF_001433825.1_ASM143382v1_genomic,218406/30/1
GCF_004745505.1_ASM474550v1_genomic,GCF_004745505.1_ASM474550v1_genomic,218406/32/1
GCF_002276885.1_ASM227688v1_genomic,GCF_002276885.1_ASM227688v1_genomic,218406/40/1
GCF_001437605.1_ASM143760v1_genomic,GCF_001437605.1_ASM143760v1_genomic,218406/43/1
GCF_011516835.1_ASM1151683v1_genomic,GCF_011516835.1_ASM1151683v1_genomic,218406/44/1
GCF_012396505.1_ASM1239650v1_genomic,GCF_012396505.1_ASM1239650v1_genomic,218406/45/1
GCF_001435235.1_ASM143523v1_genomic,GCF_001435235.1_ASM143523v1_genomic,218406/46/1
GCF_003946025.1_ASM394602v1_genomic,GCF_003946025.1_ASM394602v1_genomic,218406/47/1
GCF_003946725.1_ASM394672v1_genomic,GCF_003946725.1_ASM394672v1_genomic,218406/48/1
GCF_011611525.1_ASM1161152v1_genomic,GCF_011611525.1_ASM1161152v1_genomic,218406/49/1
GCF_006740305.1_ASM674030v1_genomic,GCF_006740305.1_ASM674030v1_genomic,218406/50/1
GCF_001047075.2_ASM104707v2_genomic,GCF_001047075.2_ASM104707v2_genomic,218406/51/1
GCF_009428965.1_ASM942896v1_genomic,GCF_009428965.1_ASM942896v1_genomic,218406/61/1
GCF_013127755.1_ASM1312775v1_genomic,GCF_013127755.1_ASM1312775v1_genomic,218406/63/1
GCF_009184845.1_ASM918484v1_genomic,GCF_009184845.1_ASM918484v1_genomic,218406/64/1
GCF_003946175.1_ASM394617v1_genomic,GCF_003946175.1_ASM394617v1_genomic,218406/65/1
GCF_001434655.1_ASM143465v1_genomic,GCF_001434655.1_ASM143465v1_genomic,218406/66/1
GCF_003946675.1_ASM394667v1_genomic,GCF_003946675.1_ASM394667v1_genomic,218406/67/1
GCF_025211165.1_ASM2521116v1_genomic,GCF_025211165.1_ASM2521116v1_genomic,218406/68/1
GCF_001434915.1_ASM143491v1_genomic,GCF_001434915.1_ASM143491v1_genomic,218406/69/1
GCF_003946695.1_ASM394669v1_genomic,GCF_003946695.1_ASM394669v1_genomic,218406/70/1
GCF_007992055.1_ASM799205v1_genomic,GCF_007992055.1_ASM799205v1_genomic,218406/71/1
GCF_003946215.1_ASM394621v1_genomic,GCF_003946215.1_ASM394621v1_genomic,218406/80/1
GCF_000498955.2_NMG01_genomic,GCF_000498955.2_NMG01_genomic,218406/83/1
GCF_001436675.1_ASM143667v1_genomic,GCF_001436675.1_ASM143667v1_genomic,218406/84/1
GCF_011516885.1_ASM1151688v1_genomic,GCF_011516885.1_ASM1151688v1_genomic,218406/85/1
GCF_003946645.1_ASM394664v1_genomic,GCF_003946645.1_ASM394664v1_genomic,218406/86/1
GCF_005405425.1_ASM540542v1_genomic,GCF_005405425.1_ASM540542v1_genomic,218406/87/1
GCF_007833675.1_ASM783367v1_genomic,GCF_007833675.1_ASM783367v1_genomic,218406/88/1
GCF_001434665.1_ASM143466v1_genomic,GCF_001434665.1_ASM143466v1_genomic,218406/89/1
GCF_003946145.1_ASM394614v1_genomic,GCF_003946145.1_ASM394614v1_genomic,218406/90/1
GCF_003946515.1_ASM394651v1_genomic,GCF_003946515.1_ASM394651v1_genomic,218406/91/1
GCF_900116935.1_Chromosome_genomic,GCF_900116935.1_Chromosome_genomic,218406/102/1
GCF_029025825.1_ASM2902582v1_genomic,GCF_029025825.1_ASM2902582v1_genomic,218406/103/1
GCF_001047115.2_ASM104711v2_genomic,GCF_001047115.2_ASM104711v2_genomic,218406/104/1
GCF_023061185.1_ASM2306118v1_genomic,GCF_023061185.1_ASM2306118v1_genomic,218406/105/1
GCF_003946395.1_ASM394639v1_genomic,GCF_003946395.1_ASM394639v1_genomic,218406/106/1
GCF_008033155.1_ASM803315v1_genomic,GCF_008033155.1_ASM803315v1_genomic,218406/107/1
GCF_003946345.1_ASM394634v1_genomic,GCF_003946345.1_ASM394634v1_genomic,218406/108/1
GCF_003946015.1_ASM394601v1_genomic,GCF_003946015.1_ASM394601v1_genomic,218406/109/1
GCF_005405125.1_ASM540512v1_genomic,GCF_005405125.1_ASM540512v1_genomic,218406/110/1
GCF_001434895.1_ASM143489v1_genomic,GCF_001434895.1_ASM143489v1_genomic,218406/111/1
GCF_004010095.1_ASM401009v1_genomic,GCF_004010095.1_ASM401009v1_genomic,218406/122/1
GCF_003946445.1_ASM394644v1_genomic,GCF_003946445.1_ASM394644v1_genomic,218406/123/1
GCF_001702155.1_ASM170215v1_genomic,GCF_001702155.1_ASM170215v1_genomic,218406/124/1
GCF_019444005.1_ASM1944400v1_genomic,GCF_019444005.1_ASM1944400v1_genomic,218406/125/1
GCF_001050475.1_ASM105047v1_genomic,GCF_001050475.1_ASM105047v1_genomic,218406/126/1
GCF_001885995.1_ASM188599v1_genomic,GCF_001885995.1_ASM188599v1_genomic,218406/127/1
GCF_019655995.1_ASM1965599v1_genomic,GCF_019655995.1_ASM1965599v1_genomic,218406/128/1
GCF_003946335.1_ASM394633v1_genomic,GCF_003946335.1_ASM394633v1_genomic,218406/129/1
GCF_001039045.1_ASM103904v1_genomic,GCF_001039045.1_ASM103904v1_genomic,218406/130/1
GCF_001434835.1_ASM143483v1_genomic,GCF_001434835.1_ASM143483v1_genomic,218406/131/1
GCF_900187015.1_50465_F01_genomic,GCF_900187015.1_50465_F01_genomic,218406/141/1
GCF_001433995.1_ASM143399v1_genomic,GCF_001433995.1_ASM143399v1_genomic,218406/143/1
GCF_001787355.1_ASM178735v1_genomic,GCF_001787355.1_ASM178735v1_genomic,218406/144/1
GCF_005405005.1_ASM540500v1_genomic,GCF_005405005.1_ASM540500v1_genomic,218406/145/1
GCF_003946265.1_ASM394626v1_genomic,GCF_003946265.1_ASM394626v1_genomic,218406/146/1
GCF_001436255.1_ASM143625v1_genomic,GCF_001436255.1_ASM143625v1_genomic,218406/147/1
GCF_003353445.1_ASM335344v1_genomic,GCF_003353445.1_ASM335344v1_genomic,218406/148/1
GCF_000817255.2_ASM81725v2_genomic,GCF_000817255.2_ASM81725v2_genomic,218406/149/1
GCF_000379545.1_ASM37954v1_genomic,GCF_000379545.1_ASM37954v1_genomic,218406/150/1
GCF_005405385.1_ASM540538v1_genomic,GCF_005405385.1_ASM540538v1_genomic,218406/151/1
GCF_001434295.1_ASM143429v1_genomic,GCF_001434295.1_ASM143429v1_genomic,218406/160/1
GCF_013155425.1_ASM1315542v1_genomic,GCF_013155425.1_ASM1315542v1_genomic,218406/163/1
GCF_007989765.1_ASM798976v1_genomic,GCF_007989765.1_ASM798976v1_genomic,218406/164/1
GCF_001438805.1_ASM143880v1_genomic,GCF_001438805.1_ASM143880v1_genomic,218406/165/1
GCF_007115095.1_ASM711509v1_genomic,GCF_007115095.1_ASM711509v1_genomic,218406/166/1
GCF_918814755.1_ASM91881475v1_genomic,GCF_918814755.1_ASM91881475v1_genomic,218406/167/1
GCF_011516735.1_ASM1151673v1_genomic,GCF_011516735.1_ASM1151673v1_genomic,218406/168/1
GCF_003946485.1_ASM394648v1_genomic,GCF_003946485.1_ASM394648v1_genomic,218406/169/1
GCF_008876665.1_ASM887666v1_genomic,GCF_008876665.1_ASM887666v1_genomic,218406/170/1
GCF_003946385.1_ASM394638v1_genomic,GCF_003946385.1_ASM394638v1_genomic,218406/172/1
GCF_001435195.1_ASM143519v1_genomic,GCF_001435195.1_ASM143519v1_genomic,218406/180/1
GCF_011074885.1_ASM1107488v2_genomic,GCF_011074885.1_ASM1107488v2_genomic,218406/183/1
GCF_001436735.1_ASM143673v1_genomic,GCF_001436735.1_ASM143673v1_genomic,218406/184/1
GCF_001580535.1_ASM158053v1_genomic,GCF_001580535.1_ASM158053v1_genomic,218406/185/1
GCF_019656015.1_ASM1965601v1_genomic,GCF_019656015.1_ASM1965601v1_genomic,218406/186/1
GCF_001435935.1_ASM143593v1_genomic,GCF_001435935.1_ASM143593v1_genomic,218406/187/1
GCF_001435445.1_ASM143544v1_genomic,GCF_001435445.1_ASM143544v1_genomic,218406/188/1
GCF_002005485.1_ASM200548v1_genomic,GCF_002005485.1_ASM200548v1_genomic,218406/189/1
GCF_000831645.3_ASM83164v3_genomic,GCF_000831645.3_ASM83164v3_genomic,218406/190/1
GCF_003403295.1_ASM340329v1_genomic,GCF_003403295.1_ASM340329v1_genomic,218406/191/1
GCF_003946655.1_ASM394665v1_genomic,GCF_003946655.1_ASM394665v1_genomic,218406/201/1
GCF_003946205.1_ASM394620v1_genomic,GCF_003946205.1_ASM394620v1_genomic,218406/203/1
GCF_005405065.1_ASM540506v1_genomic,GCF_005405065.1_ASM540506v1_genomic,218406/204/1
GCF_000785105.2_ASM78510v2_genomic,GCF_000785105.2_ASM78510v2_genomic,218406/205/1
GCF_001050115.1_ASM105011v1_genomic,GCF_001050115.1_ASM105011v1_genomic,218406/206/1
GCF_003946505.1_ASM394650v1_genomic,GCF_003946505.1_ASM394650v1_genomic,218406/207/1
GCF_003946575.1_ASM394657v1_genomic,GCF_003946575.1_ASM394657v1_genomic,218406/208/1
GCF_003967595.1_ASM396759v1_genomic,GCF_003967595.1_ASM396759v1_genomic,218406/209/1
GCF_001436615.1_ASM143661v1_genomic,GCF_001436615.1_ASM143661v1_genomic,218406/210/1
GCA_003243815.1_ASM324381v1_genomic,GCA_003243815.1_ASM324381v1_genomic,218406/213/1
GCF_003946625.1_ASM394662v1_genomic,GCF_003946625.1_ASM394662v1_genomic,218406/220/1
GCF_020510245.1_ASM2051024v1_genomic,GCF_020510245.1_ASM2051024v1_genomic,218406/222/1
GCF_007991935.1_ASM799193v1_genomic,GCF_007991935.1_ASM799193v1_genomic,218406/223/1
GCF_001434585.1_ASM143458v1_genomic,GCF_001434585.1_ASM143458v1_genomic,218406/224/1
GCF_008632615.1_ASM863261v1_genomic,GCF_008632615.1_ASM863261v1_genomic,218406/226/1
GCF_001436595.1_ASM143659v1_genomic,GCF_001436595.1_ASM143659v1_genomic,218406/227/1
GCF_000965255.1_ASM96525v1_genomic,GCF_000965255.1_ASM96525v1_genomic,218406/228/1
GCF_001437425.1_ASM143742v1_genomic,GCF_001437425.1_ASM143742v1_genomic,218406/229/1
GCF_001438705.1_ASM143870v1_genomic,GCF_001438705.1_ASM143870v1_genomic,218406/230/1
GCF_005405145.1_ASM540514v1_genomic,GCF_005405145.1_ASM540514v1_genomic,218406/235/1
GCF_004771075.1_ASM477107v1_genomic,GCF_004771075.1_ASM477107v1_genomic,218406/240/1
GCF_001434055.1_ASM143405v1_genomic,GCF_001434055.1_ASM143405v1_genomic,218406/241/1
GCF_000740055.1_ASM74005v1_genomic,GCF_000740055.1_ASM74005v1_genomic,218406/242/1
GCF_003946325.1_ASM394632v1_genomic,GCF_003946325.1_ASM394632v1_genomic,218406/245/1
GCA_008274985.1_ASM827498v1_genomic,GCA_008274985.1_ASM827498v1_genomic,218406/246/1
GCF_003124125.1_ASM312412v1_genomic,GCF_003124125.1_ASM312412v1_genomic,218406/247/1
GCF_009913915.1_ASM991391v1_genomic,GCF_009913915.1_ASM991391v1_genomic,218406/248/1
GCF_015244665.1_ASM1524466v1_genomic,GCF_015244665.1_ASM1524466v1_genomic,218406/249/1
GCF_001435995.1_ASM143599v1_genomic,GCF_001435995.1_ASM143599v1_genomic,218406/252/1
GCF_004745525.1_ASM474552v1_genomic,GCF_004745525.1_ASM474552v1_genomic,218406/253/1
GCF_001434785.1_ASM143478v1_genomic,GCF_001434785.1_ASM143478v1_genomic,218406/260/1
GCF_007988905.1_ASM798890v1_genomic,GCF_007988905.1_ASM798890v1_genomic,218406/261/1
GCF_001436775.1_ASM143677v1_genomic,GCF_001436775.1_ASM143677v1_genomic,218406/264/1
GCF_918814575.1_ASM91881457v1_genomic,GCF_918814575.1_ASM91881457v1_genomic,218406/265/1
GCF_007991375.1_ASM799137v1_genomic,GCF_007991375.1_ASM799137v1_genomic,218406/266/1
GCF_001435975.1_ASM143597v1_genomic,GCF_001435975.1_ASM143597v1_genomic,218406/267/1
GCF_003946045.1_ASM394604v1_genomic,GCF_003946045.1_ASM394604v1_genomic,218406/268/1
GCF_004102045.2_ASM410204v2_genomic,GCF_004102045.2_ASM410204v2_genomic,218406/269/1
GCF_007954525.1_ASM795452v1_genomic,GCF_007954525.1_ASM795452v1_genomic,218406/272/1
GCF_000469325.1_ASM46932v1_genomic,GCF_000469325.1_ASM46932v1_genomic,218406/273/1
GCF_003946095.1_ASM394609v1_genomic,GCF_003946095.1_ASM394609v1_genomic,218406/280/1
GCF_001438845.1_ASM143884v1_genomic,GCF_001438845.1_ASM143884v1_genomic,218406/281/1
GCF_001434135.1_ASM143413v1_genomic,GCF_001434135.1_ASM143413v1_genomic,218406/282/1
GCF_001436275.1_ASM143627v1_genomic,GCF_001436275.1_ASM143627v1_genomic,218406/285/1
GCF_019656055.1_ASM1965605v1_genomic,GCF_019656055.1_ASM1965605v1_genomic,218406/286/1
GCF_016861655.1_ASM1686165v1_genomic,GCF_016861655.1_ASM1686165v1_genomic,218406/287/1
GCF_003946545.1_ASM394654v1_genomic,GCF_003946545.1_ASM394654v1_genomic,218406/288/1
GCF_003946115.1_ASM394611v1_genomic,GCF_003946115.1_ASM394611v1_genomic,218406/289/1
GCF_000298875.1_ASM29887v1_genomic,GCF_000298875.1_ASM29887v1_genomic,218406/292/1
GCF_003207865.1_ASM320786v1_genomic,GCF_003207865.1_ASM320786v1_genomic,218406/294/1
GCF_001971585.1_ASM197158v1_genomic,GCF_001971585.1_ASM197158v1_genomic,218406/300/1
GCA_009932455.1_ASM993245v1_genomic,GCA_009932455.1_ASM993245v1_genomic,218406/301/1
GCF_009295845.1_ASM929584v1_genomic,GCF_009295845.1_ASM929584v1_genomic,218406/302/1
GCF_004014775.2_ASM401477v2_genomic,GCF_004014775.2_ASM401477v2_genomic,218406/305/1
GCF_005405085.1_ASM540508v1_genomic,GCF_005405085.1_ASM540508v1_genomic,218406/306/1
GCF_001434935.1_ASM143493v1_genomic,GCF_001434935.1_ASM143493v1_genomic,218406/307/1
GCF_006539325.1_ASM653932v1_genomic,GCF_006539325.1_ASM653932v1_genomic,218406/309/1
GCF_001703515.1_ASM170351v1_genomic,GCF_001703515.1_ASM170351v1_genomic,218406/310/1
GCF_003946165.1_ASM394616v1_genomic,GCF_003946165.1_ASM394616v1_genomic,218406/312/1
GCF_005405405.1_ASM540540v1_genomic,GCF_005405405.1_ASM540540v1_genomic,218406/313/1
GCF_005404945.1_ASM540494v1_genomic,GCF_005404945.1_ASM540494v1_genomic,218406/316/1
GCF_001434145.1_ASM143414v1_genomic,GCF_001434145.1_ASM143414v1_genomic,218406/321/1
GCF_008694105.1_ASM869410v1_genomic,GCF_008694105.1_ASM869410v1_genomic,218406/322/1
GCF_011516755.1_ASM1151675v1_genomic,GCF_011516755.1_ASM1151675v1_genomic,218406/324/1
GCF_007954605.1_ASM795460v1_genomic,GCF_007954605.1_ASM795460v1_genomic,218406/326/1
GCF_001435525.1_ASM143552v1_genomic,GCF_001435525.1_ASM143552v1_genomic,218406/327/1
GCF_015244675.1_ASM1524467v1_genomic,GCF_015244675.1_ASM1524467v1_genomic,218406/328/1
GCF_001434395.1_ASM143439v1_genomic,GCF_001434395.1_ASM143439v1_genomic,218406/330/1
GCF_004136575.1_ASM413657v1_genomic,GCF_004136575.1_ASM413657v1_genomic,218406/331/1
GCF_002872255.1_ASM287225v1_genomic,GCF_002872255.1_ASM287225v1_genomic,218406/334/1
GCF_005405105.1_ASM540510v1_genomic,GCF_005405105.1_ASM540510v1_genomic,218406/336/1
GCF_012396435.1_ASM1239643v1_genomic,GCF_012396435.1_ASM1239643v1_genomic,218406/341/1
GCF_003946465.1_ASM394646v1_genomic,GCF_003946465.1_ASM394646v1_genomic,218406/343/1
GCF_019656075.1_ASM1965607v1_genomic,GCF_019656075.1_ASM1965607v1_genomic,218406/344/1
GCF_005404815.1_ASM540481v1_genomic,GCF_005404815.1_ASM540481v1_genomic,218406/347/1
MASTER_WP4_TEAGASC_1__TGS01-22__bin.6,MASTER_WP4_TEAGASC_1__TGS01-22__bin.6,218406/352/1
MAG_94,MAG_94,218406/353/1
DeFilippisF_xxxx__DF_5__bin.4,DeFilippisF_xxxx__DF_5__bin.4,218406/354/1
MASTER_WP4_UNINA_1__AS111_71775__bin.3,MASTER_WP4_UNINA_1__AS111_71775__bin.3,218406/355/1
MortensenS_xxxx__WK031-1-L-48h-03B2_S30__bin.4,MortensenS_xxxx__WK031-1-L-48h-03B2_S30__bin.4,218406/356/1
MortensenS_xxxx__WK044-2-L-08h-03H1_S83__bin.10,MortensenS_xxxx__WK044-2-L-08h-03H1_S83__bin.10,218406/357/1
MASTER_WP4_FFoQSI_2__VB16-22__bin.17,MASTER_WP4_FFoQSI_2__VB16-22__bin.17,218406/358/1
DeFilippisF_xxxx__DF_39__bin.4,DeFilippisF_xxxx__DF_39__bin.4,218406/360/1
YulandiA_2020__SRS6115052__bin.6,YulandiA_2020__SRS6115052__bin.6,218406/362/1
DeFilippisF_xxxx__DF_101__bin.22,DeFilippisF_xxxx__DF_101__bin.22,218406/364/1
CM_UNINA_FFOOD__FFOOD_296__bin.12,CM_UNINA_FFOOD__FFOOD_296__bin.12,218406/371/1
MASTER_WP4_TEAGASC_1__TGS07-29__bin.2,MASTER_WP4_TEAGASC_1__TGS07-29__bin.2,218406/373/1
MASTER_WP4_CSIC_2__P2485__bin.4,MASTER_WP4_CSIC_2__P2485__bin.4,218406/374/1
MASTER_WP4_UNINA_1__FO007_71775__bin.8,MASTER_WP4_UNINA_1__FO007_71775__bin.8,218406/375/1
C-R14.bin.10,C-R14.bin.10,218406/376/1
ODFM-BA-A-0128-001_Pectinatus_frisingensis_MB139,ODFM-BA-A-0128-001_Pectinatus_frisingensis_MB139,218406/377/1
MASTER_WP4_CSIC_2__P2613__bin.25,MASTER_WP4_CSIC_2__P2613__bin.25,218406/378/1
MASTER_WP4_UNINA_1__MO005_73417__bin.2,MASTER_WP4_UNINA_1__MO005_73417__bin.2,218406/379/1
FontanaF_2023__SRR20746866__bin.4,FontanaF_2023__SRR20746866__bin.4,218406/380/1
MASTER_WP4_TEAGASC_1__TGS04-23__bin.30,MASTER_WP4_TEAGASC_1__TGS04-23__bin.30,218406/385/1
ODFM-BA-A-0081-002_Halorubrum_halophilum_CBA1147,ODFM-BA-A-0081-002_Halorubrum_halophilum_CBA1147,218406/391/1
MagliuloR_2024__SRR28235369__bin.6,MagliuloR_2024__SRR28235369__bin.6,218406/392/1
MAG_36,MAG_36,218406/394/1
LeechJ_xxxx__AF74__bin.1,LeechJ_xxxx__AF74__bin.1,218406/395/1
WalshL_xxxx__O4__bin.5,WalshL_xxxx__O4__bin.5,218406/397/1
MortensenS_xxxx__WK019-2-L-48h-02E4_S100__bin.4,MortensenS_xxxx__WK019-2-L-48h-02E4_S100__bin.4,218406/398/1
PfeferT_xxxx__SRS2870572__bin.4,PfeferT_xxxx__SRS2870572__bin.4,218406/399/1
YangC_2021__SRR13259372__bin.32,YangC_2021__SRR13259372__bin.32,218406/400/1
LeechJ_2020__ERS3967724__bin.7,LeechJ_2020__ERS3967724__bin.7,218406/401/1
WalshL_xxxx__I2__bin.2,WalshL_xxxx__I2__bin.2,218406/402/1
MASTER_WP4_TEAGASC_1__TGS10-28__bin.13,MASTER_WP4_TEAGASC_1__TGS10-28__bin.13,218406/410/1
DeFilippisF_xxxx__DS_50__bin.12,DeFilippisF_xxxx__DS_50__bin.12,218406/413/1
MASTER_WP4_CSIC_1__P2237_73323__bin.19,MASTER_WP4_CSIC_1__P2237_73323__bin.19,218406/414/1
MASTER_WP4_CSIC_2__P2581__bin.19,MASTER_WP4_CSIC_2__P2581__bin.19,218406/415/1
ZhaoCC_2020__SRS5803191__bin.31,ZhaoCC_2020__SRS5803191__bin.31,218406/416/1
WalshL_xxxx__U-2-12__bin.3,WalshL_xxxx__U-2-12__bin.3,218406/417/1
MAG_539,MAG_539,218406/418/1
ZhaoCC_2020__SRS5803192__bin.16,ZhaoCC_2020__SRS5803192__bin.16,218406/419/1
LeechJ_xxxx__AF26__bin.11,LeechJ_xxxx__AF26__bin.11,218406/423/1
MortensenS_xxxx__WK034-1-L-48h-03C5_S42__bin.4,MortensenS_xxxx__WK034-1-L-48h-03C5_S42__bin.4,218406/424/1
CM_UNINA_FFOOD__FFOOD_347__bin.16,CM_UNINA_FFOOD__FFOOD_347__bin.16,218406/432/1
MASTER_WP4_FFoQSI_1__VB-15-M10__bin.16,MASTER_WP4_FFoQSI_1__VB-15-M10__bin.16,218406/433/1
FontanaF_2023__SRR20746964__bin.5,FontanaF_2023__SRR20746964__bin.5,218406/434/1
MASTER_WP4_TEAGASC_1__TGS06-22__bin.6,MASTER_WP4_TEAGASC_1__TGS06-22__bin.6,218406/435/1
MASTER_WP4_CSIC_2__P2560__bin.13,MASTER_WP4_CSIC_2__P2560__bin.13,218406/436/1
YouL_2022__SRR13308540__bin.9,YouL_2022__SRR13308540__bin.9,218406/437/1
ODFM-BA-A-0034-002_Haloterrigena_jeotgali_A29,ODFM-BA-A-0034-002_Haloterrigena_jeotgali_A29,218406/441/1
MASTER_WP4_CSIC_2__P2599__bin.50,MASTER_WP4_CSIC_2__P2599__bin.50,218406/442/1
EBC_098.21,EBC_098.21,218406/443/1
DeFilippisF_xxxx__DF_11__bin.27,DeFilippisF_xxxx__DF_11__bin.27,218406/444/1
MAG_568,MAG_568,218406/450/1
MASTER_WP4_FFoQSI_2__VB16-22__bin.23,MASTER_WP4_FFoQSI_2__VB16-22__bin.23,218406/451/1
MASTER_WP4_CSIC_1__P2227_73323__bin.3,MASTER_WP4_CSIC_1__P2227_73323__bin.3,218406/452/1
CM_UNINA_FFOOD__FFOOD_296__bin.9,CM_UNINA_FFOOD__FFOOD_296__bin.9,218406/455/1
MASTER_WP4_UNINA_1__PM001_71775__bin.5,MASTER_WP4_UNINA_1__PM001_71775__bin.5,218406/456/1
MortensenS_xxxx__WK010-1-L-08h-02A1_S61__bin.3,MortensenS_xxxx__WK010-1-L-08h-02A1_S61__bin.3,218406/457/1
AlvarezOrdonezA_xxxx__Q07-22__bin.28,AlvarezOrdonezA_xxxx__Q07-22__bin.28,218406/461/1
LeechJ_xxxx__AF47__bin.4,LeechJ_xxxx__AF47__bin.4,218406/462/1
MAG_428,MAG_428,218406/463/1
MASTER_WP4_UNINA_1__GO004_71775__bin.1,MASTER_WP4_UNINA_1__GO004_71775__bin.1,218406/464/1
WolfeBE_2014__337_Mileens__bin.2,WolfeBE_2014__337_Mileens__bin.2,218406/470/1
WalshL_xxxx__J11__bin.4,WalshL_xxxx__J11__bin.4,218406/471/1
LeechJ_2020__ERS3967699__bin.8,LeechJ_2020__ERS3967699__bin.8,218406/472/1
WalshL_xxxx__B1__bin.2,WalshL_xxxx__B1__bin.2,218406/475/1
MASTER_WP4_CSIC_2__P2596__bin.6,MASTER_WP4_CSIC_2__P2596__bin.6,218406/476/1
MASTER_WP4_CSIC_2__P2611__bin.7,MASTER_WP4_CSIC_2__P2611__bin.7,218406/480/1
MAG_53,MAG_53,218406/481/1
KharnaiorP_2023__SRR22859378__bin.22,KharnaiorP_2023__SRR22859378__bin.22,218406/482/1
AlvarezOrdonezA_xxxx__Q03-23__bin.2,AlvarezOrdonezA_xxxx__Q03-23__bin.2,218406/483/1
MASTER_WP4_FFoQSI_2__VB01-30__bin.10,MASTER_WP4_FFoQSI_2__VB01-30__bin.10,218406/485/1
AlvarezOrdonezA_xxxx__Q01-26__bin.2,AlvarezOrdonezA_xxxx__Q01-26__bin.2,218406/489/1
FontanaF_2023__SRR20746929__bin.9,FontanaF_2023__SRR20746929__bin.9,218406/490/1
MASTER_WP4_UNINA_1__AS001_71775__bin.13,MASTER_WP4_UNINA_1__AS001_71775__bin.13,218406/492/1
MAG_115,MAG_115,218406/495/1
MortensenS_xxxx__WK044-1-L-48h-03G9_S82__bin.3,MortensenS_xxxx__WK044-1-L-48h-03G9_S82__bin.3,218406/498/1
WalshAM_2017__ERS1739834__bin.1,WalshAM_2017__ERS1739834__bin.1,218406/499/1
MASTER_WP4_FFoQSI_1__VB14-F-AR__bin.3,MASTER_WP4_FFoQSI_1__VB14-F-AR__bin.3,218406/501/1
MASTER_WP4_UNINA_2__O-30__bin.15,MASTER_WP4_UNINA_2__O-30__bin.15,218406/502/1
MortensenS_xxxx__WK059-1-L-48h-04H1_S35__bin.7,MortensenS_xxxx__WK059-1-L-48h-04H1_S35__bin.7,218406/504/1
DeFilippisF_xxxx__DF_96__bin.11,DeFilippisF_xxxx__DF_96__bin.11,218406/505/1
CM_UNINA_FFOOD__FFOOD_226__bin.10,CM_UNINA_FFOOD__FFOOD_226__bin.10,218406/507/1
MASTER_WP4_FFoQSI_1__KM-2D__bin.28,MASTER_WP4_FFoQSI_1__KM-2D__bin.28,218406/508/1
MAG_395,MAG_395,218406/511/1
MortensenS_xxxx__WK032-1-L-48h-03B6_S34__bin.4,MortensenS_xxxx__WK032-1-L-48h-03B6_S34__bin.4,218406/516/1
SEM_41_S58.18,SEM_41_S58.18,218406/518/1
MASTER_WP4_UNINA_2__I-25.1__bin.5,MASTER_WP4_UNINA_2__I-25.1__bin.5,218406/520/1
MASTER_WP4_TEAGASC_1__TGS08-29__bin.67,MASTER_WP4_TEAGASC_1__TGS08-29__bin.67,218406/521/1
BertuzziAS_2018__ERS2032120__bin.4,BertuzziAS_2018__ERS2032120__bin.4,218406/522/1
AlvarezOrdonezA_xxxx__Q01-23__bin.1,AlvarezOrdonezA_xxxx__Q01-23__bin.1,218406/524/1
MAG_366,MAG_366,218406/525/1
AlvarezOrdonezA_xxxx__C07-19__bin.10,AlvarezOrdonezA_xxxx__C07-19__bin.10,218406/526/1
DeFilippisF_xxxx__DS_78__bin.11,DeFilippisF_xxxx__DS_78__bin.11,218406/528/1
MASTER_WP4_FFoQSI_2__VB10-22__bin.21,MASTER_WP4_FFoQSI_2__VB10-22__bin.21,218406/532/1
FalardeauJ_2023__SRR20811150__bin.7,FalardeauJ_2023__SRR20811150__bin.7,218406/537/1
DeFilippisF_xxxx__DF_114__bin.6,DeFilippisF_xxxx__DF_114__bin.6,218406/538/1
MortensenS_xxxx__WK032-1-L-08h-03B5_S33__bin.4,MortensenS_xxxx__WK032-1-L-08h-03B5_S33__bin.4,218406/539/1
LeechJ_xxxx__AF06__bin.6,LeechJ_xxxx__AF06__bin.6,218406/540/1
MAG_337,MAG_337,218406/541/1
MASTER_WP4_FFoQSI_1__VB-05-BD__bin.54,MASTER_WP4_FFoQSI_1__VB-05-BD__bin.54,218406/542/1
MASTER_WP4_UNINA_2__O-25.1__bin.29,MASTER_WP4_UNINA_2__O-25.1__bin.29,218406/543/1
MASTER_WP4_CSIC_2__P2629__bin.15,MASTER_WP4_CSIC_2__P2629__bin.15,218406/546/1
LeechJ_xxxx__AF70__bin.8,LeechJ_xxxx__AF70__bin.8,218406/547/1
MortensenS_xxxx__WK038-1-L-48h-03E3_S58__bin.1,MortensenS_xxxx__WK038-1-L-48h-03E3_S58__bin.1,218406/556/1
MortensenS_xxxx__WK033-1-L-48h-03C1_S38__bin.5,MortensenS_xxxx__WK033-1-L-48h-03C1_S38__bin.5,218406/557/1
MASTER_WP4_CSIC_1__P2176_73322__bin.2,MASTER_WP4_CSIC_1__P2176_73322__bin.2,218406/558/1
MASTER_WP4_FFoQSI_1__RC17-F-BR__bin.47,MASTER_WP4_FFoQSI_1__RC17-F-BR__bin.47,218406/559/1
MortensenS_xxxx__WK064-1-L-48h-05A3_S55__bin.1,MortensenS_xxxx__WK064-1-L-48h-05A3_S55__bin.1,218406/560/1
ODFM-BA-A-0014-003_Alishewanella_jeotgali_KCTC_22429,ODFM-BA-A-0014-003_Alishewanella_jeotgali_KCTC_22429,218406/561/1
LeechJ_2020__ERS3967711__bin.14,LeechJ_2020__ERS3967711__bin.14,218406/563/1
WalshL_xxxx__B9__bin.5,WalshL_xxxx__B9__bin.5,218406/564/1
CM_UNINA_FFOOD__FFOOD_289__bin.25,CM_UNINA_FFOOD__FFOOD_289__bin.25,218406/565/1
DeFilippisF_xxxx__DS_12__bin.14,DeFilippisF_xxxx__DS_12__bin.14,218406/567/1
LeechJ_xxxx__AF38__bin.7,LeechJ_xxxx__AF38__bin.7,218406/574/1
MASTER_WP4_FFoQSI_1__VB-14D__bin.5,MASTER_WP4_FFoQSI_1__VB-14D__bin.5,218406/576/1
MAG_121,MAG_121,218406/577/1
FontanaF_2023__SRR20746939__bin.10,FontanaF_2023__SRR20746939__bin.10,218406/578/1
MASTER_WP4_FFoQSI_3__VB14-22__bin.44,MASTER_WP4_FFoQSI_3__VB14-22__bin.44,218406/580/1
DeFilippisF_xxxx__DF_41__bin.12,DeFilippisF_xxxx__DF_41__bin.12,218406/581/1
MortensenS_xxxx__WK054-2-L-48h-04F1_S17__bin.6,MortensenS_xxxx__WK054-2-L-48h-04F1_S17__bin.6,218406/582/1
LeechJ_xxxx__AF14__bin.10,LeechJ_xxxx__AF14__bin.10,218406/584/1
ZhaoCC_2020__SRS5803195__bin.39,ZhaoCC_2020__SRS5803195__bin.39,218406/587/1
LeechJ_xxxx__AF17__bin.5,LeechJ_xxxx__AF17__bin.5,218406/592/1
MASTER_WP4_FFoQSI_1__VB-06-BG__bin.46,MASTER_WP4_FFoQSI_1__VB-06-BG__bin.46,218406/594/1
MASTER_WP4_FFoQSI_2__VB10-22__bin.15,MASTER_WP4_FFoQSI_2__VB10-22__bin.15,218406/595/1
MASTER_WP4_CSIC_2__P2633__bin.17,MASTER_WP4_CSIC_2__P2633__bin.17,218406/596/1
MASTER_WP4_CSIC_1__P2138_73322__bin.8,MASTER_WP4_CSIC_1__P2138_73322__bin.8,218406/598/1
MAG_352,MAG_352,218406/600/1
MASTER_WP4_CSIC_2__P2574__bin.32,MASTER_WP4_CSIC_2__P2574__bin.32,218406/602/1
MASTER_WP4_UNINA_2__V-26__bin.5,MASTER_WP4_UNINA_2__V-26__bin.5,218406/603/1
MAG_183,MAG_183,218406/604/1
MASTER_WP4_CSIC_2__P2621__bin.41,MASTER_WP4_CSIC_2__P2621__bin.41,218406/609/1
MortensenS_xxxx__WK025-1-L-48h-02H5_S6__bin.7,MortensenS_xxxx__WK025-1-L-48h-02H5_S6__bin.7,218406/610/1
MAG_193,MAG_193,218406/614/1
WalshL_xxxx__R2__bin.3,WalshL_xxxx__R2__bin.3,218406/617/1
LeechJ_2020__ERS3967723__bin.8,LeechJ_2020__ERS3967723__bin.8,218406/618/1
DeFilippisF_xxxx__DF_67__bin.7,DeFilippisF_xxxx__DF_67__bin.7,218406/619/1
WalshL_xxxx__H3_S87__bin.16,WalshL_xxxx__H3_S87__bin.16,218406/620/1
CM_UNINA_FFOOD__FFOOD_375__bin.5,CM_UNINA_FFOOD__FFOOD_375__bin.5,218406/621/1
C-R13.bin.1,C-R13.bin.1,218406/623/1
WalshL_xxxx__N10__bin.2,WalshL_xxxx__N10__bin.2,218406/624/1
MAG_342,MAG_342,218406/627/1
MortensenS_xxxx__WK022-2-L-08h-02F9_S114__bin.6,MortensenS_xxxx__WK022-2-L-08h-02F9_S114__bin.6,218406/628/1
MASTER_WP4_UNINA_1__PM003_71775__bin.3,MASTER_WP4_UNINA_1__PM003_71775__bin.3,218406/633/1
YouL_2022__SRR13308528__bin.22,YouL_2022__SRR13308528__bin.22,218406/637/1
DeFilippisF_xxxx__DS_111__bin.1,DeFilippisF_xxxx__DS_111__bin.1,218406/638/1
SternesPR_2017__T1D1_A_shotgun__bin.1,SternesPR_2017__T1D1_A_shotgun__bin.1,218406/639/1
DeFilippisF_xxxx__DF_59__bin.6,DeFilippisF_xxxx__DF_59__bin.6,218406/640/1
MASTER_WP4_UNINA_1__PS007_71775__bin.2,MASTER_WP4_UNINA_1__PS007_71775__bin.2,218406/643/1
MASTER_WP4_TEAGASC_1__TGS10-30__bin.5,MASTER_WP4_TEAGASC_1__TGS10-30__bin.5,218406/644/1
MortensenS_xxxx__WK054-1-L-48h-04E8_S15__bin.7,MortensenS_xxxx__WK054-1-L-48h-04E8_S15__bin.7,218406/645/1
MAG_131,MAG_131,218406/646/1
Vreta_bin.2,Vreta_bin.2,218406/649/1
YuY_2022__SRR16950700__bin.19,YuY_2022__SRR16950700__bin.19,218406/654/1
MASTER_WP4_TEAGASC_1__TGS06-29__bin.7,MASTER_WP4_TEAGASC_1__TGS06-29__bin.7,218406/656/1
MASTER_WP4_FFoQSI_1__KM-1G__bin.1,MASTER_WP4_FFoQSI_1__KM-1G__bin.1,218406/657/1
MotaGutierrezJ_2021__SRR11602142__bin.9,MotaGutierrezJ_2021__SRR11602142__bin.9,218406/658/1
MASTER_WP4_UNINA_1__PA207_73417__bin.4,MASTER_WP4_UNINA_1__PA207_73417__bin.4,218406/659/1
CM_UNINA_FFOOD__FFOOD_339__bin.16,CM_UNINA_FFOOD__FFOOD_339__bin.16,218406/660/1
MAG_160,MAG_160,218406/661/1
AlvarezOrdonezA_xxxx__Q04-25__bin.7,AlvarezOrdonezA_xxxx__Q04-25__bin.7,218406/662/1
KastmanEK_2016__CSB720__bin.5,KastmanEK_2016__CSB720__bin.5,218406/665/1
CM_UNINA_FFOOD__FFOOD_254__bin.8,CM_UNINA_FFOOD__FFOOD_254__bin.8,218406/674/1
MASTER_WP4_CSIC_1__P2177_73322__bin.10,MASTER_WP4_CSIC_1__P2177_73322__bin.10,218406/675/1
FontanaF_2023__SRR20746829__bin.4,FontanaF_2023__SRR20746829__bin.4,218406/676/1
WolfeBE_2014__679_Raclette__bin.1,WolfeBE_2014__679_Raclette__bin.1,218406/677/1
DuR_2020__DRS139335__bin.18,DuR_2020__DRS139335__bin.18,218406/678/1
MAG_327,MAG_327,218406/679/1
MASTER_WP4_UNINA_2__V-25.1__bin.10,MASTER_WP4_UNINA_2__V-25.1__bin.10,218406/680/1
MASTER_WP4_TEAGASC_1__TGS07-23__bin.9,MASTER_WP4_TEAGASC_1__TGS07-23__bin.9,218406/682/1
MASTER_WP4_CSIC_1__P2239_73323__bin.32,MASTER_WP4_CSIC_1__P2239_73323__bin.32,218406/683/1
FontanaF_2023__SRR20746834__bin.9,FontanaF_2023__SRR20746834__bin.9,218406/686/1
MASTER_WP4_CSIC_1__P2249_73323__bin.1,MASTER_WP4_CSIC_1__P2249_73323__bin.1,218406/692/1
YouL_2022__SRR13308528__bin.16,YouL_2022__SRR13308528__bin.16,218406/695/1
LimaC_2020__SRR9640350__bin.6,LimaC_2020__SRR9640350__bin.6,218406/696/1
LeechJ_xxxx__AF27__bin.6,LeechJ_xxxx__AF27__bin.6,218406/697/1
AlvarezOrdonezA_xxxx__C06-19__bin.13,AlvarezOrdonezA_xxxx__C06-19__bin.13,218406/698/1
AlvarezOrdonezA_xxxx__Q04-28__bin.3,AlvarezOrdonezA_xxxx__Q04-28__bin.3,218406/699/1
MAG_376,MAG_376,218406/700/1
MASTER_WP4_FFoQSI_2__VB05-30__bin.24,MASTER_WP4_FFoQSI_2__VB05-30__bin.24,218406/702/1
MortensenS_xxxx__WK012-1-L-48h-02B1_S70__bin.2,MortensenS_xxxx__WK012-1-L-48h-02B1_S70__bin.2,218406/703/1
DeFilippisF_xxxx__DF_75__bin.11,DeFilippisF_xxxx__DF_75__bin.11,218406/710/1
LeechJ_xxxx__AF88__bin.1,LeechJ_xxxx__AF88__bin.1,218406/713/1
LeechJ_xxxx__AF41__bin.1,LeechJ_xxxx__AF41__bin.1,218406/714/1
CM_UNINA_FFOOD__FFOOD_282__bin.23,CM_UNINA_FFOOD__FFOOD_282__bin.23,218406/715/1
MASTER_WP4_CSIC_1__P2233_73323__bin.18,MASTER_WP4_CSIC_1__P2233_73323__bin.18,218406/716/1
LandisEA_2021__SRS5652995__bin.1,LandisEA_2021__SRS5652995__bin.1,218406/717/1
MAG_385,MAG_385,218406/718/1
AlvarezOrdonezA_xxxx__Q04-29__bin.9,AlvarezOrdonezA_xxxx__Q04-29__bin.9,218406/719/1
LeechJ_xxxx__AF84__bin.30,LeechJ_xxxx__AF84__bin.30,218406/721/1
AlvarezOrdonezA_xxxx__F03-19__bin.17,AlvarezOrdonezA_xxxx__F03-19__bin.17,218406/722/1
ArikanM_2020__ERS1939655__bin.10,ArikanM_2020__ERS1939655__bin.10,218406/727/1
YangC_2021__SRR13259374__bin.1,YangC_2021__SRR13259374__bin.1,218406/732/1
MortensenS_xxxx__WK001-1-L-48h-01F2_S26__bin.7,MortensenS_xxxx__WK001-1-L-48h-01F2_S26__bin.7,218406/734/1
AlvarezOrdonezA_xxxx__R01-19__bin.3,AlvarezOrdonezA_xxxx__R01-19__bin.3,218406/735/1
CM_UNINA_FFOOD__FFOOD_320__bin.7,CM_UNINA_FFOOD__FFOOD_320__bin.7,218406/736/1
MASTER_WP4_CSIC_2__P2479__bin.4,MASTER_WP4_CSIC_2__P2479__bin.4,218406/737/1
MAG_154,MAG_154,218406/738/1
WalshAM_2020__ERS3466783__bin.3,WalshAM_2020__ERS3466783__bin.3,218406/740/1
MortensenS_xxxx__WK053-1-L-48h-04E4_S11__bin.6,MortensenS_xxxx__WK053-1-L-48h-04E4_S11__bin.6,218406/742/1
DeFilippisF_xxxx__DF_58__bin.13,DeFilippisF_xxxx__DF_58__bin.13,218406/744/1
LopezSanchezR_2023__SRR13708566__bin.12,LopezSanchezR_2023__SRR13708566__bin.12,218406/752/1
MASTER_WP4_UNINA_2__N-22__bin.11,MASTER_WP4_UNINA_2__N-22__bin.11,218406/753/1
AlvarezOrdonezA_xxxx__F06-19__bin.4,AlvarezOrdonezA_xxxx__F06-19__bin.4,218406/754/1
MASTER_WP4_TEAGASC_1__TGS07-22__bin.3,MASTER_WP4_TEAGASC_1__TGS07-22__bin.3,218406/755/1
CM_UNINA_FFOOD__FFOOD_368__bin.8,CM_UNINA_FFOOD__FFOOD_368__bin.8,218406/756/1
MASTER_WP4_FFoQSI_1__RC17-F-BR__bin.32,MASTER_WP4_FFoQSI_1__RC17-F-BR__bin.32,218406/757/1
MAG_105,MAG_105,218406/758/1
WolfeBE_2014__380_Stawley__bin.1,WolfeBE_2014__380_Stawley__bin.1,218406/762/1
MAG_12,MAG_12,218406/763/1
FontanaF_2023__SRR20746821__bin.3,FontanaF_2023__SRR20746821__bin.3,218406/765/1
MASTER_WP4_CSIC_1__P2250_73323__bin.25,MASTER_WP4_CSIC_1__P2250_73323__bin.25,218406/770/1
YuY_2022__SRR16950704__bin.11,YuY_2022__SRR16950704__bin.11,218406/771/1
MortensenS_xxxx__WK012-2-G-48h-01D6_S12__bin.7,MortensenS_xxxx__WK012-2-G-48h-01D6_S12__bin.7,218406/773/1
MASTER_WP4_FFoQSI_2__VB16-29__bin.11,MASTER_WP4_FFoQSI_2__VB16-29__bin.11,218406/774/1
DeFilippisF_xxxx__DF_113__bin.9,DeFilippisF_xxxx__DF_113__bin.9,218406/776/1
LeechJ_xxxx__AF44__bin.2,LeechJ_xxxx__AF44__bin.2,218406/777/1
MASTER_WP4_CSIC_2__P2603__bin.2,MASTER_WP4_CSIC_2__P2603__bin.2,218406/779/1
MASTER_WP4_UNINA_2__H-30__bin.14,MASTER_WP4_UNINA_2__H-30__bin.14,218406/781/1
MASTER_WP4_FFoQSI_1__RC17-F-AR__bin.29,MASTER_WP4_FFoQSI_1__RC17-F-AR__bin.29,218406/783/1
WalshL_xxxx__V3__bin.1,WalshL_xxxx__V3__bin.1,218406/786/1
AlvarezOrdonezA_xxxx__Q08-25__bin.9,AlvarezOrdonezA_xxxx__Q08-25__bin.9,218406/789/1
LeechJ_xxxx__AF22__bin.5,LeechJ_xxxx__AF22__bin.5,218406/790/1
MASTER_WP4_UNINA_1__CS007_71775__bin.13,MASTER_WP4_UNINA_1__CS007_71775__bin.13,218406/792/1
DeFilippisF_xxxx__DF_26__bin.5,DeFilippisF_xxxx__DF_26__bin.5,218406/794/1
CM_UNINA_FFOOD__FFOOD_428__bin.7,CM_UNINA_FFOOD__FFOOD_428__bin.7,218406/795/1
MASTER_WP4_FFoQSI_1__VB-09-M7__bin.80,MASTER_WP4_FFoQSI_1__VB-09-M7__bin.80,218406/797/1
MASTER_WP4_FFoQSI_3__VB02-30__bin.5,MASTER_WP4_FFoQSI_3__VB02-30__bin.5,218406/798/1
MASTER_WP4_FFoQSI_1__VB-16-M16__bin.4,MASTER_WP4_FFoQSI_1__VB-16-M16__bin.4,218406/803/1
MASTER_WP4_CSIC_2__P2585__bin.9,MASTER_WP4_CSIC_2__P2585__bin.9,218406/804/1
MASTER_WP4_CSIC_2__P2599__bin.11,MASTER_WP4_CSIC_2__P2599__bin.11,218406/808/1
MASTER_WP4_CSIC_1__P2142_73322__bin.20,MASTER_WP4_CSIC_1__P2142_73322__bin.20,218406/809/1
MAG_469,MAG_469,218406/811/1
MortensenS_xxxx__WK069-2-L-48h-05D2_S81__bin.2,MortensenS_xxxx__WK069-2-L-48h-05D2_S81__bin.2,218406/812/1
MASTER_WP4_CSIC_1__P2136_73322__bin.3,MASTER_WP4_CSIC_1__P2136_73322__bin.3,218406/813/1
MASTER_WP4_UNINA_1__PU010_71775__bin.2,MASTER_WP4_UNINA_1__PU010_71775__bin.2,218406/815/1
YuY_2022__SRR16950699__bin.4,YuY_2022__SRR16950699__bin.4,218406/817/1
MASTER_WP4_TEAGASC_1__TGS12-29__bin.18,MASTER_WP4_TEAGASC_1__TGS12-29__bin.18,218406/818/1
MASTER_WP4_UNINA_1__GR002_73417__bin.12,MASTER_WP4_UNINA_1__GR002_73417__bin.12,218406/822/1
FalardeauJ_2023__SRR20811289__bin.5,FalardeauJ_2023__SRR20811289__bin.5,218406/824/1
MortensenS_xxxx__WK025-2-G-48h-04A1_S101__bin.2,MortensenS_xxxx__WK025-2-G-48h-04A1_S101__bin.2,218406/828/1
DeFilippisF_xxxx__DF_88__bin.8,DeFilippisF_xxxx__DF_88__bin.8,218406/829/1
MAG_529,MAG_529,218406/831/1
MASTER_WP4_CSIC_2__P2598__bin.18,MASTER_WP4_CSIC_2__P2598__bin.18,218406/833/1
MASTER_WP4_UNINA_1__AS006_71775__bin.10,MASTER_WP4_UNINA_1__AS006_71775__bin.10,218406/835/1
MASTER_WP4_FFoQSI_1__VB-03-M5__bin.17,MASTER_WP4_FFoQSI_1__VB-03-M5__bin.17,218406/836/1
MortensenS_xxxx__WK004-2-L-08h-01G6_S39__bin.3,MortensenS_xxxx__WK004-2-L-08h-01G6_S39__bin.3,218406/837/1
WolfeBE_2014__950_Rush_Creek__bin.3,WolfeBE_2014__950_Rush_Creek__bin.3,218406/838/1
MASTER_WP4_FFoQSI_1__VB-16-BD__bin.54,MASTER_WP4_FFoQSI_1__VB-16-BD__bin.54,218406/840/1
CM_UNINA_FFOOD__FFOOD_289__bin.8,CM_UNINA_FFOOD__FFOOD_289__bin.8,218406/845/1
KastmanEK_2016__CSB734__bin.5,KastmanEK_2016__CSB734__bin.5,218406/848/1
DeFilippisF_xxxx__DS_2__bin.27,DeFilippisF_xxxx__DS_2__bin.27,218406/849/1
LeechJ_xxxx__AF58__bin.5,LeechJ_xxxx__AF58__bin.5,218406/850/1
DeFilippisF_xxxx__DS_105__bin.18,DeFilippisF_xxxx__DS_105__bin.18,218406/852/1
LeechJ_xxxx__AF66__bin.4,LeechJ_xxxx__AF66__bin.4,218406/854/1
MASTER_WP4_FFoQSI_1__VB-09-M7__bin.47,MASTER_WP4_FFoQSI_1__VB-09-M7__bin.47,218406/855/1
KastmanEK_2016__CSB888__bin.3,KastmanEK_2016__CSB888__bin.3,218406/856/1
MASTER_WP4_FFoQSI_3__VB13-29__bin.36,MASTER_WP4_FFoQSI_3__VB13-29__bin.36,218406/857/1
LeechJ_xxxx__AF82__bin.16,LeechJ_xxxx__AF82__bin.16,218406/865/1
LimaC_2020__SRR9640346__bin.27,LimaC_2020__SRR9640346__bin.27,218406/866/1
MASTER_WP4_FFoQSI_3__VB13-29__bin.7,MASTER_WP4_FFoQSI_3__VB13-29__bin.7,218406/867/1
DuR_2020__DRS139334__bin.9,DuR_2020__DRS139334__bin.9,218406/869/1
KastmanEK_2016__CSB907__bin.3,KastmanEK_2016__CSB907__bin.3,218406/870/1
MASTER_WP4_CSIC_2__P2591__bin.20,MASTER_WP4_CSIC_2__P2591__bin.20,218406/874/1
AlvarezOrdonezA_xxxx__R04-18__bin.10,AlvarezOrdonezA_xxxx__R04-18__bin.10,218406/875/1
YouL_2022__SRR13308525__bin.12,YouL_2022__SRR13308525__bin.12,218406/876/1
MASTER_WP4_TEAGASC_1__TGS11-22__bin.5,MASTER_WP4_TEAGASC_1__TGS11-22__bin.5,218406/877/1
MortensenS_xxxx__WK001-2-G-48h-01C4_S1__bin.7,MortensenS_xxxx__WK001-2-G-48h-01C4_S1__bin.7,218406/879/1
DeFilippisF_xxxx__DF_7__bin.8,DeFilippisF_xxxx__DF_7__bin.8,218406/882/1
CM_UNINA_FFOOD__FFOOD_227__bin.5,CM_UNINA_FFOOD__FFOOD_227__bin.5,218406/884/1
PfeferT_xxxx__SRS2870571__bin.2,PfeferT_xxxx__SRS2870571__bin.2,218406/886/1
MASTER_WP4_FFoQSI_2__VB01-29__bin.4,MASTER_WP4_FFoQSI_2__VB01-29__bin.4,218406/887/1
MASTER_WP4_FFoQSI_1__VB-15-M10__bin.32,MASTER_WP4_FFoQSI_1__VB-15-M10__bin.32,218406/890/1
DuruIC_2018__ERS2061100__bin.2,DuruIC_2018__ERS2061100__bin.2,218406/891/1
LimaC_2020__SRR9640348__bin.8,LimaC_2020__SRR9640348__bin.8,218406/892/1
MASTER_WP4_UNINA_1__GR001_73417__bin.10,MASTER_WP4_UNINA_1__GR001_73417__bin.10,218406/895/1
DeFilippisF_xxxx__DF_37__bin.23,DeFilippisF_xxxx__DF_37__bin.23,218406/898/1
MotaGutierrezJ_2021__SRR11602150__bin.23,MotaGutierrezJ_2021__SRR11602150__bin.23,218406/901/1
BertuzziAS_2018__ERS2032104__bin.7,BertuzziAS_2018__ERS2032104__bin.7,218406/904/1
LandisEA_2021__SRS5653333__bin.1,LandisEA_2021__SRS5653333__bin.1,218406/906/1
MASTER_WP4_FFoQSI_1__VB-03-M6__bin.7,MASTER_WP4_FFoQSI_1__VB-03-M6__bin.7,218406/907/1
MortensenS_xxxx__WK055-2-L-08h-04F4_S20__bin.8,MortensenS_xxxx__WK055-2-L-08h-04F4_S20__bin.8,218406/909/1
MASTER_WP4_CSIC_2__P2554__bin.10,MASTER_WP4_CSIC_2__P2554__bin.10,218406/910/1
MortensenS_xxxx__WK017-2-L-48h-02D5_S92__bin.6,MortensenS_xxxx__WK017-2-L-48h-02D5_S92__bin.6,218406/911/1
MASTER_WP4_TEAGASC_1__TGS04-29__bin.4,MASTER_WP4_TEAGASC_1__TGS04-29__bin.4,218406/913/1
MASTER_WP4_CSIC_2__P2528__bin.6,MASTER_WP4_CSIC_2__P2528__bin.6,218406/914/1
CM_UNINA_FFOOD__FFOOD_415__bin.4,CM_UNINA_FFOOD__FFOOD_415__bin.4,218406/918/1
WalshL_xxxx__E6__bin.2,WalshL_xxxx__E6__bin.2,218406/919/1
LeechJ_xxxx__AF69__bin.8,LeechJ_xxxx__AF69__bin.8,218406/923/1
EBC_133.12,EBC_133.12,218406/924/1
MASTER_WP4_FFoQSI_1__VB-15-M10__bin.12,MASTER_WP4_FFoQSI_1__VB-15-M10__bin.12,218406/927/1
MASTER_WP4_TEAGASC_1__TGS13-29__bin.3,MASTER_WP4_TEAGASC_1__TGS13-29__bin.3,218406/928/1
LeechJ_xxxx__AF26__bin.15,LeechJ_xxxx__AF26__bin.15,218406/929/1
MASTER_WP4_CSIC_2__P2587__bin.1,MASTER_WP4_CSIC_2__P2587__bin.1,218406/930/1
MASTER_WP4_FFoQSI_2__VB16-29__bin.3,MASTER_WP4_FFoQSI_2__VB16-29__bin.3,218406/932/1
LeechJ_xxxx__AF21__bin.7,LeechJ_xxxx__AF21__bin.7,218406/935/1
CM_UNINA_FFOOD__FFOOD_286__bin.4,CM_UNINA_FFOOD__FFOOD_286__bin.4,218406/941/1
MASTER_WP4_CSIC_2__P2561__bin.3,MASTER_WP4_CSIC_2__P2561__bin.3,218406/942/1
LeechJ_2020__ERS3967738__bin.4,LeechJ_2020__ERS3967738__bin.4,218406/943/1
DeFilippisF_xxxx__DF_101__bin.8,DeFilippisF_xxxx__DF_101__bin.8,218406/944/1
MASTER_WP4_FFoQSI_1__VB-09-M7__bin.36,MASTER_WP4_FFoQSI_1__VB-09-M7__bin.36,218406/945/1
DeRoosJ_2020__B13M__bin.3,DeRoosJ_2020__B13M__bin.3,218406/947/1
CM_UNINA_FFOOD__FFOOD_389__bin.1,CM_UNINA_FFOOD__FFOOD_389__bin.1,218406/948/1
DeFilippisF_xxxx__DF_7__bin.19,DeFilippisF_xxxx__DF_7__bin.19,218406/949/1
LeechJ_2020__ERS3967689__bin.5,LeechJ_2020__ERS3967689__bin.5,218406/950/1
G_490_1A_malorum_assembly,G_490_1A_malorum_assembly,218406/959/1
BertuzziAS_2018__ERS2032125__bin.3,BertuzziAS_2018__ERS2032125__bin.3,218406/960/1
MilaniC_2019__SRR7587240__bin.19,MilaniC_2019__SRR7587240__bin.19,218406/962/1
MASTER_WP4_FFoQSI_3__VB02-22__bin.4,MASTER_WP4_FFoQSI_3__VB02-22__bin.4,218406/963/1
MASTER_WP4_TEAGASC_1__TGS04-28__bin.22,MASTER_WP4_TEAGASC_1__TGS04-28__bin.22,218406/964/1
MASTER_WP4_UNINA_1__PA012_73417__bin.7,MASTER_WP4_UNINA_1__PA012_73417__bin.7,218406/965/1
DeFilippisF_xxxx__DF_8__bin.4,DeFilippisF_xxxx__DF_8__bin.4,218406/966/1
CM_UNINA_FFOOD__FFOOD_326__bin.6,CM_UNINA_FFOOD__FFOOD_326__bin.6,218406/967/1
MAG_57,MAG_57,218406/968/1
DeFilippisF_xxxx__DF_34__bin.10,DeFilippisF_xxxx__DF_34__bin.10,218406/974/1
MAG_449,MAG_449,218406/978/1
MASTER_WP4_FFoQSI_1__VB-03-M6__bin.10,MASTER_WP4_FFoQSI_1__VB-03-M6__bin.10,218406/981/1
DeFilippisF_xxxx__DF_96__bin.7,DeFilippisF_xxxx__DF_96__bin.7,218406/982/1
MAG_509,MAG_509,218406/983/1
ChaconVargasK_2020__SRS6087091__bin.5,ChaconVargasK_2020__SRS6087091__bin.5,218406/984/1
MASTER_WP4_UNINA_1__MO005_73417__bin.6,MASTER_WP4_UNINA_1__MO005_73417__bin.6,218406/985/1
DeFilippisF_xxxx__DF_122__bin.4,DeFilippisF_xxxx__DF_122__bin.4,218406/986/1
MAG_418,MAG_418,218406/988/1
MASTER_WP4_FFoQSI_1__VB-15-BD__bin.9,MASTER_WP4_FFoQSI_1__VB-15-BD__bin.9,218406/991/1
FalardeauJ_2023__SRR20811287__bin.3,FalardeauJ_2023__SRR20811287__bin.3,218406/994/1
MortensenS_xxxx__WK002-1-L-48h-01F6_S30__bin.6,MortensenS_xxxx__WK002-1-L-48h-01F6_S30__bin.6,218406/997/1
MASTER_WP4_UNINA_1__PA012_73417__bin.15,MASTER_WP4_UNINA_1__PA012_73417__bin.15,218406/1001/1
MAG_90,MAG_90,218406/1002/1
AlvarezOrdonezA_xxxx__Q07-22__bin.18,AlvarezOrdonezA_xxxx__Q07-22__bin.18,218406/1003/1
MASTER_WP4_TEAGASC_1__TGS10-27__bin.7,MASTER_WP4_TEAGASC_1__TGS10-27__bin.7,218406/1004/1
YulandiA_2020__SRS6115052__bin.2,YulandiA_2020__SRS6115052__bin.2,218406/1005/1
MotaGutierrezJ_2021__SRR11602153__bin.10,MotaGutierrezJ_2021__SRR11602153__bin.10,218406/1007/1
MAG_558,MAG_558,218406/1009/1
MASTER_WP4_FFoQSI_1__VB-09-M7__bin.53,MASTER_WP4_FFoQSI_1__VB-09-M7__bin.53,218406/1011/1
MAG_63,MAG_63,218406/1012/1
LeechJ_2020__ERS3967724__bin.3,LeechJ_2020__ERS3967724__bin.3,218406/1016/1
LeechJ_2020__ERS3967741__bin.11,LeechJ_2020__ERS3967741__bin.11,218406/1019/1
MASTER_WP4_CSIC_1__P2184_73322__bin.5,MASTER_WP4_CSIC_1__P2184_73322__bin.5,218406/1020/1
YouL_2022__SRR13308534__bin.26,YouL_2022__SRR13308534__bin.26,218406/1022/1
MASTER_WP4_CSIC_1__P2143_73322__bin.3,MASTER_WP4_CSIC_1__P2143_73322__bin.3,218406/1023/1
MASTER_WP4_CSIC_1__P2249_73323__bin.28,MASTER_WP4_CSIC_1__P2249_73323__bin.28,218406/1025/1
MASTER_WP4_FFoQSI_1__KM-1G__bin.24,MASTER_WP4_FFoQSI_1__KM-1G__bin.24,218406/1027/1
MotaGutierrezJ_2021__SRR11602154__bin.1,MotaGutierrezJ_2021__SRR11602154__bin.1,218406/1028/1
MASTER_WP4_UNINA_1__MV011_71775__bin.14,MASTER_WP4_UNINA_1__MV011_71775__bin.14,218406/1032/1
CM_UNINA_FFOOD__FFOOD_300__bin.9,CM_UNINA_FFOOD__FFOOD_300__bin.9,218406/1036/1
MASTER_WP4_UNINA_1__MO002_71775__bin.1,MASTER_WP4_UNINA_1__MO002_71775__bin.1,218406/1038/1
WalshAM_2020__ERS3466744__bin.5,WalshAM_2020__ERS3466744__bin.5,218406/1039/1
MASTER_WP4_CSIC_2__P2584__bin.28,MASTER_WP4_CSIC_2__P2584__bin.28,218406/1041/1
WolfeBE_2014__491_Bayley__bin.8,WolfeBE_2014__491_Bayley__bin.8,218406/1042/1
PfeferT_xxxx__SRS2870591__bin.1,PfeferT_xxxx__SRS2870591__bin.1,218406/1043/1
MAG_125,MAG_125,218406/1044/1
MASTER_WP4_FFoQSI_1__DC18-032__bin.5,MASTER_WP4_FFoQSI_1__DC18-032__bin.5,218406/1045/1
MASTER_WP4_FFoQSI_1__VB-14D__bin.53,MASTER_WP4_FFoQSI_1__VB-14D__bin.53,218406/1048/1
FranciosaI_2021__SRR12227956__bin.2,FranciosaI_2021__SRR12227956__bin.2,218406/1052/1
MASTER_WP4_UNINA_2__V-23__bin.12,MASTER_WP4_UNINA_2__V-23__bin.12,218406/1057/1
LeechJ_xxxx__AF84__bin.10,LeechJ_xxxx__AF84__bin.10,218406/1058/1
MASTER_WP4_CSIC_1__P2137_73322__bin.60,MASTER_WP4_CSIC_1__P2137_73322__bin.60,218406/1059/1
MASTER_WP4_UNINA_1__AS212_71775__bin.12,MASTER_WP4_UNINA_1__AS212_71775__bin.12,218406/1060/1
MASTER_WP4_TEAGASC_1__TGS13-30__bin.7,MASTER_WP4_TEAGASC_1__TGS13-30__bin.7,218406/1061/1
MAG_174,MAG_174,218406/1062/1
MASTER_WP4_CSIC_2__P2627__bin.5,MASTER_WP4_CSIC_2__P2627__bin.5,218406/1064/1
MASTER_WP4_UNINA_1__FO011_71775__bin.8,MASTER_WP4_UNINA_1__FO011_71775__bin.8,218406/1066/1
MASTER_WP4_CSIC_1__P2247_73323__bin.27,MASTER_WP4_CSIC_1__P2247_73323__bin.27,218406/1067/1
MAG_356,MAG_356,218406/1075/1
CM_UNINA_FFOOD__FFOOD_367__bin.4,CM_UNINA_FFOOD__FFOOD_367__bin.4,218406/1076/1
MASTER_WP4_CSIC_2__P2604__bin.13,MASTER_WP4_CSIC_2__P2604__bin.13,218406/1077/1
PothakosV_2020__ERS2068299__bin.29,PothakosV_2020__ERS2068299__bin.29,218406/1079/1
MAG_187,MAG_187,218406/1080/1
FalardeauJ_2023__SRR20811293__bin.3,FalardeauJ_2023__SRR20811293__bin.3,218406/1081/1
MAG_307,MAG_307,218406/1083/1
MASTER_WP4_CSIC_2__P2608__bin.7,MASTER_WP4_CSIC_2__P2608__bin.7,218406/1084/1
LiZ_2018__SRS2920550__bin.19,LiZ_2018__SRS2920550__bin.19,218406/1086/1
LeechJ_xxxx__AF17__bin.1,LeechJ_xxxx__AF17__bin.1,218406/1091/1
PothakosV_2020__ERS2068298__bin.20,PothakosV_2020__ERS2068298__bin.20,218406/1095/1
LeechJ_2020__ERS3967690__bin.1,LeechJ_2020__ERS3967690__bin.1,218406/1096/1
MAG_140,MAG_140,218406/1097/1
DeFilippisF_xxxx__DS_72__bin.6,DeFilippisF_xxxx__DS_72__bin.6,218406/1098/1
YouL_2022__SRR13308523__bin.20,YouL_2022__SRR13308523__bin.20,218406/1099/1
MAG_8,MAG_8,218406/1100/1
MASTER_WP4_CSIC_1__P2146_73322__bin.4,MASTER_WP4_CSIC_1__P2146_73322__bin.4,218406/1102/1
MASTER_WP4_CSIC_2__P2597__bin.12,MASTER_WP4_CSIC_2__P2597__bin.12,218406/1103/1
DeFilippisF_xxxx__DF_96__bin.15,DeFilippisF_xxxx__DF_96__bin.15,218406/1105/1
ShangpliangH_2023_b__SRR22851058__bin.4,ShangpliangH_2023_b__SRR22851058__bin.4,218406/1113/1
MASTER_WP4_UNINA_2__O-25.1__bin.19,MASTER_WP4_UNINA_2__O-25.1__bin.19,218406/1114/1
AlvarezOrdonezA_xxxx__R03-19__bin.28,AlvarezOrdonezA_xxxx__R03-19__bin.28,218406/1115/1
MagliuloR_2024__SRR28235361__bin.5,MagliuloR_2024__SRR28235361__bin.5,218406/1116/1
CM_UNINA_FFOOD__FFOOD_283__bin.7,CM_UNINA_FFOOD__FFOOD_283__bin.7,218406/1117/1
MAG_391,MAG_391,218406/1118/1
YouL_2022__SRR13308523__bin.9,YouL_2022__SRR13308523__bin.9,218406/1119/1
ODFM-BA-A-0067-003_Leuconostoc_mesenteroides_subsp._mesenteroides_CBA3607,ODFM-BA-A-0067-003_Leuconostoc_mesenteroides_subsp._mesenteroides_CBA3607,218406/1121/1
MASTER_WP4_FFoQSI_1__RC17-F-AR__bin.6,MASTER_WP4_FFoQSI_1__RC17-F-AR__bin.6,218406/1123/1
MASTER_WP4_FFoQSI_1__KM-5G__bin.38,MASTER_WP4_FFoQSI_1__KM-5G__bin.38,218406/1130/1
MortensenS_xxxx__WK053-2-L-08h-04E5_S12__bin.4,MortensenS_xxxx__WK053-2-L-08h-04E5_S12__bin.4,218406/1131/1
DeFilippisF_xxxx__DF_41__bin.22,DeFilippisF_xxxx__DF_41__bin.22,218406/1134/1
MAG_333,MAG_333,218406/1135/1
LeechJ_2020__ERS3967703__bin.6,LeechJ_2020__ERS3967703__bin.6,218406/1136/1
LiZ_2018__SRS2920551__bin.1,LiZ_2018__SRS2920551__bin.1,218406/1137/1
LiZ_2018__SRS2920551__bin.24,LiZ_2018__SRS2920551__bin.24,218406/1139/1
DeFilippisF_xxxx__DF_79__bin.8,DeFilippisF_xxxx__DF_79__bin.8,218406/1142/1
O4_bin.circ.1,O4_bin.circ.1,218406/1143/1
MAG_362,MAG_362,218406/1146/1
AlvarezOrdonezA_xxxx__Q01-23__bin.5,AlvarezOrdonezA_xxxx__Q01-23__bin.5,218406/1149/1
WalshL_xxxx__D2__bin.2,WalshL_xxxx__D2__bin.2,218406/1151/1
LordanR_2019__ERS2955444__bin.1,LordanR_2019__ERS2955444__bin.1,218406/1153/1
FalardeauJ_2023__SRR20811132__bin.11,FalardeauJ_2023__SRR20811132__bin.11,218406/1154/1
MAG_372,MAG_372,218406/1155/1
CM_UNINA_FFOOD__FFOOD_353__bin.17,CM_UNINA_FFOOD__FFOOD_353__bin.17,218406/1159/1
AlvarezOrdonezA_xxxx__Q02-28__bin.20,AlvarezOrdonezA_xxxx__Q02-28__bin.20,218406/1161/1
MASTER_WP4_FFoQSI_3__VB14-22__bin.35,MASTER_WP4_FFoQSI_3__VB14-22__bin.35,218406/1163/1
MortensenS_xxxx__WK064-2-L-48h-05A5_S57__bin.6,MortensenS_xxxx__WK064-2-L-48h-05A5_S57__bin.6,218406/1165/1
MASTER_WP4_TEAGASC_1__TGS08-29__bin.73,MASTER_WP4_TEAGASC_1__TGS08-29__bin.73,218406/1166/1
WalshL_xxxx__H3_S87__bin.26,WalshL_xxxx__H3_S87__bin.26,218406/1167/1
AlvarezOrdonezA_xxxx__C08-18__bin.8,AlvarezOrdonezA_xxxx__C08-18__bin.8,218406/1169/1
MASTER_WP4_UNINA_1__FO005_71775__bin.14,MASTER_WP4_UNINA_1__FO005_71775__bin.14,218406/1170/1
LeechJ_xxxx__AF88__bin.5,LeechJ_xxxx__AF88__bin.5,218406/1171/1
MASTER_WP4_UNINA_1__TA011_71775__bin.29,MASTER_WP4_UNINA_1__TA011_71775__bin.29,218406/1172/1
LeechJ_xxxx__AF41__bin.5,LeechJ_xxxx__AF41__bin.5,218406/1180/1
MAG_323,MAG_323,218406/1183/1
MASTER_WP4_CSIC_2__P2548__bin.4,MASTER_WP4_CSIC_2__P2548__bin.4,218406/1184/1
MASTER_WP4_CSIC_2__P2576__bin.5,MASTER_WP4_CSIC_2__P2576__bin.5,218406/1185/1
WalshAM_2020__ERS3466792__bin.4,WalshAM_2020__ERS3466792__bin.4,218406/1186/1
LandisEA_2021__SRS5653155__bin.4,LandisEA_2021__SRS5653155__bin.4,218406/1187/1
MASTER_WP4_TEAGASC_1__TGS08-29__bin.22,MASTER_WP4_TEAGASC_1__TGS08-29__bin.22,218406/1188/1
FalardeauJ_2023__SRR20811276__bin.13,FalardeauJ_2023__SRR20811276__bin.13,218406/1189/1
LeechJ_xxxx__AF27__bin.2,LeechJ_xxxx__AF27__bin.2,218406/1190/1
MASTER_WP4_CSIC_1__P2236_73323__bin.2,MASTER_WP4_CSIC_1__P2236_73323__bin.2,218406/1196/1
MASTER_WP4_CSIC_1__P2249_73323__bin.5,MASTER_WP4_CSIC_1__P2249_73323__bin.5,218406/1200/1
DeFilippisF_xxxx__DS_97__bin.2,DeFilippisF_xxxx__DS_97__bin.2,218406/1202/1
MASTER_WP4_FFoQSI_1__VB-05-BD__bin.25,MASTER_WP4_FFoQSI_1__VB-05-BD__bin.25,218406/1203/1
LeechJ_2020__ERS3967712__bin.13,LeechJ_2020__ERS3967712__bin.13,218406/1204/1
DecadtH_2024__ERR11718195__bin.6,DecadtH_2024__ERR11718195__bin.6,218406/1206/1
MortensenS_xxxx__WK048-1-L-48h-03I7_S98__bin.10,MortensenS_xxxx__WK048-1-L-48h-03I7_S98__bin.10,218406/1207/1
Wy5_bin.lin.34,Wy5_bin.lin.34,218406/1208/1
MAG_101,MAG_101,218406/1210/1
LeechJ_xxxx__AF26__bin.8,LeechJ_xxxx__AF26__bin.8,218406/1213/1
MASTER_WP4_CSIC_1__P2137_73322__bin.15,MASTER_WP4_CSIC_1__P2137_73322__bin.15,218406/1215/1
MASTER_WP4_TEAGASC_1__TGS07-22__bin.7,MASTER_WP4_TEAGASC_1__TGS07-22__bin.7,218406/1218/1
MAG_381,MAG_381,218406/1221/1
MASTER_WP4_TEAGASC_1__TGS12-29__bin.6,MASTER_WP4_TEAGASC_1__TGS12-29__bin.6,218406/1222/1
MortensenS_xxxx__WK022-1-L-48h-02F8_S113__bin.13,MortensenS_xxxx__WK022-1-L-48h-02F8_S113__bin.13,218406/1223/1
MASTER_WP4_UNINA_1__CS005_71775__bin.4,MASTER_WP4_UNINA_1__CS005_71775__bin.4,218406/1228/1
MASTER_WP4_CSIC_2__P2558__bin.48,MASTER_WP4_CSIC_2__P2558__bin.48,218406/1229/1
MAG_150,MAG_150,218406/1230/1
MortensenS_xxxx__WK053-1-L-48h-04E4_S11__bin.2,MortensenS_xxxx__WK053-1-L-48h-04E4_S11__bin.2,218406/1231/1
WalshL_xxxx__B7__bin.3,WalshL_xxxx__B7__bin.3,218406/1232/1
MASTER_WP4_CSIC_2__P2630__bin.24,MASTER_WP4_CSIC_2__P2630__bin.24,218406/1234/1
AlvarezOrdonezA_xxxx__Q03-28__bin.7,AlvarezOrdonezA_xxxx__Q03-28__bin.7,218406/1238/1
DeFilippisF_xxxx__DS_69__bin.11,DeFilippisF_xxxx__DS_69__bin.11,218406/1239/1
AlvarezOrdonezA_xxxx__Q08-30__bin.23,AlvarezOrdonezA_xxxx__Q08-30__bin.23,218406/1245/1
FontanaF_2023__SRR20746838__bin.3,FontanaF_2023__SRR20746838__bin.3,218406/1246/1
CM_UNINA_FFOOD__FFOOD_323__bin.10,CM_UNINA_FFOOD__FFOOD_323__bin.10,218406/1247/1
MAG_317,MAG_317,218406/1249/1
LeechJ_xxxx__AF94__bin.2,LeechJ_xxxx__AF94__bin.2,218406/1250/1
FalardeauJ_2023__SRR20811276__bin.7,FalardeauJ_2023__SRR20811276__bin.7,218406/1251/1
FalardeauJ_2023__SRR20811223__bin.13,FalardeauJ_2023__SRR20811223__bin.13,218406/1253/1
MASTER_WP4_FFoQSI_3__VB14-22__bin.50,MASTER_WP4_FFoQSI_3__VB14-22__bin.50,218406/1255/1
MASTER_WP4_FFoQSI_2__VB06-21__bin.7,MASTER_WP4_FFoQSI_2__VB06-21__bin.7,218406/1256/1
MASTER_WP4_UNINA_2__V-29__bin.29,MASTER_WP4_UNINA_2__V-29__bin.29,218406/1259/1
CM_UNINA_FFOOD__FFOOD_282__bin.13,CM_UNINA_FFOOD__FFOOD_282__bin.13,218406/1264/1
LeechJ_xxxx__AF63__bin.3,LeechJ_xxxx__AF63__bin.3,218406/1265/1
DeFilippisF_xxxx__DF_67__bin.3,DeFilippisF_xxxx__DF_67__bin.3,218406/1267/1
MAG_197,MAG_197,218406/1268/1
MASTER_WP4_FFoQSI_1__VB-14-M18__bin.47,MASTER_WP4_FFoQSI_1__VB-14-M18__bin.47,218406/1269/1
MAG_346,MAG_346,218406/1270/1
WalshL_xxxx__G2__bin.1,WalshL_xxxx__G2__bin.1,218406/1273/1
MASTER_WP4_TEAGASC_1__TGS10-26__bin.10,MASTER_WP4_TEAGASC_1__TGS10-26__bin.10,218406/1274/1
MortensenS_xxxx__WK018T-2-L-04h-05E5_S93__bin.4,MortensenS_xxxx__WK018T-2-L-04h-05E5_S93__bin.4,218406/1280/1
ODFM-BA-A-0009-005_Bacillus_velezensis_YJ11-1-4,ODFM-BA-A-0009-005_Bacillus_velezensis_YJ11-1-4,218406/1282/1
ZhaoCC_2020__SRS5803194__bin.24,ZhaoCC_2020__SRS5803194__bin.24,218406/1283/1
CM_UNINA_FFOOD__FFOOD_375__bin.1,CM_UNINA_FFOOD__FFOOD_375__bin.1,218406/1285/1
MAG_164,MAG_164,218406/1287/1
KastmanEK_2016__CSB720__bin.1,KastmanEK_2016__CSB720__bin.1,218406/1288/1
LeechJ_2020__ERS3967722__bin.6,LeechJ_2020__ERS3967722__bin.6,218406/1289/1
KastmanEK_2016__CSB600__bin.6,KastmanEK_2016__CSB600__bin.6,218406/1290/1
MASTER_WP4_CSIC_2__P2594__bin.11,MASTER_WP4_CSIC_2__P2594__bin.11,218406/1292/1
KharnaiorP_2023__SRR22859379__bin.2,KharnaiorP_2023__SRR22859379__bin.2,218406/1294/1
MASTER_WP4_UNINA_1__AS001_71775__bin.8,MASTER_WP4_UNINA_1__AS001_71775__bin.8,218406/1298/1
LeechJ_xxxx__AF14__bin.7,LeechJ_xxxx__AF14__bin.7,218406/1302/1
AlvarezOrdonezA_xxxx__C06-18__bin.5,AlvarezOrdonezA_xxxx__C06-18__bin.5,218406/1303/1
MAG_135,MAG_135,218406/1305/1
MASTER_WP4_CSIC_1__P2137_73322__bin.21,MASTER_WP4_CSIC_1__P2137_73322__bin.21,218406/1306/1
EBC_090.9,EBC_090.9,218406/1307/1
LimaC_2020__SRR9640350__bin.18,LimaC_2020__SRR9640350__bin.18,218406/1309/1
MortensenS_xxxx__WK024-1-L-48h-02G7_S121__bin.8,MortensenS_xxxx__WK024-1-L-48h-02G7_S121__bin.8,218406/1311/1
FerrocinoI_2018__SRS1779545__bin.1,FerrocinoI_2018__SRS1779545__bin.1,218406/1313/1
ChaconVargasK_2020__SRS6087089__bin.15,ChaconVargasK_2020__SRS6087089__bin.15,218406/1314/1
MASTER_WP4_FFoQSI_2__VB05-29__bin.31,MASTER_WP4_FFoQSI_2__VB05-29__bin.31,218406/1315/1
MASTER_WP4_UNINA_2__V-26.1__bin.7,MASTER_WP4_UNINA_2__V-26.1__bin.7,218406/1319/1
MASTER_WP4_FFoQSI_3__VB13-29__bin.32,MASTER_WP4_FFoQSI_3__VB13-29__bin.32,218406/1322/1
LimaC_2020__SRR9640346__bin.23,LimaC_2020__SRR9640346__bin.23,218406/1326/1
MASTER_WP4_UNINA_1__FO007_71775__bin.38,MASTER_WP4_UNINA_1__FO007_71775__bin.38,218406/1328/1
MASTER_WP4_CSIC_1__P2246_73323__bin.19,MASTER_WP4_CSIC_1__P2246_73323__bin.19,218406/1329/1
ShangpliangH_2023_a__SRR22851167__bin.3,ShangpliangH_2023_a__SRR22851167__bin.3,218406/1330/1
MASTER_WP4_FFoQSI_2__VB16-29__bin.21,MASTER_WP4_FFoQSI_2__VB16-29__bin.21,218406/1331/1
MASTER_WP4_FFoQSI_1__DC18-F-BR__bin.3,MASTER_WP4_FFoQSI_1__DC18-F-BR__bin.3,218406/1332/1
LeechJ_xxxx__AF48__bin.8,LeechJ_xxxx__AF48__bin.8,218406/1335/1
MortensenS_xxxx__WK026-2-L-08h-02I1_S11__bin.8,MortensenS_xxxx__WK026-2-L-08h-02I1_S11__bin.8,218406/1337/1
MS_bin.1,MS_bin.1,218406/1340/1
PothakosV_2020__ERS2068300__bin.24,PothakosV_2020__ERS2068300__bin.24,218406/1344/1
MASTER_WP4_FFoQSI_1__RC17-F-AR__bin.48,MASTER_WP4_FFoQSI_1__RC17-F-AR__bin.48,218406/1346/1
MASTER_WP4_TEAGASC_1__TGS07-23__bin.11,MASTER_WP4_TEAGASC_1__TGS07-23__bin.11,218406/1347/1
MortensenS_xxxx__WK057-1-L-48h-04G2_S27__bin.5,MortensenS_xxxx__WK057-1-L-48h-04G2_S27__bin.5,218406/1352/1
LeechJ_2020__ERS3967736__bin.6,LeechJ_2020__ERS3967736__bin.6,218406/1353/1
MASTER_WP4_UNINA_1__SF013_71775__bin.2,MASTER_WP4_UNINA_1__SF013_71775__bin.2,218406/1354/1
We6_bin.full.92,We6_bin.full.92,218406/1355/1
MASTER_WP4_FFoQSI_2__VB03-29__bin.33,MASTER_WP4_FFoQSI_2__VB03-29__bin.33,218406/1356/1
MortensenS_xxxx__WK025-1-L-08h-02H4_S5__bin.5,MortensenS_xxxx__WK025-1-L-08h-02H4_S5__bin.5,218406/1357/1
MASTER_WP4_FFoQSI_3__VB07-22__bin.11,MASTER_WP4_FFoQSI_3__VB07-22__bin.11,218406/1358/1
MAG_548,MAG_548,218406/1359/1
MASTER_WP4_FFoQSI_3__VB13-30__bin.17,MASTER_WP4_FFoQSI_3__VB13-30__bin.17,218406/1364/1
AlvarezOrdonezA_xxxx__C04-18__bin.6,AlvarezOrdonezA_xxxx__C04-18__bin.6,218406/1366/1
MortensenS_xxxx__WK014-2-G-48h-01D8_S14__bin.3,MortensenS_xxxx__WK014-2-G-48h-01D8_S14__bin.3,218406/1372/1
MAG_408,MAG_408,218406/1373/1
MAG_80,MAG_80,218406/1374/1
MortensenS_xxxx__WK036-2-L-48h-03D6_S52__bin.7,MortensenS_xxxx__WK036-2-L-48h-03D6_S52__bin.7,218406/1375/1
FontanaF_2023__SRR20746874__bin.5,FontanaF_2023__SRR20746874__bin.5,218406/1376/1
DeFilippisF_xxxx__DS_105__bin.5,DeFilippisF_xxxx__DS_105__bin.5,218406/1377/1
AlvarezOrdonezA_xxxx__F03-19__bin.3,AlvarezOrdonezA_xxxx__F03-19__bin.3,218406/1378/1
MASTER_WP4_CSIC_2__P2610__bin.16,MASTER_WP4_CSIC_2__P2610__bin.16,218406/1383/1
MASTER_WP4_TEAGASC_1__TGS11-22__bin.1,MASTER_WP4_TEAGASC_1__TGS11-22__bin.1,218406/1384/1
LeechJ_2020__ERS3967727__bin.5,LeechJ_2020__ERS3967727__bin.5,218406/1386/1
LeechJ_xxxx__AF49__bin.2,LeechJ_xxxx__AF49__bin.2,218406/1392/1
MAG_519,MAG_519,218406/1393/1
LeechJ_xxxx__AF80__bin.2,LeechJ_xxxx__AF80__bin.2,218406/1394/1
MASTER_WP4_UNINA_1__PR012_71775__bin.8,MASTER_WP4_UNINA_1__PR012_71775__bin.8,218406/1395/1
MortensenS_xxxx__WK034-2-L-08h-03C6_S43__bin.8,MortensenS_xxxx__WK034-2-L-08h-03C6_S43__bin.8,218406/1396/1
MAG_459,MAG_459,218406/1397/1
KastmanEK_2016__CSB694__bin.3,KastmanEK_2016__CSB694__bin.3,218406/1398/1
LeechJ_2020__ERS3967696__bin.4,LeechJ_2020__ERS3967696__bin.4,218406/1399/1
MASTER_WP4_TEAGASC_1__TGS02-22__bin.4,MASTER_WP4_TEAGASC_1__TGS02-22__bin.4,218406/1404/1
MAG_47,MAG_47,218406/1406/1
DeFilippisF_xxxx__DS_2__bin.17,DeFilippisF_xxxx__DS_2__bin.17,218406/1411/1
MASTER_WP4_CSIC_1__P2240_73323__bin.10,MASTER_WP4_CSIC_1__P2240_73323__bin.10,218406/1412/1
BertuzziAS_2018__ERS2032109__bin.7,BertuzziAS_2018__ERS2032109__bin.7,218406/1414/1
LeechJ_xxxx__AF22__bin.1,LeechJ_xxxx__AF22__bin.1,218406/1415/1
MASTER_WP4_FFoQSI_3__VB07-29__bin.6,MASTER_WP4_FFoQSI_3__VB07-29__bin.6,218406/1416/1
MAG_16,MAG_16,218406/1417/1
DeFilippisF_xxxx__DS_64__bin.15,DeFilippisF_xxxx__DS_64__bin.15,218406/1418/1
FalardeauJ_2023__SRR20811179__bin.4,FalardeauJ_2023__SRR20811179__bin.4,218406/1420/1
MortensenS_xxxx__WK003-1-L-08h-01F9_S33__bin.9,MortensenS_xxxx__WK003-1-L-08h-01F9_S33__bin.9,218406/1422/1
MASTER_WP4_FFoQSI_1__KM-1D__bin.27,MASTER_WP4_FFoQSI_1__KM-1D__bin.27,218406/1424/1
MASTER_WP4_FFoQSI_2__VB03-21__bin.4,MASTER_WP4_FFoQSI_2__VB03-21__bin.4,218406/1428/1
WalshL_xxxx__E10__bin.4,WalshL_xxxx__E10__bin.4,218406/1432/1
WalshAM_2020__ERS3466760__bin.6,WalshAM_2020__ERS3466760__bin.6,218406/1433/1
MASTER_WP4_UNINA_1__SR008_71775__bin.19,MASTER_WP4_UNINA_1__SR008_71775__bin.19,218406/1434/1
AlvarezOrdonezA_xxxx__C03-18__bin.6,AlvarezOrdonezA_xxxx__C03-18__bin.6,218406/1437/1
MASTER_WP4_CSIC_2__P2504__bin.2,MASTER_WP4_CSIC_2__P2504__bin.2,218406/1439/1
DeFilippisF_xxxx__DF_37__bin.2,DeFilippisF_xxxx__DF_37__bin.2,218406/1440/1
MASTER_WP4_UNINA_2__M-27__bin.15,MASTER_WP4_UNINA_2__M-27__bin.15,218406/1441/1
FontanaF_2023__SRR20746976__bin.4,FontanaF_2023__SRR20746976__bin.4,218406/1444/1
MASTER_WP4_TEAGASC_1__TGS06-30__bin.7,MASTER_WP4_TEAGASC_1__TGS06-30__bin.7,218406/1445/1
LopezSanchezR_2023__SRR13708567__bin.3,LopezSanchezR_2023__SRR13708567__bin.3,218406/1449/1
MortensenS_xxxx__WK056-2-L-08h-04F8_S24__bin.13,MortensenS_xxxx__WK056-2-L-08h-04F8_S24__bin.13,218406/1450/1
MASTER_WP4_FFoQSI_2__VB16-30__bin.30,MASTER_WP4_FFoQSI_2__VB16-30__bin.30,218406/1453/1
YouL_2022__SRR13308542__bin.1,YouL_2022__SRR13308542__bin.1,218406/1455/1
MortensenS_xxxx__WK069-2-L-48h-05D2_S81__bin.6,MortensenS_xxxx__WK069-2-L-48h-05D2_S81__bin.6,218406/1457/1
LeechJ_xxxx__AF55__bin.11,LeechJ_xxxx__AF55__bin.11,218406/1458/1
CM_UNINA_FFOOD__FFOOD_343__bin.7,CM_UNINA_FFOOD__FFOOD_343__bin.7,218406/1459/1
MotaGutierrezJ_2021__SRR11602141__bin.22,MotaGutierrezJ_2021__SRR11602141__bin.22,218406/1462/1
MASTER_WP4_FFoQSI_3__VB13-30__bin.23,MASTER_WP4_FFoQSI_3__VB13-30__bin.23,218406/1463/1
MASTER_WP4_FFoQSI_3__VB13-30__bin.32,MASTER_WP4_FFoQSI_3__VB13-30__bin.32,218406/1465/1
MASTER_WP4_UNINA_1__AS102_71775__bin.5,MASTER_WP4_UNINA_1__AS102_71775__bin.5,218406/1467/1
MortensenS_xxxx__WK010-1-L-08h-02A1_S61__bin.6,MortensenS_xxxx__WK010-1-L-08h-02A1_S61__bin.6,218406/1472/1
MASTER_WP4_FFoQSI_2__VB08-26__bin.4,MASTER_WP4_FFoQSI_2__VB08-26__bin.4,218406/1475/1
MortensenS_xxxx__WK018T-1-L-04h-05E4_S92__bin.1,MortensenS_xxxx__WK018T-1-L-04h-05E4_S92__bin.1,218406/1476/1
LeechJ_xxxx__AF47__bin.1,LeechJ_xxxx__AF47__bin.1,218406/1477/1
O2_bin.circ.2,O2_bin.circ.2,218406/1478/1
DeFilippisF_xxxx__DF_100__bin.3,DeFilippisF_xxxx__DF_100__bin.3,218406/1479/1
EBC_110.6,EBC_110.6,218406/1481/1
CM_UNINA_FFOOD__FFOOD_337__bin.4,CM_UNINA_FFOOD__FFOOD_337__bin.4,218406/1482/1
LeechJ_xxxx__AF57__bin.8,LeechJ_xxxx__AF57__bin.8,218406/1485/1
LeechJ_xxxx__AF26__bin.14,LeechJ_xxxx__AF26__bin.14,218406/1486/1
CM_UNINA_FFOOD__FFOOD_347__bin.13,CM_UNINA_FFOOD__FFOOD_347__bin.13,218406/1492/1
MASTER_WP4_UNINA_1__PU010_71775__bin.29,MASTER_WP4_UNINA_1__PU010_71775__bin.29,218406/1494/1
BertuzziAS_2018__ERS2032124__bin.8,BertuzziAS_2018__ERS2032124__bin.8,218406/1495/1
MASTER_WP4_UNINA_1__PR005_71775__bin.12,MASTER_WP4_UNINA_1__PR005_71775__bin.12,218406/1497/1
OlgaP_2019__SRR11909887__bin.1,OlgaP_2019__SRR11909887__bin.1,218406/1498/1
LimaC_2020__SRR9640356__bin.6,LimaC_2020__SRR9640356__bin.6,218406/1499/1
MASTER_WP4_UNINA_1__SC109_71775__bin.11,MASTER_WP4_UNINA_1__SC109_71775__bin.11,218406/1500/1
BertuzziAS_2018__ERS2032116__bin.10,BertuzziAS_2018__ERS2032116__bin.10,218406/1502/1
FalardeauJ_2023__SRR20811133__bin.6,FalardeauJ_2023__SRR20811133__bin.6,218406/1503/1
LeechJ_2020__ERS3967738__bin.5,LeechJ_2020__ERS3967738__bin.5,218406/1511/1
MASTER_WP4_FFoQSI_1__VB-16-M15__bin.7,MASTER_WP4_FFoQSI_1__VB-16-M15__bin.7,218406/1513/1
MotaGutierrezJ_2021__SRR11602149__bin.27,MotaGutierrezJ_2021__SRR11602149__bin.27,218406/1514/1
YouL_2022__SRR13308541__bin.6,YouL_2022__SRR13308541__bin.6,218406/1515/1
MASTER_WP4_UNINA_1__PR102_71775__bin.12,MASTER_WP4_UNINA_1__PR102_71775__bin.12,218406/1516/1
MacoriG_2019__CS_R33__bin.1,MacoriG_2019__CS_R33__bin.1,218406/1517/1
DeRoosJ_2020__B13M__bin.2,DeRoosJ_2020__B13M__bin.2,218406/1518/1
MASTER_WP4_FFoQSI_2__VB15-22__bin.13,MASTER_WP4_FFoQSI_2__VB15-22__bin.13,218406/1519/1
BertuzziAS_2018__ERS2032125__bin.2,BertuzziAS_2018__ERS2032125__bin.2,218406/1520/1
LandisEA_2021__SRS5653374__bin.3,LandisEA_2021__SRS5653374__bin.3,218406/1521/1
CM_UNINA_FFOOD__FFOOD_297__bin.6,CM_UNINA_FFOOD__FFOOD_297__bin.6,218406/1531/1
MASTER_WP4_FFoQSI_3__VB02-22__bin.5,MASTER_WP4_FFoQSI_3__VB02-22__bin.5,218406/1533/1
LimaC_2020__SRR9640347__bin.5,LimaC_2020__SRR9640347__bin.5,218406/1534/1
MASTER_WP4_FFoQSI_2__VB03-29__bin.16,MASTER_WP4_FFoQSI_2__VB03-29__bin.16,218406/1535/1
MAG_56,MAG_56,218406/1536/1
DeRoosJ_2020__B24M__bin.2,DeRoosJ_2020__B24M__bin.2,218406/1537/1
MASTER_WP4_UNINA_1__PA012_73417__bin.6,MASTER_WP4_UNINA_1__PA012_73417__bin.6,218406/1538/1
LeechJ_xxxx__AF68__bin.3,LeechJ_xxxx__AF68__bin.3,218406/1543/1
MAG_448,MAG_448,218406/1544/1
CM_UNINA_FFOOD__FFOOD_284__bin.10,CM_UNINA_FFOOD__FFOOD_284__bin.10,218406/1547/1
WolfeBE_2014__575_CabotClothbound__bin.5,WolfeBE_2014__575_CabotClothbound__bin.5,218406/1550/1
MASTER_WP4_UNINA_2__V-22__bin.9,MASTER_WP4_UNINA_2__V-22__bin.9,218406/1551/1
DeFilippisF_xxxx__DS_55__bin.2,DeFilippisF_xxxx__DS_55__bin.2,218406/1552/1
MortensenS_xxxx__WK064-2-L-08h-05A4_S56__bin.12,MortensenS_xxxx__WK064-2-L-08h-05A4_S56__bin.12,218406/1554/1
AlvarezOrdonezA_xxxx__Q07-22__bin.19,AlvarezOrdonezA_xxxx__Q07-22__bin.19,218406/1555/1
MASTER_WP4_CSIC_2__P2545__bin.25,MASTER_WP4_CSIC_2__P2545__bin.25,218406/1556/1
MAG_91,MAG_91,218406/1558/1
DeFilippisF_xxxx__DF_61__bin.7,DeFilippisF_xxxx__DF_61__bin.7,218406/1562/1
FalardeauJ_2023__SRR20811287__bin.2,FalardeauJ_2023__SRR20811287__bin.2,218406/1564/1
MAG_419,MAG_419,218406/1568/1
YuY_2022__SRR16950697__bin.3,YuY_2022__SRR16950697__bin.3,218406/1571/1
MortensenS_xxxx__WK031-1-L-48h-03B2_S30__bin.1,MortensenS_xxxx__WK031-1-L-48h-03B2_S30__bin.1,218406/1572/1
DeFilippisF_xxxx__DF_39__bin.1,DeFilippisF_xxxx__DF_39__bin.1,218406/1573/1
MASTER_WP4_FFoQSI_1__RC17-032__bin.4,MASTER_WP4_FFoQSI_1__RC17-032__bin.4,218406/1574/1
WalshAM_2020__ERS3466719__bin.1,WalshAM_2020__ERS3466719__bin.1,218406/1575/1
LeechJ_xxxx__AF56__bin.13,LeechJ_xxxx__AF56__bin.13,218406/1576/1
MASTER_WP4_FFoQSI_2__VB16-30__bin.15,MASTER_WP4_FFoQSI_2__VB16-30__bin.15,218406/1577/1
FontanaF_2023__SRR20746877__bin.2,FontanaF_2023__SRR20746877__bin.2,218406/1578/1
CM_UNINA_FFOOD__FFOOD_304__bin.1,CM_UNINA_FFOOD__FFOOD_304__bin.1,218406/1585/1
LeechJ_2020__ERS3967741__bin.10,LeechJ_2020__ERS3967741__bin.10,218406/1590/1
MAG_62,MAG_62,218406/1591/1
MASTER_WP4_FFoQSI_1__VB-14-M17__bin.19,MASTER_WP4_FFoQSI_1__VB-14-M17__bin.19,218406/1592/1
MASTER_WP4_UNINA_2__E-22__bin.3,MASTER_WP4_UNINA_2__E-22__bin.3,218406/1593/1
MASTER_WP4_FFoQSI_1__VB-16-BD__bin.41,MASTER_WP4_FFoQSI_1__VB-16-BD__bin.41,218406/1594/1
YasirM_2022__SRR18335014__bin.2,YasirM_2022__SRR18335014__bin.2,218406/1595/1
EBC_113.1,EBC_113.1,218406/1596/1
AlvarezOrdonezA_xxxx__Q04-23__bin.7,AlvarezOrdonezA_xxxx__Q04-23__bin.7,218406/1598/1
G_272_1B_malorum_assembly,G_272_1B_malorum_assembly,218406/1602/1
DeFilippisF_xxxx__DF_28__bin.2,DeFilippisF_xxxx__DF_28__bin.2,218406/1605/1
MAG_33,MAG_33,218406/1607/1
ODFM-BA-A-0142-001_Halomonas_nigrificans_MBT_G8648,ODFM-BA-A-0142-001_Halomonas_nigrificans_MBT_G8648,218406/1608/1
MortensenS_xxxx__WK003-2-G-48h-01C6_S3__bin.7,MortensenS_xxxx__WK003-2-G-48h-01C6_S3__bin.7,218406/1609/1
G_35_1B_malorum_assembly,G_35_1B_malorum_assembly,218406/1611/1
Nixt_bin.1,Nixt_bin.1,218406/1614/1
MortensenS_xxxx__WK064-1-L-48h-05A3_S55__bin.4,MortensenS_xxxx__WK064-1-L-48h-05A3_S55__bin.4,218406/1615/1
MASTER_WP4_FFoQSI_2__VB16-30__bin.6,MASTER_WP4_FFoQSI_2__VB16-30__bin.6,218406/1616/1
MASTER_WP4_FFoQSI_1__DC18-032__bin.4,MASTER_WP4_FFoQSI_1__DC18-032__bin.4,218406/1622/1
MASTER_WP4_CSIC_2__P2641__bin.3,MASTER_WP4_CSIC_2__P2641__bin.3,218406/1623/1
CM_UNINA_FFOOD__FFOOD_278__bin.9,CM_UNINA_FFOOD__FFOOD_278__bin.9,218406/1624/1
MotaGutierrezJ_2021__SRR11602150__bin.9,MotaGutierrezJ_2021__SRR11602150__bin.9,218406/1626/1
DeFilippisF_xxxx__DS_50__bin.1,DeFilippisF_xxxx__DS_50__bin.1,218406/1629/1
MASTER_WP4_CSIC_2__P2569__bin.5,MASTER_WP4_CSIC_2__P2569__bin.5,218406/1631/1
MASTER_WP4_CSIC_1__P2155_73322__bin.6,MASTER_WP4_CSIC_1__P2155_73322__bin.6,218406/1633/1
FalardeauJ_2023__SRR20811292__bin.8,FalardeauJ_2023__SRR20811292__bin.8,218406/1634/1
MASTER_WP4_FFoQSI_1__VB-04-BG__bin.34,MASTER_WP4_FFoQSI_1__VB-04-BG__bin.34,218406/1636/1
ZhaoCC_2020__SRS5803194__bin.35,ZhaoCC_2020__SRS5803194__bin.35,218406/1637/1
MAG_357,MAG_357,218406/1639/1
MASTER_WP4_UNINA_1__FO011_71775__bin.9,MASTER_WP4_UNINA_1__FO011_71775__bin.9,218406/1641/1
MASTER_WP4_FFoQSI_3__VB07-22__bin.6,MASTER_WP4_FFoQSI_3__VB07-22__bin.6,218406/1643/1
FalardeauJ_2023__SRR20811293__bin.2,FalardeauJ_2023__SRR20811293__bin.2,218406/1646/1
MAG_186,MAG_186,218406/1648/1
MortensenS_xxxx__WK025-1-L-48h-02H5_S6__bin.2,MortensenS_xxxx__WK025-1-L-48h-02H5_S6__bin.2,218406/1650/1
LiZ_2018__SRS2920550__bin.18,LiZ_2018__SRS2920550__bin.18,218406/1653/1
DeFilippisF_xxxx__DF_121__bin.15,DeFilippisF_xxxx__DF_121__bin.15,218406/1654/1
MASTER_WP4_FFoQSI_3__VB14-22__bin.41,MASTER_WP4_FFoQSI_3__VB14-22__bin.41,218406/1657/1
ODFM-BA-A-0050-001_Hanseniaspora_uvarum_CBA6001,ODFM-BA-A-0050-001_Hanseniaspora_uvarum_CBA6001,218406/1659/1
MAG_306,MAG_306,218406/1662/1
MAG_9,MAG_9,218406/1663/1
YasirM_2022__SRR18335011__bin.1,YasirM_2022__SRR18335011__bin.1,218406/1665/1
MASTER_WP4_CSIC_1__P2165_73322__bin.4,MASTER_WP4_CSIC_1__P2165_73322__bin.4,218406/1666/1
MASTER_WP4_CSIC_2__P2548__bin.21,MASTER_WP4_CSIC_2__P2548__bin.21,218406/1667/1
MAG_141,MAG_141,218406/1668/1
MAG_390,MAG_390,218406/1671/1
CM_UNINA_FFOOD__FFOOD_283__bin.6,CM_UNINA_FFOOD__FFOOD_283__bin.6,218406/1673/1
MASTER_WP4_CSIC_1__P2149_73322__bin.31,MASTER_WP4_CSIC_1__P2149_73322__bin.31,218406/1674/1
YangC_2021__SRR13259376__bin.8,YangC_2021__SRR13259376__bin.8,218406/1681/1
YouL_2022__SRR13308533__bin.1,YouL_2022__SRR13308533__bin.1,218406/1682/1
MASTER_WP4_UNINA_2__R-35__bin.9,MASTER_WP4_UNINA_2__R-35__bin.9,218406/1684/1
MASTER_WP4_UNINA_2__M-29__bin.13,MASTER_WP4_UNINA_2__M-29__bin.13,218406/1685/1
MASTER_WP4_FFoQSI_2__VB05-29__bin.14,MASTER_WP4_FFoQSI_2__VB05-29__bin.14,218406/1686/1
MAG_110,MAG_110,218406/1688/1
MortensenS_xxxx__WK001T-1-L-02h-05D7_S86__bin.1,MortensenS_xxxx__WK001T-1-L-02h-05D7_S86__bin.1,218406/1689/1
MASTER_WP4_UNINA_2__O-29__bin.9,MASTER_WP4_UNINA_2__O-29__bin.9,218406/1690/1
MASTER_WP4_FFoQSI_1__VB-05-BG__bin.13,MASTER_WP4_FFoQSI_1__VB-05-BG__bin.13,218406/1693/1
LeechJ_xxxx__AF42__bin.2,LeechJ_xxxx__AF42__bin.2,218406/1694/1
MASTER_WP4_UNINA_1__PA004_73417__bin.2,MASTER_WP4_UNINA_1__PA004_73417__bin.2,218406/1700/1
MASTER_WP4_FFoQSI_1__RC17-F-AR__bin.7,MASTER_WP4_FFoQSI_1__RC17-F-AR__bin.7,218406/1702/1
MagliuloR_2024__SRR28235370__bin.7,MagliuloR_2024__SRR28235370__bin.7,218406/1703/1
MASTER_WP4_UNINA_2__O-28__bin.3,MASTER_WP4_UNINA_2__O-28__bin.3,218406/1705/1
MASTER_WP4_UNINA_1__TA012_71775__bin.5,MASTER_WP4_UNINA_1__TA012_71775__bin.5,218406/1707/1
MAG_332,MAG_332,218406/1708/1
LimaC_2020__SRR9640348__bin.11,LimaC_2020__SRR9640348__bin.11,218406/1709/1
LeechJ_xxxx__AF43__bin.8,LeechJ_xxxx__AF43__bin.8,218406/1710/1
LeechJ_xxxx__AF53__bin.1,LeechJ_xxxx__AF53__bin.1,218406/1712/1
LeechJ_xxxx__AF76__bin.15,LeechJ_xxxx__AF76__bin.15,218406/1713/1
MASTER_WP4_TEAGASC_1__TGS14-21__bin.5,MASTER_WP4_TEAGASC_1__TGS14-21__bin.5,218406/1720/1
MASTER_WP4_UNINA_2__M-26.1__bin.5,MASTER_WP4_UNINA_2__M-26.1__bin.5,218406/1722/1
MASTER_WP4_FFoQSI_3__VB14-22__bin.24,MASTER_WP4_FFoQSI_3__VB14-22__bin.24,218406/1723/1
MASTER_WP4_TEAGASC_1__TGS08-29__bin.62,MASTER_WP4_TEAGASC_1__TGS08-29__bin.62,218406/1724/1
MASTER_WP4_FFoQSI_1__VB-08-AG__bin.53,MASTER_WP4_FFoQSI_1__VB-08-AG__bin.53,218406/1725/1
MortensenS_xxxx__WK050-1-L-08h-04C7_S125__bin.9,MortensenS_xxxx__WK050-1-L-08h-04C7_S125__bin.9,218406/1727/1
DeFilippisF_xxxx__DF_67__bin.13,DeFilippisF_xxxx__DF_67__bin.13,218406/1728/1
ZhaoCC_2020__SRS5803194__bin.11,ZhaoCC_2020__SRS5803194__bin.11,218406/1729/1
LeechJ_xxxx__AF41__bin.4,LeechJ_xxxx__AF41__bin.4,218406/1731/1
Imad_S-8.bin.11,Imad_S-8.bin.11,218406/1739/1
MASTER_WP4_UNINA_2__V-28__bin.15,MASTER_WP4_UNINA_2__V-28__bin.15,218406/1741/1
FalardeauJ_2023__SRR20811134__bin.9,FalardeauJ_2023__SRR20811134__bin.9,218406/1742/1
MASTER_WP4_CSIC_1__P2235_73323__bin.20,MASTER_WP4_CSIC_1__P2235_73323__bin.20,218406/1743/1
DeFilippisF_xxxx__DF_42__bin.14,DeFilippisF_xxxx__DF_42__bin.14,218406/1744/1
AlvarezOrdonezA_xxxx__Q08-22__bin.11,AlvarezOrdonezA_xxxx__Q08-22__bin.11,218406/1745/1
LimaC_2020__SRR9640350__bin.3,LimaC_2020__SRR9640350__bin.3,218406/1747/1
MASTER_WP4_FFoQSI_3__VB02-30__bin.45,MASTER_WP4_FFoQSI_3__VB02-30__bin.45,218406/1748/1
MASTER_WP4_CSIC_1__P2167_73322__bin.10,MASTER_WP4_CSIC_1__P2167_73322__bin.10,218406/1750/1
MortensenS_xxxx__WK066-2-G-48h-05I1_S125__bin.1,MortensenS_xxxx__WK066-2-G-48h-05I1_S125__bin.1,218406/1753/1
DeFilippisF_xxxx__DS_97__bin.3,DeFilippisF_xxxx__DS_97__bin.3,218406/1758/1
MASTER_WP4_CSIC_2__P2567__bin.7,MASTER_WP4_CSIC_2__P2567__bin.7,218406/1760/1
AlvarezOrdonezA_xxxx__F06-19__bin.1,AlvarezOrdonezA_xxxx__F06-19__bin.1,218406/1762/1
MortensenS_xxxx__WK009-2-G-48h-01D3_S9__bin.4,MortensenS_xxxx__WK009-2-G-48h-01D3_S9__bin.4,218406/1763/1
MASTER_WP4_CSIC_2__P2511__bin.9,MASTER_WP4_CSIC_2__P2511__bin.9,218406/1764/1
MASTER_WP4_UNINA_1__SP109_71775__bin.15,MASTER_WP4_UNINA_1__SP109_71775__bin.15,218406/1765/1
WalshL_xxxx__F12__bin.2,WalshL_xxxx__F12__bin.2,218406/1766/1
MASTER_WP4_FFoQSI_1__RC17-F-BR__bin.37,MASTER_WP4_FFoQSI_1__RC17-F-BR__bin.37,218406/1768/1
MAG_100,MAG_100,218406/1770/1
FalardeauJ_2023__SRR20811223__bin.4,FalardeauJ_2023__SRR20811223__bin.4,218406/1772/1
PothakosV_2020__ERS2068303__bin.9,PothakosV_2020__ERS2068303__bin.9,218406/1777/1
MortensenS_xxxx__WK040-2-L-48h-03F4_S68__bin.4,MortensenS_xxxx__WK040-2-L-48h-03F4_S68__bin.4,218406/1779/1
MASTER_WP4_FFoQSI_2__VB10-29__bin.16,MASTER_WP4_FFoQSI_2__VB10-29__bin.16,218406/1780/1
LeechJ_2020__ERS3967700__bin.1,LeechJ_2020__ERS3967700__bin.1,218406/1781/1
MAG_151,MAG_151,218406/1782/1
MASTER_WP4_FFoQSI_1__VB-04-BG__bin.10,MASTER_WP4_FFoQSI_1__VB-04-BG__bin.10,218406/1785/1
MASTER_WP4_CSIC_1__P2137_73322__bin.45,MASTER_WP4_CSIC_1__P2137_73322__bin.45,218406/1786/1
MASTER_WP4_TEAGASC_1__TGS01-29__bin.2,MASTER_WP4_TEAGASC_1__TGS01-29__bin.2,218406/1789/1
FontanaF_2023__SRR20746918__bin.5,FontanaF_2023__SRR20746918__bin.5,218406/1794/1
MASTER_WP4_UNINA_1__GO013_71775__bin.23,MASTER_WP4_UNINA_1__GO013_71775__bin.23,218406/1795/1
AlvarezOrdonezA_xxxx__Q03-28__bin.6,AlvarezOrdonezA_xxxx__Q03-28__bin.6,218406/1796/1
LeechJ_xxxx__AF94__bin.3,LeechJ_xxxx__AF94__bin.3,218406/1800/1
MASTER_WP4_FFoQSI_2__VB06-21__bin.6,MASTER_WP4_FFoQSI_2__VB06-21__bin.6,218406/1801/1
MortensenS_xxxx__WK054-1-L-48h-04E8_S15__bin.2,MortensenS_xxxx__WK054-1-L-48h-04E8_S15__bin.2,218406/1802/1
MAG_196,MAG_196,218406/1805/1
LeechJ_2020__ERS3967733__bin.4,LeechJ_2020__ERS3967733__bin.4,218406/1806/1
LeechJ_xxxx__AF51__bin.18,LeechJ_xxxx__AF51__bin.18,218406/1807/1
AlvarezOrdonezA_xxxx__Q05-23__bin.2,AlvarezOrdonezA_xxxx__Q05-23__bin.2,218406/1808/1
FerrocinoI_2018__SRS1779554__bin.3,FerrocinoI_2018__SRS1779554__bin.3,218406/1809/1
PfeferT_xxxx__SRS2870592__bin.6,PfeferT_xxxx__SRS2870592__bin.6,218406/1813/1
MASTER_WP4_UNINA_2__V-29__bin.28,MASTER_WP4_UNINA_2__V-29__bin.28,218406/1816/1
MAG_347,MAG_347,218406/1822/1
MortensenS_xxxx__WK026-1-L-48h-02H9_S10__bin.8,MortensenS_xxxx__WK026-1-L-48h-02H9_S10__bin.8,218406/1823/1
MASTER_WP4_TEAGASC_1__TGS08-29__bin.46,MASTER_WP4_TEAGASC_1__TGS08-29__bin.46,218406/1824/1
O6_bin.circ.2,O6_bin.circ.2,218406/1825/1
MASTER_WP4_TEAGASC_1__TGS04-26__bin.10,MASTER_WP4_TEAGASC_1__TGS04-26__bin.10,218406/1826/1
MASTER_WP4_UNINA_1__PA207_73417__bin.1,MASTER_WP4_UNINA_1__PA207_73417__bin.1,218406/1827/1
AlvarezOrdonezA_xxxx__Q07-27__bin.8,AlvarezOrdonezA_xxxx__Q07-27__bin.8,218406/1828/1
MASTER_WP4_TEAGASC_1__TGS13-22__bin.3,MASTER_WP4_TEAGASC_1__TGS13-22__bin.3,218406/1829/1
MAG_165,MAG_165,218406/1831/1
LeechJ_xxxx__AF14__bin.6,LeechJ_xxxx__AF14__bin.6,218406/1832/1
MASTER_WP4_TEAGASC_1__TGS14-22__bin.58,MASTER_WP4_TEAGASC_1__TGS14-22__bin.58,218406/1841/1
YulandiA_2020__SRS6115052__bin.21,YulandiA_2020__SRS6115052__bin.21,218406/1843/1
KharnaiorP_2023__SRR22859379__bin.3,KharnaiorP_2023__SRR22859379__bin.3,218406/1844/1
YouL_2022__SRR13308523__bin.54,YouL_2022__SRR13308523__bin.54,218406/1845/1
MASTER_WP4_TEAGASC_1__TGS15-29__bin.7,MASTER_WP4_TEAGASC_1__TGS15-29__bin.7,218406/1846/1
MAG_134,MAG_134,218406/1847/1
MASTER_WP4_CSIC_1__P2137_73322__bin.20,MASTER_WP4_CSIC_1__P2137_73322__bin.20,218406/1849/1
CM_UNINA_FFOOD__FFOOD_420__bin.5,CM_UNINA_FFOOD__FFOOD_420__bin.5,218406/1850/1
MASTER_WP4_UNINA_2__N-22__bin.20,MASTER_WP4_UNINA_2__N-22__bin.20,218406/1853/1
MASTER_WP4_UNINA_2__V-25__bin.6,MASTER_WP4_UNINA_2__V-25__bin.6,218406/1855/1
FalardeauJ_2023__SRR20811290__bin.4,FalardeauJ_2023__SRR20811290__bin.4,218406/1856/1
We6_bin.full.31,We6_bin.full.31,218406/1861/1
DeFilippisF_xxxx__DS_68__bin.5,DeFilippisF_xxxx__DS_68__bin.5,218406/1864/1
FalardeauJ_2023__SRR20811284__bin.4,FalardeauJ_2023__SRR20811284__bin.4,218406/1865/1
MASTER_WP4_UNINA_1__GO001_73417__bin.5,MASTER_WP4_UNINA_1__GO001_73417__bin.5,218406/1867/1
LeechJ_xxxx__AF82__bin.13,LeechJ_xxxx__AF82__bin.13,218406/1868/1
YouL_2022__SRR13308537__bin.10,YouL_2022__SRR13308537__bin.10,218406/1870/1
KastmanEK_2016__CSB907__bin.6,KastmanEK_2016__CSB907__bin.6,218406/1871/1
AlvarezOrdonezA_xxxx__F03-18__bin.8,AlvarezOrdonezA_xxxx__F03-18__bin.8,218406/1873/1
MASTER_WP4_CSIC_1__P2250_73323__bin.14,MASTER_WP4_CSIC_1__P2250_73323__bin.14,218406/1875/1
MAG_23,MAG_23,218406/1880/1
MASTER_WP4_UNINA_1__SP009_71775__bin.32,MASTER_WP4_UNINA_1__SP009_71775__bin.32,218406/1883/1
DeFilippisF_xxxx__DF_5__bin.12,DeFilippisF_xxxx__DF_5__bin.12,218406/1884/1
EBC_089.16,EBC_089.16,218406/1885/1
MAG_72,MAG_72,218406/1888/1
MASTER_WP4_CSIC_1__P2137_73322__bin.9,MASTER_WP4_CSIC_1__P2137_73322__bin.9,218406/1889/1
AlvarezOrdonezA_xxxx__C04-18__bin.7,AlvarezOrdonezA_xxxx__C04-18__bin.7,218406/1890/1
MASTER_WP4_CSIC_1__P2233_73323__bin.4,MASTER_WP4_CSIC_1__P2233_73323__bin.4,218406/1891/1
MASTER_WP4_FFoQSI_2__VB05-27__bin.5,MASTER_WP4_FFoQSI_2__VB05-27__bin.5,218406/1892/1
MAG_549,MAG_549,218406/1894/1
MASTER_WP4_UNINA_2__I-29__bin.13,MASTER_WP4_UNINA_2__I-29__bin.13,218406/1898/1
MASTER_WP4_UNINA_2__T-25__bin.5,MASTER_WP4_UNINA_2__T-25__bin.5,218406/1899/1
MortensenS_xxxx__WK007-2-G-48h-01D1_S7__bin.3,MortensenS_xxxx__WK007-2-G-48h-01D1_S7__bin.3,218406/1901/1
MortensenS_xxxx__WK065-1-L-08h-05B1_S62__bin.1,MortensenS_xxxx__WK065-1-L-08h-05B1_S62__bin.1,218406/1906/1
MAG_409,MAG_409,218406/1907/1
MASTER_WP4_CSIC_2__P2635__bin.10,MASTER_WP4_CSIC_2__P2635__bin.10,218406/1908/1
MASTER_WP4_CSIC_2__P2599__bin.20,MASTER_WP4_CSIC_2__P2599__bin.20,218406/1912/1
LeechJ_xxxx__AF49__bin.3,LeechJ_xxxx__AF49__bin.3,218406/1913/1
LeechJ_xxxx__AF25__bin.17,LeechJ_xxxx__AF25__bin.17,218406/1914/1
MASTER_WP4_CSIC_2__P2634__bin.19,MASTER_WP4_CSIC_2__P2634__bin.19,218406/1915/1
MAG_518,MAG_518,218406/1916/1
MASTER_WP4_UNINA_1__AS005_71775__bin.1,MASTER_WP4_UNINA_1__AS005_71775__bin.1,218406/1924/1
C-R06.bin.10,C-R06.bin.10,218406/1925/1
AlvarezOrdonezA_xxxx__F03-19__bin.2,AlvarezOrdonezA_xxxx__F03-19__bin.2,218406/1926/1
FontanaF_2023__SRR20746954__bin.3,FontanaF_2023__SRR20746954__bin.3,218406/1928/1
DuR_2020__DRS139335__bin.6,DuR_2020__DRS139335__bin.6,218406/1929/1
LeechJ_2020__ERS3967696__bin.5,LeechJ_2020__ERS3967696__bin.5,218406/1930/1
KastmanEK_2016__CSB694__bin.2,KastmanEK_2016__CSB694__bin.2,218406/1931/1
LeechJ_xxxx__AF11__bin.5,LeechJ_xxxx__AF11__bin.5,218406/1932/1
MAG_458,MAG_458,218406/1933/1
DeFilippisF_xxxx__DF_15__bin.5,DeFilippisF_xxxx__DF_15__bin.5,218406/1935/1
MAG_46,MAG_46,218406/1937/1
MortensenS_xxxx__WK048-2-L-48h-03I9_S100__bin.9,MortensenS_xxxx__WK048-2-L-48h-03I9_S100__bin.9,218406/1945/1
FalardeauJ_2023__SRR20811293__bin.10,FalardeauJ_2023__SRR20811293__bin.10,218406/1946/1
CM_UNINA_FFOOD__FFOOD_285__bin.3,CM_UNINA_FFOOD__FFOOD_285__bin.3,218406/1947/1
MASTER_WP4_FFoQSI_1__VB-09-M7__bin.27,MASTER_WP4_FFoQSI_1__VB-09-M7__bin.27,218406/1948/1
MAG_17,MAG_17,218406/1949/1
MortensenS_xxxx__WK031-2-L-48h-03B4_S32__bin.2,MortensenS_xxxx__WK031-2-L-48h-03B4_S32__bin.2,218406/1950/1
MASTER_WP4_FFoQSI_3__VB01-22__bin.3,MASTER_WP4_FFoQSI_3__VB01-22__bin.3,218406/1952/1
MASTER_WP4_FFoQSI_1__VB-14-M18__bin.1,MASTER_WP4_FFoQSI_1__VB-14-M18__bin.1,218406/1953/1
MASTER_WP4_UNINA_2__M-27__bin.14,MASTER_WP4_UNINA_2__M-27__bin.14,218406/1955/1
EinsonEJ_2018__SRS2706109__bin.3,EinsonEJ_2018__SRS2706109__bin.3,218406/1961/1
BertuzziAS_2018__ERS2032118__bin.5,BertuzziAS_2018__ERS2032118__bin.5,218406/1965/1
MASTER_WP4_UNINA_1__CF008_71775__bin.5,MASTER_WP4_UNINA_1__CF008_71775__bin.5,218406/1966/1
AlvarezOrdonezA_xxxx__Q03-30__bin.8,AlvarezOrdonezA_xxxx__Q03-30__bin.8,218406/1967/1
FontanaF_2023__SRR20746856__bin.2,FontanaF_2023__SRR20746856__bin.2,218406/1968/1
MASTER_WP4_FFoQSI_2__VB01-29__bin.20,MASTER_WP4_FFoQSI_2__VB01-29__bin.20,218406/1969/1
WalshAM_2020__ERS3466771__bin.4,WalshAM_2020__ERS3466771__bin.4,218406/1972/1
MASTER_WP4_CSIC_1__P2149_73322__bin.1,MASTER_WP4_CSIC_1__P2149_73322__bin.1,218406/1973/1
LeechJ_xxxx__AF55__bin.10,LeechJ_xxxx__AF55__bin.10,218406/1974/1
MortensenS_xxxx__WK043-2-G-48h-04C1_S119__bin.3,MortensenS_xxxx__WK043-2-G-48h-04C1_S119__bin.3,218406/1977/1
MASTER_WP4_FFoQSI_2__VB16-30__bin.31,MASTER_WP4_FFoQSI_2__VB16-30__bin.31,218406/1983/1
DeFilippisF_xxxx__DF_61__bin.3,DeFilippisF_xxxx__DF_61__bin.3,218406/1985/1
MAG_95,MAG_95,218406/1986/1
We6_bin.circ.4,We6_bin.circ.4,218406/1987/1
YulandiA_2020__SRS6115052__bin.7,YulandiA_2020__SRS6115052__bin.7,218406/1988/1
MASTER_WP4_FFoQSI_2__VB16-30__bin.11,MASTER_WP4_FFoQSI_2__VB16-30__bin.11,218406/1989/1
EinsonEJ_2018__SRS2706107__bin.5,EinsonEJ_2018__SRS2706107__bin.5,218406/1990/1
MASTER_WP4_UNINA_1__FO007_71775__bin.9,MASTER_WP4_UNINA_1__FO007_71775__bin.9,218406/1996/1
MortensenS_xxxx__WK018-2-L-08h-02D8_S95__bin.5,MortensenS_xxxx__WK018-2-L-08h-02D8_S95__bin.5,218406/1997/1
MASTER_WP4_CSIC_2__P2588__bin.45,MASTER_WP4_CSIC_2__P2588__bin.45,218406/2000/1
MASTER_WP4_UNINA_2__H-29__bin.14,MASTER_WP4_UNINA_2__H-29__bin.14,218406/2001/1
FontanaF_2023__SRR20746866__bin.5,FontanaF_2023__SRR20746866__bin.5,218406/2002/1
MASTER_WP4_FFoQSI_1__DC18-F-BR__bin.10,MASTER_WP4_FFoQSI_1__DC18-F-BR__bin.10,218406/2003/1
MASTER_WP4_TEAGASC_1__TGS04-23__bin.31,MASTER_WP4_TEAGASC_1__TGS04-23__bin.31,218406/2004/1
MASTER_WP4_FFoQSI_1__VB-15-M10__bin.23,MASTER_WP4_FFoQSI_1__VB-15-M10__bin.23,218406/2006/1
DeFilippisF_xxxx__DF_96__bin.2,DeFilippisF_xxxx__DF_96__bin.2,218406/2007/1
LiZ_2019__SRS3379166__bin.6,LiZ_2019__SRS3379166__bin.6,218406/2012/1
LeechJ_xxxx__AF92__bin.2,LeechJ_xxxx__AF92__bin.2,218406/2013/1
ODFM-BA-A-0167-001_Staphylococcus_succinus_BC15,ODFM-BA-A-0167-001_Staphylococcus_succinus_BC15,218406/2019/1
MortensenS_xxxx__WK058-2-G-48h-05H1_S116__bin.1,MortensenS_xxxx__WK058-2-G-48h-05H1_S116__bin.1,218406/2020/1
KastmanEK_2016__CSB962__bin.3,KastmanEK_2016__CSB962__bin.3,218406/2021/1
MAG_37,MAG_37,218406/2022/1
MASTER_WP4_UNINA_1__SP009_71775__bin.26,MASTER_WP4_UNINA_1__SP009_71775__bin.26,218406/2024/1
MASTER_WP4_UNINA_1__MZ011_71775__bin.5,MASTER_WP4_UNINA_1__MZ011_71775__bin.5,218406/2026/1
LeechJ_2020__ERS3967742__bin.1,LeechJ_2020__ERS3967742__bin.1,218406/2027/1
YouL_2022__SRR13308526__bin.24,YouL_2022__SRR13308526__bin.24,218406/2028/1
MASTER_WP4_CSIC_1__P2160_73322__bin.7,MASTER_WP4_CSIC_1__P2160_73322__bin.7,218406/2029/1
MASTER_WP4_FFoQSI_3__VB13-29__bin.27,MASTER_WP4_FFoQSI_3__VB13-29__bin.27,218406/2032/1
YasirM_2020__ERS4361128__bin.2,YasirM_2020__ERS4361128__bin.2,218406/2037/1
WalshL_xxxx__Q10__bin.3,WalshL_xxxx__Q10__bin.3,218406/2041/1
MAG_66,MAG_66,218406/2043/1
YangC_2021__SRR13259372__bin.33,YangC_2021__SRR13259372__bin.33,218406/2044/1
ZhaoCC_2020__SRS5803194__bin.5,ZhaoCC_2020__SRS5803194__bin.5,218406/2045/1
MortensenS_xxxx__WK060-2-G-48h-05H3_S118__bin.5,MortensenS_xxxx__WK060-2-G-48h-05H3_S118__bin.5,218406/2046/1
MASTER_WP4_UNINA_2__E-22__bin.7,MASTER_WP4_UNINA_2__E-22__bin.7,218406/2047/1
MASTER_WP4_CSIC_2__P2525__bin.7,MASTER_WP4_CSIC_2__P2525__bin.7,218406/2049/1
CM_UNINA_FFOOD__FFOOD_382__bin.13,CM_UNINA_FFOOD__FFOOD_382__bin.13,218406/2050/1
MASTER_WP4_TEAGASC_1__TGS06-22__bin.7,MASTER_WP4_TEAGASC_1__TGS06-22__bin.7,218406/2053/1
MAG_538,MAG_538,218406/2054/1
MASTER_WP4_FFoQSI_1__VB-09-BD__bin.29,MASTER_WP4_FFoQSI_1__VB-09-BD__bin.29,218406/2058/1
MASTER_WP4_FFoQSI_2__VB10-22__bin.2,MASTER_WP4_FFoQSI_2__VB10-22__bin.2,218406/2062/1
CM_UNINA_FFOOD__FFOOD_415__bin.1,CM_UNINA_FFOOD__FFOOD_415__bin.1,218406/2063/1
MASTER_WP4_FFoQSI_2__VB16-30__bin.25,MASTER_WP4_FFoQSI_2__VB16-30__bin.25,218406/2064/1
MASTER_WP4_UNINA_1__CF008_71775__bin.12,MASTER_WP4_UNINA_1__CF008_71775__bin.12,218406/2065/1
MAG_429,MAG_429,218406/2067/1
FontanaF_2023__SRR20746832__bin.12,FontanaF_2023__SRR20746832__bin.12,218406/2069/1
MASTER_WP4_CSIC_2__P2588__bin.20,MASTER_WP4_CSIC_2__P2588__bin.20,218406/2070/1
MASTER_WP4_FFoQSI_1__VB14-F-BR__bin.36,MASTER_WP4_FFoQSI_1__VB14-F-BR__bin.36,218406/2072/1
FranciosaI_2021__SRR12227960__bin.1,FranciosaI_2021__SRR12227960__bin.1,218406/2078/1
MASTER_WP4_FFoQSI_1__RC17-F-AR__bin.38,MASTER_WP4_FFoQSI_1__RC17-F-AR__bin.38,218406/2081/1
MASTER_WP4_CSIC_2__P2596__bin.7,MASTER_WP4_CSIC_2__P2596__bin.7,218406/2082/1
MAG_52,MAG_52,218406/2084/1
MASTER_WP4_UNINA_1__FO007_71775__bin.19,MASTER_WP4_UNINA_1__FO007_71775__bin.19,218406/2085/1
LeechJ_2020__ERS3967728__bin.8,LeechJ_2020__ERS3967728__bin.8,218406/2086/1
LiZ_2018__SRS2920554__bin.7,LiZ_2018__SRS2920554__bin.7,218406/2087/1
KharnaiorP_2023__SRR22859378__bin.23,KharnaiorP_2023__SRR22859378__bin.23,218406/2088/1
MASTER_WP4_FFoQSI_1__VB-15-AG__bin.9,MASTER_WP4_FFoQSI_1__VB-15-AG__bin.9,218406/2090/1
MASTER_WP4_CSIC_1__P2239_73323__bin.3,MASTER_WP4_CSIC_1__P2239_73323__bin.3,218406/2091/1
DeFilippisF_xxxx__DS_91__bin.2,DeFilippisF_xxxx__DS_91__bin.2,218406/2093/1
EBC_144.5,EBC_144.5,218406/2100/1
MASTER_WP4_FFoQSI_1__KM-1D__bin.32,MASTER_WP4_FFoQSI_1__KM-1D__bin.32,218406/2102/1
MASTER_WP4_UNINA_2__I-30__bin.16,MASTER_WP4_UNINA_2__I-30__bin.16,218406/2104/1
AlvarezOrdonezA_xxxx__Q06-28__bin.11,AlvarezOrdonezA_xxxx__Q06-28__bin.11,218406/2105/1
LeechJ_2020__ERS3967723__bin.14,LeechJ_2020__ERS3967723__bin.14,218406/2106/1
CM_UNINA_FFOOD__FFOOD_410__bin.2,CM_UNINA_FFOOD__FFOOD_410__bin.2,218406/2107/1
LeechJ_xxxx__AF34__bin.8,LeechJ_xxxx__AF34__bin.8,218406/2108/1
MAG_114,MAG_114,218406/2112/1
ODFM-BA-A-0154-001_Lactobacillus_helveticus_NWC_2_4,ODFM-BA-A-0154-001_Lactobacillus_helveticus_NWC_2_4,218406/2114/1
MortensenS_xxxx__WK055-1-L-08h-04F2_S18__bin.2,MortensenS_xxxx__WK055-1-L-08h-04F2_S18__bin.2,218406/2115/1
FontanaF_2023__SRR20746929__bin.8,FontanaF_2023__SRR20746929__bin.8,218406/2118/1
ChaconVargasK_2020__SRS6087088__bin.4,ChaconVargasK_2020__SRS6087088__bin.4,218406/2119/1
MASTER_WP4_FFoQSI_1__VB-05-BG__bin.17,MASTER_WP4_FFoQSI_1__VB-05-BG__bin.17,218406/2121/1
MASTER_WP4_TEAGASC_1__TGS14-22__bin.29,MASTER_WP4_TEAGASC_1__TGS14-22__bin.29,218406/2123/1
MortensenS_xxxx__WK028-2-G-48h-04A4_S104__bin.7,MortensenS_xxxx__WK028-2-G-48h-04A4_S104__bin.7,218406/2128/1
LandisEA_2021__SRS5653168__bin.6,LandisEA_2021__SRS5653168__bin.6,218406/2129/1
MASTER_WP4_UNINA_1__MO011_71775__bin.7,MASTER_WP4_UNINA_1__MO011_71775__bin.7,218406/2132/1
KumarJ_2019__SRS4562503__bin.5,KumarJ_2019__SRS4562503__bin.5,218406/2133/1
MAG_145,MAG_145,218406/2134/1
MASTER_WP4_CSIC_1__P2146_73322__bin.14,MASTER_WP4_CSIC_1__P2146_73322__bin.14,218406/2135/1
AlvarezOrdonezA_xxxx__Q08-29__bin.27,AlvarezOrdonezA_xxxx__Q08-29__bin.27,218406/2137/1
CM_UNINA_FFOOD__FFOOD_332__bin.3,CM_UNINA_FFOOD__FFOOD_332__bin.3,218406/2139/1
FontanaF_2023__SRR20746939__bin.1,FontanaF_2023__SRR20746939__bin.1,218406/2140/1
MortensenS_xxxx__WK037-2-L-08h-03D9_S55__bin.4,MortensenS_xxxx__WK037-2-L-08h-03D9_S55__bin.4,218406/2141/1
SEM_41_S58.19,SEM_41_S58.19,218406/2148/1
LeechJ_xxxx__AF24__bin.1,LeechJ_xxxx__AF24__bin.1,218406/2150/1
MortensenS_xxxx__WK008-2-L-48h-01I5_S56__bin.2,MortensenS_xxxx__WK008-2-L-48h-01I5_S56__bin.2,218406/2151/1
MAG_394,MAG_394,218406/2153/1
NP2.2_bin.7,NP2.2_bin.7,218406/2155/1
LiZ_2018__SRS2920551__bin.21,LiZ_2018__SRS2920551__bin.21,218406/2156/1
WalshAM_2020__ERS3466777__bin.5,WalshAM_2020__ERS3466777__bin.5,218406/2157/1
FalardeauJ_2023__SRR20811136__bin.1,FalardeauJ_2023__SRR20811136__bin.1,218406/2158/1
MAG_367,MAG_367,218406/2159/1
FontanaF_2023__SRR20746916__bin.3,FontanaF_2023__SRR20746916__bin.3,218406/2163/1
MASTER_WP4_FFoQSI_2__VB05-30__bin.35,MASTER_WP4_FFoQSI_2__VB05-30__bin.35,218406/2164/1
ODFM-BA-A-0177-001_Lactobacillus_homohiochii_DSM_20571,ODFM-BA-A-0177-001_Lactobacillus_homohiochii_DSM_20571,218406/2171/1
MASTER_WP4_FFoQSI_3__VB14-22__bin.20,MASTER_WP4_FFoQSI_3__VB14-22__bin.20,218406/2173/1
WalshL_xxxx__H3_S87__bin.33,WalshL_xxxx__H3_S87__bin.33,218406/2174/1
MASTER_WP4_CSIC_2__P2616__bin.25,MASTER_WP4_CSIC_2__P2616__bin.25,218406/2175/1
MASTER_WP4_FFoQSI_2__VB10-22__bin.20,MASTER_WP4_FFoQSI_2__VB10-22__bin.20,218406/2177/1
MASTER_WP4_TEAGASC_1__TGS15-29__bin.18,MASTER_WP4_TEAGASC_1__TGS15-29__bin.18,218406/2178/1
WalshAM_2020__ERS3466749__bin.4,WalshAM_2020__ERS3466749__bin.4,218406/2179/1
WalshL_xxxx__k5__bin.6,WalshL_xxxx__k5__bin.6,218406/2180/1
LeechJ_2020__ERS3967703__bin.3,LeechJ_2020__ERS3967703__bin.3,218406/2181/1
MAG_336,MAG_336,218406/2185/1
MortensenS_xxxx__WK013-1-L-48h-02B5_S74__bin.5,MortensenS_xxxx__WK013-1-L-48h-02B5_S74__bin.5,218406/2188/1
MASTER_WP4_FFoQSI_2__VB08-22__bin.9,MASTER_WP4_FFoQSI_2__VB08-22__bin.9,218406/2194/1
DeFilippisF_xxxx__DS_110__bin.15,DeFilippisF_xxxx__DS_110__bin.15,218406/2195/1
MASTER_WP4_FFoQSI_2__VB15-22__bin.1,MASTER_WP4_FFoQSI_2__VB15-22__bin.1,218406/2196/1
YuY_2022__SRR16950702__bin.26,YuY_2022__SRR16950702__bin.26,218406/2197/1
AlvarezOrdonezA_xxxx__C05-18__bin.6,AlvarezOrdonezA_xxxx__C05-18__bin.6,218406/2198/1
MASTER_WP4_TEAGASC_1__TGS13-30__bin.2,MASTER_WP4_TEAGASC_1__TGS13-30__bin.2,218406/2199/1
MASTER_WP4_UNINA_1__FI109_71775__bin.14,MASTER_WP4_UNINA_1__FI109_71775__bin.14,218406/2201/1
MAG_171,MAG_171,218406/2202/1
CM_UNINA_FFOOD__FFOOD_230__bin.2,CM_UNINA_FFOOD__FFOOD_230__bin.2,218406/2204/1
MASTER_WP4_UNINA_1__MV011_71775__bin.11,MASTER_WP4_UNINA_1__MV011_71775__bin.11,218406/2206/1
LopezSanchezR_2023__SRR13708565__bin.10,LopezSanchezR_2023__SRR13708565__bin.10,218406/2213/1
MASTER_WP4_CSIC_2__P2549__bin.18,MASTER_WP4_CSIC_2__P2549__bin.18,218406/2214/1
PfeferT_xxxx__SRS2870591__bin.4,PfeferT_xxxx__SRS2870591__bin.4,218406/2216/1
MASTER_WP4_UNINA_2__M-29__bin.23,MASTER_WP4_UNINA_2__M-29__bin.23,218406/2217/1
MAG_120,MAG_120,218406/2218/1
WalshL_xxxx__R1__bin.4,WalshL_xxxx__R1__bin.4,218406/2219/1
PatroJN_2016__SRS1044736__bin.4,PatroJN_2016__SRS1044736__bin.4,218406/2221/1
FontanaF_2023__SRR20746925__bin.6,FontanaF_2023__SRR20746925__bin.6,218406/2223/1
ODFM-BA-A-0132-001_Pseudomonas_lactis_ITEM_17295,ODFM-BA-A-0132-001_Pseudomonas_lactis_ITEM_17295,218406/2224/1
MASTER_WP4_UNINA_2__V-21__bin.39,MASTER_WP4_UNINA_2__V-21__bin.39,218406/2229/1
MAG_302,MAG_302,218406/2232/1
Wy2_bin.circ.3,Wy2_bin.circ.3,218406/2233/1
LeechJ_2020__ERS3967721__bin.5,LeechJ_2020__ERS3967721__bin.5,218406/2235/1
FontanaF_2023__SRR20746952__bin.2,FontanaF_2023__SRR20746952__bin.2,218406/2236/1
WalshL_xxxx__H3_S87__bin.8,WalshL_xxxx__H3_S87__bin.8,218406/2238/1
LeechJ_xxxx__AF17__bin.4,LeechJ_xxxx__AF17__bin.4,218406/2239/1
MASTER_WP4_CSIC_2__P2633__bin.16,MASTER_WP4_CSIC_2__P2633__bin.16,218406/2241/1
MagliuloR_2024__SRR28235352__bin.5,MagliuloR_2024__SRR28235352__bin.5,218406/2244/1
ZhaoCC_2020__SRS5803195__bin.38,ZhaoCC_2020__SRS5803195__bin.38,218406/2246/1
LeechJ_2020__ERS3967690__bin.4,LeechJ_2020__ERS3967690__bin.4,218406/2249/1
DeFilippisF_xxxx__DF_41__bin.13,DeFilippisF_xxxx__DF_41__bin.13,218406/2251/1
WalshAM_2017__ERS1739839__bin.4,WalshAM_2017__ERS1739839__bin.4,218406/2253/1
ShangpliangH_2023_b__SRR22851057__bin.11,ShangpliangH_2023_b__SRR22851057__bin.11,218406/2255/1
MASTER_WP4_FFoQSI_3__VB07-22__bin.2,MASTER_WP4_FFoQSI_3__VB07-22__bin.2,218406/2256/1
MAG_353,MAG_353,218406/2258/1
DeFilippisF_xxxx__DS_27__bin.1,DeFilippisF_xxxx__DS_27__bin.1,218406/2260/1
LeechJ_xxxx__AF29__bin.5,LeechJ_xxxx__AF29__bin.5,218406/2262/1
MASTER_WP4_CSIC_2__P2620__bin.18,MASTER_WP4_CSIC_2__P2620__bin.18,218406/2263/1
LiZ_2018__SRS2920551__bin.15,LiZ_2018__SRS2920551__bin.15,218406/2266/1
MASTER_WP4_TEAGASC_1__TGS08-29__bin.52,MASTER_WP4_TEAGASC_1__TGS08-29__bin.52,218406/2268/1
MAG_182,MAG_182,218406/2270/1
DeFilippisF_xxxx__DS_1__bin.3,DeFilippisF_xxxx__DS_1__bin.3,218406/2272/1
DeFilippisF_xxxx__DF_32__bin.17,DeFilippisF_xxxx__DF_32__bin.17,218406/2275/1
KharnaiorP_2023__SRR22859377__bin.19,KharnaiorP_2023__SRR22859377__bin.19,218406/2277/1
MASTER_WP4_UNINA_1__PR004_71775__bin.9,MASTER_WP4_UNINA_1__PR004_71775__bin.9,218406/2279/1
MotaGutierrezJ_2021__SRR11602143__bin.2,MotaGutierrezJ_2021__SRR11602143__bin.2,218406/2280/1
MAG_192,MAG_192,218406/2282/1
MASTER_WP4_FFoQSI_1__VB-09-AG__bin.31,MASTER_WP4_FFoQSI_1__VB-09-AG__bin.31,218406/2287/1
WalshL_xxxx__R2__bin.2,WalshL_xxxx__R2__bin.2,218406/2288/1
MAG_343,MAG_343,218406/2289/1
G_517_1B_acetobacter_assembly,G_517_1B_acetobacter_assembly,218406/2290/1
AlvarezOrdonezA_xxxx__Q08-22__bin.21,AlvarezOrdonezA_xxxx__Q08-22__bin.21,218406/2291/1
MASTER_WP4_CSIC_2__P2624__bin.6,MASTER_WP4_CSIC_2__P2624__bin.6,218406/2293/1
CM_UNINA_FFOOD__FFOOD_331__bin.12,CM_UNINA_FFOOD__FFOOD_331__bin.12,218406/2294/1
MAG_312,MAG_312,218406/2298/1
FalardeauJ_2023__SRR20811276__bin.2,FalardeauJ_2023__SRR20811276__bin.2,218406/2300/1
FontanaF_2023__SRR20746861__bin.10,FontanaF_2023__SRR20746861__bin.10,218406/2303/1
AlvarezOrdonezA_xxxx__Q03-29__bin.8,AlvarezOrdonezA_xxxx__Q03-29__bin.8,218406/2305/1
MAG_130,MAG_130,218406/2306/1
MASTER_WP4_TEAGASC_1__TGS10-30__bin.4,MASTER_WP4_TEAGASC_1__TGS10-30__bin.4,218406/2307/1
WalshL_xxxx__S3__bin.1,WalshL_xxxx__S3__bin.1,218406/2310/1
MortensenS_xxxx__WK039-2-L-48h-03E9_S64__bin.11,MortensenS_xxxx__WK039-2-L-48h-03E9_S64__bin.11,218406/2311/1
MASTER_WP4_CSIC_1__P2134_73322__bin.12,MASTER_WP4_CSIC_1__P2134_73322__bin.12,218406/2315/1
YangC_2021__SRR13259377__bin.16,YangC_2021__SRR13259377__bin.16,218406/2316/1
MASTER_WP4_CSIC_1__P2237_73323__bin.8,MASTER_WP4_CSIC_1__P2237_73323__bin.8,218406/2319/1
MASTER_WP4_FFoQSI_2__VB16-22__bin.7,MASTER_WP4_FFoQSI_2__VB16-22__bin.7,218406/2320/1
Wy3_bin.full.20,Wy3_bin.full.20,218406/2323/1
MAG_161,MAG_161,218406/2324/1
FontanaF_2023__SRR20746951__bin.4,FontanaF_2023__SRR20746951__bin.4,218406/2325/1
MASTER_WP4_TEAGASC_1__TGS13-22__bin.7,MASTER_WP4_TEAGASC_1__TGS13-22__bin.7,218406/2326/1
SternesPR_2017__Control1_A_shotgun__bin.2,SternesPR_2017__Control1_A_shotgun__bin.2,218406/2328/1
MASTER_WP4_UNINA_1__PA207_73417__bin.5,MASTER_WP4_UNINA_1__PA207_73417__bin.5,218406/2330/1
YuY_2022__SRR16950697__bin.12,YuY_2022__SRR16950697__bin.12,218406/2332/1
MASTER_WP4_TEAGASC_1__TGS15-30__bin.19,MASTER_WP4_TEAGASC_1__TGS15-30__bin.19,218406/2336/1
KharnaiorP_2023__SRR22859379__bin.7,KharnaiorP_2023__SRR22859379__bin.7,218406/2340/1
LandisEA_2021__SRS5653399__bin.4,LandisEA_2021__SRS5653399__bin.4,218406/2341/1
YasirM_2022__SRR18335012__bin.3,YasirM_2022__SRR18335012__bin.3,218406/2343/1
CrovadoreJ_2017__SRS1919172__bin.12,CrovadoreJ_2017__SRS1919172__bin.12,218406/2345/1
MortensenS_xxxx__WK020-2-L-48h-02E8_S104__bin.1,MortensenS_xxxx__WK020-2-L-48h-02E8_S104__bin.1,218406/2346/1
DeFilippisF_xxxx__DS_71__bin.5,DeFilippisF_xxxx__DS_71__bin.5,218406/2348/1
LeechJ_xxxx__AF51__bin.9,LeechJ_xxxx__AF51__bin.9,218406/2349/1
MAG_326,MAG_326,218406/2350/1
LandisEA_2021__SRS5653155__bin.1,LandisEA_2021__SRS5653155__bin.1,218406/2351/1
DeFilippisF_xxxx__DF_23__bin.7,DeFilippisF_xxxx__DF_23__bin.7,218406/2356/1
DeFilippisF_xxxx__DF_42__bin.10,DeFilippisF_xxxx__DF_42__bin.10,218406/2359/1
MASTER_WP4_FFoQSI_1__VB-14-M18__bin.27,MASTER_WP4_FFoQSI_1__VB-14-M18__bin.27,218406/2364/1
FontanaF_2023__SRR20746834__bin.10,FontanaF_2023__SRR20746834__bin.10,218406/2365/1
MASTER_WP4_CSIC_2__P2551__bin.10,MASTER_WP4_CSIC_2__P2551__bin.10,218406/2366/1
DeFilippisF_xxxx__DF_75__bin.10,DeFilippisF_xxxx__DF_75__bin.10,218406/2367/1
MASTER_WP4_UNINA_1__GO013_71775__bin.13,MASTER_WP4_UNINA_1__GO013_71775__bin.13,218406/2368/1
FontanaF_2023__SRR20746824__bin.1,FontanaF_2023__SRR20746824__bin.1,218406/2369/1
MortensenS_xxxx__WK064-1-L-08h-05A2_S54__bin.14,MortensenS_xxxx__WK064-1-L-08h-05A2_S54__bin.14,218406/2370/1
MAG_377,MAG_377,218406/2371/1
PothakosV_2020__ERS2068302__bin.7,PothakosV_2020__ERS2068302__bin.7,218406/2377/1
MASTER_WP4_CSIC_2__P2607__bin.15,MASTER_WP4_CSIC_2__P2607__bin.15,218406/2378/1
SulaimanJ_2014__SRS398269__bin.3,SulaimanJ_2014__SRS398269__bin.3,218406/2383/1
MASTER_WP4_CSIC_2__P2591__bin.8,MASTER_WP4_CSIC_2__P2591__bin.8,218406/2384/1
LeechJ_xxxx__AF84__bin.31,LeechJ_xxxx__AF84__bin.31,218406/2386/1
MAG_384,MAG_384,218406/2387/1
YulandiA_2020__SRS6115052__bin.11,YulandiA_2020__SRS6115052__bin.11,218406/2388/1
MASTER_WP4_UNINA_2__P-22__bin.8,MASTER_WP4_UNINA_2__P-22__bin.8,218406/2389/1
MASTER_WP4_TEAGASC_1__TGS04-30__bin.1,MASTER_WP4_TEAGASC_1__TGS04-30__bin.1,218406/2390/1
MASTER_WP4_CSIC_2__P2586__bin.27,MASTER_WP4_CSIC_2__P2586__bin.27,218406/2394/1
PasolliE_2020__SRS6525478__bin.8,PasolliE_2020__SRS6525478__bin.8,218406/2396/1
DeFilippisF_xxxx__DF_54__bin.3,DeFilippisF_xxxx__DF_54__bin.3,218406/2397/1
MASTER_WP4_UNINA_1__MV011_71775__bin.6,MASTER_WP4_UNINA_1__MV011_71775__bin.6,218406/2401/1
MASTER_WP4_UNINA_2__N-22__bin.10,MASTER_WP4_UNINA_2__N-22__bin.10,218406/2403/1
MAG_104,MAG_104,218406/2404/1
CM_UNINA_FFOOD__FFOOD_266__bin.6,CM_UNINA_FFOOD__FFOOD_266__bin.6,218406/2406/1
MASTER_WP4_FFoQSI_1__RC17-F-BR__bin.33,MASTER_WP4_FFoQSI_1__RC17-F-BR__bin.33,218406/2409/1
BertuzziAS_2018__ERS2032123__bin.3,BertuzziAS_2018__ERS2032123__bin.3,218406/2411/1
AlvarezOrdonezA_xxxx__Q08-21__bin.1,AlvarezOrdonezA_xxxx__Q08-21__bin.1,218406/2412/1
MASTER_WP4_CSIC_1__P2134_73322__bin.26,MASTER_WP4_CSIC_1__P2134_73322__bin.26,218406/2414/1
PothakosV_2020__ERS2068300__bin.15,PothakosV_2020__ERS2068300__bin.15,218406/2415/1
MASTER_WP4_TEAGASC_1__TGS07-22__bin.2,MASTER_WP4_TEAGASC_1__TGS07-22__bin.2,218406/2416/1
MAG_13,MAG_13,218406/2420/1
LandisEA_2021__SRS5653391__bin.3,LandisEA_2021__SRS5653391__bin.3,218406/2422/1
MASTER_WP4_UNINA_2__T-23.1__bin.8,MASTER_WP4_UNINA_2__T-23.1__bin.8,218406/2423/1
MASTER_WP4_UNINA_1__FO001_71775__bin.7,MASTER_WP4_UNINA_1__FO001_71775__bin.7,218406/2426/1
LimaC_2020__SRR9640354__bin.15,LimaC_2020__SRR9640354__bin.15,218406/2429/1
LeechJ_xxxx__AF44__bin.3,LeechJ_xxxx__AF44__bin.3,218406/2430/1
MortensenS_xxxx__WK017-2-G-48h-01E2_S17__bin.3,MortensenS_xxxx__WK017-2-G-48h-01E2_S17__bin.3,218406/2431/1
MASTER_WP4_CSIC_2__P2573__bin.3,MASTER_WP4_CSIC_2__P2573__bin.3,218406/2434/1
MAG_42,MAG_42,218406/2436/1
WolfeBE_2014__581_Moses_Sleeper__bin.5,WolfeBE_2014__581_Moses_Sleeper__bin.5,218406/2440/1
EBC_145.4,EBC_145.4,218406/2441/1
MortensenS_xxxx__WK020-2-G-48h-01E5_S20__bin.8,MortensenS_xxxx__WK020-2-G-48h-01E5_S20__bin.8,218406/2444/1
G_24_1A_oryzifermentans_assembly,G_24_1A_oryzifermentans_assembly,218406/2445/1
CM_UNINA_FFOOD__FFOOD_342__bin.8,CM_UNINA_FFOOD__FFOOD_342__bin.8,218406/2446/1
LimaC_2020__SRR9640355__bin.4,LimaC_2020__SRR9640355__bin.4,218406/2447/1
MASTER_WP4_FFoQSI_1__VB-16-BD__bin.61,MASTER_WP4_FFoQSI_1__VB-16-BD__bin.61,218406/2450/1
WolfeBE_2014__932_Robiola_due_Latte__bin.6,WolfeBE_2014__932_Robiola_due_Latte__bin.6,218406/2451/1
MAG_439,MAG_439,218406/2454/1
MASTER_WP4_FFoQSI_1__VB-16-M16__bin.5,MASTER_WP4_FFoQSI_1__VB-16-M16__bin.5,218406/2455/1
MilaniC_2019__SRS3591582__bin.20,MilaniC_2019__SRS3591582__bin.20,218406/2459/1
LeechJ_xxxx__AF55__bin.14,LeechJ_xxxx__AF55__bin.14,218406/2460/1
MortensenS_xxxx__WK069-2-L-48h-05D2_S81__bin.3,MortensenS_xxxx__WK069-2-L-48h-05D2_S81__bin.3,218406/2462/1
DeFilippisF_xxxx__DF_11__bin.36,DeFilippisF_xxxx__DF_11__bin.36,218406/2464/1
MAG_579,MAG_579,218406/2465/1
MASTER_WP4_CSIC_1__P2145_73322__bin.8,MASTER_WP4_CSIC_1__P2145_73322__bin.8,218406/2466/1
MASTER_WP4_CSIC_2__P2599__bin.41,MASTER_WP4_CSIC_2__P2599__bin.41,218406/2468/1
MASTER_WP4_TEAGASC_1__TGS15-30__bin.7,MASTER_WP4_TEAGASC_1__TGS15-30__bin.7,218406/2475/1
MAG_468,MAG_468,218406/2476/1
FontanaF_2023__SRR20746976__bin.1,FontanaF_2023__SRR20746976__bin.1,218406/2478/1
MortensenS_xxxx__WK028-1-L-08h-02I7_S17__bin.1,MortensenS_xxxx__WK028-1-L-08h-02I7_S17__bin.1,218406/2479/1
MAG_528,MAG_528,218406/2481/1
LeechJ_xxxx__AF45__bin.9,LeechJ_xxxx__AF45__bin.9,218406/2482/1
CM_UNINA_FFOOD__FFOOD_387__bin.6,CM_UNINA_FFOOD__FFOOD_387__bin.6,218406/2483/1
ODFM-BA-A-0156-001_Mycetocola_reblochoni_JCM_30549,ODFM-BA-A-0156-001_Mycetocola_reblochoni_JCM_30549,218406/2485/1
WalshL_xxxx__D9__bin.6,WalshL_xxxx__D9__bin.6,218406/2487/1
DeFilippisF_xxxx__DF_5__bin.16,DeFilippisF_xxxx__DF_5__bin.16,218406/2488/1
MortensenS_xxxx__WK024-2-L-48h-02G9_S123__bin.9,MortensenS_xxxx__WK024-2-L-48h-02G9_S123__bin.9,218406/2493/1
MASTER_WP4_UNINA_1__SF013_71775__bin.7,MASTER_WP4_UNINA_1__SF013_71775__bin.7,218406/2495/1
MASTER_WP4_FFoQSI_2__VB04-21__bin.1,MASTER_WP4_FFoQSI_2__VB04-21__bin.1,218406/2496/1
KastmanEK_2016__CSB888__bin.2,KastmanEK_2016__CSB888__bin.2,218406/2499/1
MAG_76,MAG_76,218406/2500/1
LeechJ_xxxx__AF91__bin.4,LeechJ_xxxx__AF91__bin.4,218406/2503/1
MASTER_WP4_UNINA_1__MO013_71775__bin.1,MASTER_WP4_UNINA_1__MO013_71775__bin.1,218406/2504/1
KastmanEK_2016__CSB734__bin.4,KastmanEK_2016__CSB734__bin.4,218406/2505/1
MASTER_WP4_UNINA_2__F-22__bin.1,MASTER_WP4_UNINA_2__F-22__bin.1,218406/2508/1
MASTER_WP4_UNINA_2__V-25__bin.15,MASTER_WP4_UNINA_2__V-25__bin.15,218406/2509/1
DeFilippisF_xxxx__DF_62__bin.5,DeFilippisF_xxxx__DF_62__bin.5,218406/2510/1
MAG_27,MAG_27,218406/2514/1
DecadtH_2024__ERR11718197__bin.11,DecadtH_2024__ERR11718197__bin.11,218406/2516/1
MASTER_WP4_FFoQSI_1__VB-03-M5__bin.22,MASTER_WP4_FFoQSI_1__VB-03-M5__bin.22,218406/2517/1
ODFM-BA-A-0141-001_Corynebacterium_flavescens_CCUG_28791T,ODFM-BA-A-0141-001_Corynebacterium_flavescens_CCUG_28791T,218406/2520/1
ODFM-BA-A-0051-001_Pichia_kluyveri_CBA6002,ODFM-BA-A-0051-001_Pichia_kluyveri_CBA6002,218406/2522/1
MASTER_WP4_FFoQSI_3__VB07-30__bin.42,MASTER_WP4_FFoQSI_3__VB07-30__bin.42,218406/2524/1
MASTER_WP4_TEAGASC_1__TGS11-22__bin.4,MASTER_WP4_TEAGASC_1__TGS11-22__bin.4,218406/2526/1
LeechJ_xxxx__AF25__bin.13,LeechJ_xxxx__AF25__bin.13,218406/2528/1
MortensenS_xxxx__WK064-2-L-48h-05A5_S57__bin.10,MortensenS_xxxx__WK064-2-L-48h-05A5_S57__bin.10,218406/2530/1
AlvarezOrdonezA_xxxx__Q06-25__bin.5,AlvarezOrdonezA_xxxx__Q06-25__bin.5,218406/2531/1
KastmanEK_2016__CSB694__bin.6,KastmanEK_2016__CSB694__bin.6,218406/2533/1
MASTER_WP4_FFoQSI_1__VB14-F-BR__bin.43,MASTER_WP4_FFoQSI_1__VB14-F-BR__bin.43,218406/2534/1
DuruIC_2018__ERS2061100__bin.3,DuruIC_2018__ERS2061100__bin.3,218406/2539/1
CM_UNINA_FFOOD__FFOOD_241__bin.3,CM_UNINA_FFOOD__FFOOD_241__bin.3,218406/2542/1
MASTER_WP4_UNINA_2__O-25.1__bin.1,MASTER_WP4_UNINA_2__O-25.1__bin.1,218406/2544/1
MAG_85,MAG_85,218406/2545/1
MortensenS_xxxx__WK050-2-L-48h-04D1_S128__bin.5,MortensenS_xxxx__WK050-2-L-48h-04D1_S128__bin.5,218406/2546/1
LeechJ_2020__ERS3967719__bin.1,LeechJ_2020__ERS3967719__bin.1,218406/2547/1
FalardeauJ_2023__SRR20811140__bin.4,FalardeauJ_2023__SRR20811140__bin.4,218406/2549/1
SRR10454509C293_malorum_assembly,SRR10454509C293_malorum_assembly,218406/2550/1
CM_UNINA_FFOOD__FFOOD_282__bin.3,CM_UNINA_FFOOD__FFOOD_282__bin.3,218406/2552/1
AlvarezOrdonezA_xxxx__F05-18__bin.2,AlvarezOrdonezA_xxxx__F05-18__bin.2,218406/2557/1
MASTER_WP4_FFoQSI_1__VB-09-M8__bin.26,MASTER_WP4_FFoQSI_1__VB-09-M8__bin.26,218406/2559/1
MASTER_WP4_UNINA_1__GR211_71775__bin.4,MASTER_WP4_UNINA_1__GR211_71775__bin.4,218406/2560/1
ODFM-BA-A-0174-001_Clostridium_botulinum_CDC66089,ODFM-BA-A-0174-001_Clostridium_botulinum_CDC66089,218406/2563/1
LiZ_2018__SRS2920550__bin.23,LiZ_2018__SRS2920550__bin.23,218406/2564/1
LimaC_2020__SRR9640353__bin.15,LimaC_2020__SRR9640353__bin.15,218406/2566/1
WalshL_xxxx__k4__bin.7,WalshL_xxxx__k4__bin.7,218406/2567/1
DeFilippisF_xxxx__DF_30__bin.3,DeFilippisF_xxxx__DF_30__bin.3,218406/2572/1
CM_UNINA_FFOOD__FFOOD_410__bin.9,CM_UNINA_FFOOD__FFOOD_410__bin.9,218406/2575/1
MASTER_WP4_UNINA_1__PU007_71775__bin.55,MASTER_WP4_UNINA_1__PU007_71775__bin.55,218406/2576/1
MASTER_WP4_UNINA_1__PM005_71775__bin.7,MASTER_WP4_UNINA_1__PM005_71775__bin.7,218406/2577/1
LeechJ_2020__ERS3967702__bin.2,LeechJ_2020__ERS3967702__bin.2,218406/2578/1
EBC_082.15,EBC_082.15,218406/2580/1
MASTER_WP4_CSIC_2__P2578__bin.9,MASTER_WP4_CSIC_2__P2578__bin.9,218406/2582/1
LeechJ_xxxx__AF52__bin.4,LeechJ_xxxx__AF52__bin.4,218406/2583/1
LeechJ_xxxx__AF86__bin.9,LeechJ_xxxx__AF86__bin.9,218406/2585/1
MAG_309,MAG_309,218406/2586/1
DeFilippisF_xxxx__DS_91__bin.14,DeFilippisF_xxxx__DS_91__bin.14,218406/2589/1
DeFilippisF_xxxx__DF_77__bin.11,DeFilippisF_xxxx__DF_77__bin.11,218406/2590/1
MAG_6,MAG_6,218406/2596/1
MASTER_WP4_CSIC_2__P2614__bin.34,MASTER_WP4_CSIC_2__P2614__bin.34,218406/2597/1
WolfeBE_2014__894_Twig_Tomme__bin.3,WolfeBE_2014__894_Twig_Tomme__bin.3,218406/2599/1
LeechJ_xxxx__AF39__bin.7,LeechJ_xxxx__AF39__bin.7,218406/2603/1
MAG_358,MAG_358,218406/2605/1
MASTER_WP4_CSIC_1__P2192_73323__bin.5,MASTER_WP4_CSIC_1__P2192_73323__bin.5,218406/2606/1
MASTER_WP4_FFoQSI_1__VB-14-M18__bin.59,MASTER_WP4_FFoQSI_1__VB-14-M18__bin.59,218406/2607/1
MAG_189,MAG_189,218406/2608/1
MASTER_WP4_CSIC_2__P2481__bin.7,MASTER_WP4_CSIC_2__P2481__bin.7,218406/2609/1
CM_UNINA_FFOOD__FFOOD_311__bin.4,CM_UNINA_FFOOD__FFOOD_311__bin.4,218406/2611/1
EBC_134.5,EBC_134.5,218406/2612/1
AlvarezOrdonezA_xxxx__Q04-27__bin.16,AlvarezOrdonezA_xxxx__Q04-27__bin.16,218406/2613/1
MASTER_WP4_UNINA_1__AS006_71775__bin.7,MASTER_WP4_UNINA_1__AS006_71775__bin.7,218406/2616/1
EscobarZepedaA_2016__SRS974112__bin.21,EscobarZepedaA_2016__SRS974112__bin.21,218406/2623/1
MotaGutierrezJ_2021__SRR11602150__bin.6,MotaGutierrezJ_2021__SRR11602150__bin.6,218406/2625/1
ChaconVargasK_2020__SRS6087094__bin.8,ChaconVargasK_2020__SRS6087094__bin.8,218406/2626/1
MASTER_WP4_FFoQSI_1__KM-2D__bin.47,MASTER_WP4_FFoQSI_1__KM-2D__bin.47,218406/2627/1
MortensenS_xxxx__WK004-2-L-48h-01G7_S40__bin.2,MortensenS_xxxx__WK004-2-L-48h-01G7_S40__bin.2,218406/2628/1
PatroJN_2016__SRS1044740__bin.1,PatroJN_2016__SRS1044740__bin.1,218406/2629/1
MASTER_WP4_UNINA_2__T-22__bin.5,MASTER_WP4_UNINA_2__T-22__bin.5,218406/2630/1
MASTER_WP4_UNINA_1__TO013_71775__bin.14,MASTER_WP4_UNINA_1__TO013_71775__bin.14,218406/2631/1
LeechJ_2020__ERS3967735__bin.10,LeechJ_2020__ERS3967735__bin.10,218406/2632/1
AlvarezOrdonezA_xxxx__F02-19__bin.8,AlvarezOrdonezA_xxxx__F02-19__bin.8,218406/2635/1
AlvarezOrdonezA_xxxx__Q06-22__bin.1,AlvarezOrdonezA_xxxx__Q06-22__bin.1,218406/2644/1
MASTER_WP4_FFoQSI_1__VB-12D__bin.16,MASTER_WP4_FFoQSI_1__VB-12D__bin.16,218406/2645/1
DeFilippisF_xxxx__DS_51__bin.11,DeFilippisF_xxxx__DS_51__bin.11,218406/2646/1
LeechJ_xxxx__AF68__bin.10,LeechJ_xxxx__AF68__bin.10,218406/2647/1
MortensenS_xxxx__WK049-2-L-48h-05A9_S61__bin.1,MortensenS_xxxx__WK049-2-L-48h-05A9_S61__bin.1,218406/2648/1
FalardeauJ_2023__SRR20811271__bin.6,FalardeauJ_2023__SRR20811271__bin.6,218406/2649/1
CM_UNINA_FFOOD__FFOOD_314__bin.7,CM_UNINA_FFOOD__FFOOD_314__bin.7,218406/2650/1
FontanaF_2023__SRR20746867__bin.4,FontanaF_2023__SRR20746867__bin.4,218406/2651/1
MASTER_WP4_TEAGASC_1__TGS06-22__bin.15,MASTER_WP4_TEAGASC_1__TGS06-22__bin.15,218406/2654/1
LimaC_2020__SRR9640356__bin.14,LimaC_2020__SRR9640356__bin.14,218406/2656/1
MortensenS_xxxx__WK031-2-L-08h-03B3_S31__bin.4,MortensenS_xxxx__WK031-2-L-08h-03B3_S31__bin.4,218406/2663/1
WalshAM_2020__ERS3466789__bin.2,WalshAM_2020__ERS3466789__bin.2,218406/2664/1
MASTER_WP4_UNINA_1__FI010_71775__bin.21,MASTER_WP4_UNINA_1__FI010_71775__bin.21,218406/2665/1
MASTER_WP4_TEAGASC_1__TGS04-28__bin.18,MASTER_WP4_TEAGASC_1__TGS04-28__bin.18,218406/2666/1
LeechJ_xxxx__AF64__bin.2,LeechJ_xxxx__AF64__bin.2,218406/2667/1
PatroJN_2016__SRS1044732__bin.6,PatroJN_2016__SRS1044732__bin.6,218406/2668/1
YulandiA_2020__SRS6115053__bin.6,YulandiA_2020__SRS6115053__bin.6,218406/2670/1
AlvarezOrdonezA_xxxx__Q07-22__bin.16,AlvarezOrdonezA_xxxx__Q07-22__bin.16,218406/2672/1
ZhaoCC_2020__SRS5803195__bin.4,ZhaoCC_2020__SRS5803195__bin.4,218406/2673/1
MASTER_WP4_UNINA_1__PM002_71775__bin.11,MASTER_WP4_UNINA_1__PM002_71775__bin.11,218406/2681/1
MASTER_WP4_FFoQSI_1__VB-15-M11__bin.21,MASTER_WP4_FFoQSI_1__VB-15-M11__bin.21,218406/2682/1
MASTER_WP4_CSIC_1__P2136_73322__bin.11,MASTER_WP4_CSIC_1__P2136_73322__bin.11,218406/2683/1
MacoriG_2019__CS_R44__bin.13,MacoriG_2019__CS_R44__bin.13,218406/2685/1
MAG_416,MAG_416,218406/2687/1
EBC_088.5,EBC_088.5,218406/2688/1
DeFilippisF_xxxx__DF_11__bin.19,DeFilippisF_xxxx__DF_11__bin.19,218406/2689/1
CM_UNINA_FFOOD__FFOOD_324__bin.15,CM_UNINA_FFOOD__FFOOD_324__bin.15,218406/2691/1
MortensenS_xxxx__WK028-1-L-48h-02I8_S18__bin.4,MortensenS_xxxx__WK028-1-L-48h-02I8_S18__bin.4,218406/2692/1
PatroJN_2016__SRS1044738__bin.12,PatroJN_2016__SRS1044738__bin.12,218406/2697/1
MASTER_WP4_UNINA_1__FO007_71775__bin.2,MASTER_WP4_UNINA_1__FO007_71775__bin.2,218406/2698/1
FontanaF_2023__SRR20746930__bin.7,FontanaF_2023__SRR20746930__bin.7,218406/2699/1
MAG_447,MAG_447,218406/2702/1
MASTER_WP4_UNINA_1__PM012_71775__bin.20,MASTER_WP4_UNINA_1__PM012_71775__bin.20,218406/2704/1
MASTER_WP4_TEAGASC_1__TGS12-29__bin.36,MASTER_WP4_TEAGASC_1__TGS12-29__bin.36,218406/2706/1
WalshL_xxxx__F4__bin.3,WalshL_xxxx__F4__bin.3,218406/2707/1
DeFilippisF_xxxx__DF_88__bin.11,DeFilippisF_xxxx__DF_88__bin.11,218406/2712/1
MAG_507,MAG_507,218406/2713/1
MASTER_WP4_UNINA_2__O-30__bin.2,MASTER_WP4_UNINA_2__O-30__bin.2,218406/2715/1
AlvarezOrdonezA_xxxx__Q02-29__bin.6,AlvarezOrdonezA_xxxx__Q02-29__bin.6,218406/2716/1
MASTER_WP4_FFoQSI_3__VB14-26__bin.5,MASTER_WP4_FFoQSI_3__VB14-26__bin.5,218406/2718/1
WolfeBE_2014__337_Mileens__bin.8,WolfeBE_2014__337_Mileens__bin.8,218406/2721/1
LeechJ_2020__ERS3967699__bin.2,LeechJ_2020__ERS3967699__bin.2,218406/2722/1
MAG_591,MAG_591,218406/2723/1
MAG_600,MAG_600,218406/2724/1
MortensenS_xxxx__WK037-2-G-48h-04B4_S113__bin.1,MortensenS_xxxx__WK037-2-G-48h-04B4_S113__bin.1,218406/2727/1
MASTER_WP4_FFoQSI_1__VB-16-M15__bin.33,MASTER_WP4_FFoQSI_1__VB-16-M15__bin.33,218406/2728/1
MAG_59,MAG_59,218406/2729/1
CM_UNINA_FFOOD__FFOOD_277__bin.12,CM_UNINA_FFOOD__FFOOD_277__bin.12,218406/2733/1
MASTER_WP4_FFoQSI_1__VB-15-AG__bin.2,MASTER_WP4_FFoQSI_1__VB-15-AG__bin.2,218406/2738/1
FalardeauJ_2023__SRR20811133__bin.9,FalardeauJ_2023__SRR20811133__bin.9,218406/2741/1
WalshL_xxxx__C1__bin.1,WalshL_xxxx__C1__bin.1,218406/2742/1
MASTER_WP4_CSIC_2__P2560__bin.7,MASTER_WP4_CSIC_2__P2560__bin.7,218406/2743/1
AlvarezOrdonezA_xxxx__Q08-25__bin.15,AlvarezOrdonezA_xxxx__Q08-25__bin.15,218406/2745/1
MASTER_WP4_TEAGASC_1__TGS11-22__bin.15,MASTER_WP4_TEAGASC_1__TGS11-22__bin.15,218406/2746/1
MASTER_WP4_FFoQSI_1__VB-08-BD__bin.60,MASTER_WP4_FFoQSI_1__VB-08-BD__bin.60,218406/2747/1
MASTER_WP4_CSIC_2__P2544__bin.17,MASTER_WP4_CSIC_2__P2544__bin.17,218406/2748/1
YouL_2022__SRR13308540__bin.3,YouL_2022__SRR13308540__bin.3,218406/2749/1
MASTER_WP4_UNINA_1__PR006_71775__bin.4,MASTER_WP4_UNINA_1__PR006_71775__bin.4,218406/2754/1
AlvarezOrdonezA_xxxx__Q03-22__bin.2,AlvarezOrdonezA_xxxx__Q03-22__bin.2,218406/2758/1
LeechJ_2020__ERS3967688__bin.1,LeechJ_2020__ERS3967688__bin.1,218406/2761/1
MAG_473,MAG_473,218406/2762/1
CM_UNINA_FFOOD__FFOOD_296__bin.3,CM_UNINA_FFOOD__FFOOD_296__bin.3,218406/2763/1
MortensenS_xxxx__WK057-2-L-08h-04G3_S28__bin.3,MortensenS_xxxx__WK057-2-L-08h-04G3_S28__bin.3,218406/2764/1
HeilCS_2018__Old_Warehouse_metagenome__bin.8,HeilCS_2018__Old_Warehouse_metagenome__bin.8,218406/2765/1
MASTER_WP4_TEAGASC_1__TGS13-29__bin.11,MASTER_WP4_TEAGASC_1__TGS13-29__bin.11,218406/2766/1
AlvarezOrdonezA_xxxx__Q07-22__bin.22,AlvarezOrdonezA_xxxx__Q07-22__bin.22,218406/2767/1
LopezSanchezR_2023__SRR13708565__bin.1,LopezSanchezR_2023__SRR13708565__bin.1,218406/2769/1
MAG_422,MAG_422,218406/2772/1
LandisEA_2021__SRS5652903__bin.2,LandisEA_2021__SRS5652903__bin.2,218406/2780/1
LeechJ_2020__ERS3967715__bin.4,LeechJ_2020__ERS3967715__bin.4,218406/2781/1
MASTER_WP4_CSIC_2__P2600__bin.15,MASTER_WP4_CSIC_2__P2600__bin.15,218406/2782/1
EBC_084.34,EBC_084.34,218406/2783/1
MAG_463,MAG_463,218406/2784/1
MAG_572,MAG_572,218406/2785/1
DeFilippisF_xxxx__DF_41__bin.2,DeFilippisF_xxxx__DF_41__bin.2,218406/2786/1
MAG_523,MAG_523,218406/2789/1
WalshAM_2020__ERS3466761__bin.2,WalshAM_2020__ERS3466761__bin.2,218406/2790/1
MASTER_WP4_TEAGASC_1__TGS05-30_0__bin.3,MASTER_WP4_TEAGASC_1__TGS05-30_0__bin.3,218406/2796/1
MAG_490,MAG_490,218406/2799/1
MAG_18,MAG_18,218406/2800/1
C-R09.bin.5,C-R09.bin.5,218406/2801/1
LeechJ_xxxx__AF44__bin.8,LeechJ_xxxx__AF44__bin.8,218406/2803/1
LimaC_2020__SRR9640346__bin.19,LimaC_2020__SRR9640346__bin.19,218406/2804/1
FontanaF_2023__SRR20746869__bin.6,FontanaF_2023__SRR20746869__bin.6,218406/2805/1
MASTER_WP4_FFoQSI_1__RC17-F-AR__bin.23,MASTER_WP4_FFoQSI_1__RC17-F-AR__bin.23,218406/2806/1
LeechJ_xxxx__AF54__bin.1,LeechJ_xxxx__AF54__bin.1,218406/2809/1
MASTER_WP4_CSIC_1__P2232_73323__bin.4,MASTER_WP4_CSIC_1__P2232_73323__bin.4,218406/2810/1
MAG_49,MAG_49,218406/2814/1
PothakosV_2020__ERS2068301__bin.17,PothakosV_2020__ERS2068301__bin.17,218406/2819/1
MASTER_WP4_FFoQSI_2__VB15-28__bin.1,MASTER_WP4_FFoQSI_2__VB15-28__bin.1,218406/2820/1
MASTER_WP4_CSIC_2__P2618__bin.29,MASTER_WP4_CSIC_2__P2618__bin.29,218406/2821/1
MASTER_WP4_FFoQSI_1__VB-05-AD__bin.30,MASTER_WP4_FFoQSI_1__VB-05-AD__bin.30,218406/2822/1
MortensenS_xxxx__WK020-2-G-48h-01E5_S20__bin.3,MortensenS_xxxx__WK020-2-G-48h-01E5_S20__bin.3,218406/2823/1
MAG_517,MAG_517,218406/2826/1
MortensenS_xxxx__WK047-1-L-48h-03I3_S94__bin.2,MortensenS_xxxx__WK047-1-L-48h-03I3_S94__bin.2,218406/2827/1
LeechJ_xxxx__AF67__bin.4,LeechJ_xxxx__AF67__bin.4,218406/2830/1
MASTER_WP4_CSIC_2__P2610__bin.18,MASTER_WP4_CSIC_2__P2610__bin.18,218406/2833/1
FerrocinoI_2018__SRS1779550__bin.5,FerrocinoI_2018__SRS1779550__bin.5,218406/2835/1
MASTER_WP4_UNINA_2__O-23.1__bin.12,MASTER_WP4_UNINA_2__O-23.1__bin.12,218406/2837/1
MAG_457,MAG_457,218406/2838/1
EBC_089.4,EBC_089.4,218406/2840/1
MASTER_WP4_FFoQSI_2__VB03-30__bin.18,MASTER_WP4_FFoQSI_2__VB03-30__bin.18,218406/2842/1
MASTER_WP4_FFoQSI_2__VB15-25__bin.5,MASTER_WP4_FFoQSI_2__VB15-25__bin.5,218406/2843/1
FontanaF_2023__SRR20746909__bin.11,FontanaF_2023__SRR20746909__bin.11,218406/2846/1
MAG_546,MAG_546,218406/2848/1
MortensenS_xxxx__WK036-1-L-08h-03D3_S49__bin.1,MortensenS_xxxx__WK036-1-L-08h-03D3_S49__bin.1,218406/2850/1
EBC_140.10,EBC_140.10,218406/2851/1
CM_UNINA_FFOOD__FFOOD_425__bin.9,CM_UNINA_FFOOD__FFOOD_425__bin.9,218406/2852/1
AlvarezOrdonezA_xxxx__Q04-30__bin.7,AlvarezOrdonezA_xxxx__Q04-30__bin.7,218406/2857/1
DeFilippisF_xxxx__DS_97__bin.16,DeFilippisF_xxxx__DS_97__bin.16,218406/2858/1
MASTER_WP4_TEAGASC_1__TGS04-30__bin.24,MASTER_WP4_TEAGASC_1__TGS04-30__bin.24,218406/2859/1
MAG_406,MAG_406,218406/2862/1
MASTER_WP4_CSIC_2__P2611__bin.11,MASTER_WP4_CSIC_2__P2611__bin.11,218406/2866/1
LeechJ_xxxx__AF59__bin.5,LeechJ_xxxx__AF59__bin.5,218406/2868/1
MortensenS_xxxx__WK024-2-L-48h-02G9_S123__bin.2,MortensenS_xxxx__WK024-2-L-48h-02G9_S123__bin.2,218406/2869/1
MASTER_WP4_FFoQSI_1__DC18-032__bin.14,MASTER_WP4_FFoQSI_1__DC18-032__bin.14,218406/2870/1
MASTER_WP4_UNINA_2__I-28__bin.9,MASTER_WP4_UNINA_2__I-28__bin.9,218406/2872/1
MortensenS_xxxx__WK004-2-L-08h-01G6_S39__bin.9,MortensenS_xxxx__WK004-2-L-08h-01G6_S39__bin.9,218406/2873/1
DeFilippisF_xxxx__DS_20__bin.5,DeFilippisF_xxxx__DS_20__bin.5,218406/2876/1
MASTER_WP4_UNINA_2__V-24__bin.17,MASTER_WP4_UNINA_2__V-24__bin.17,218406/2878/1
MASTER_WP4_TEAGASC_1__TGS08-30__bin.4,MASTER_WP4_TEAGASC_1__TGS08-30__bin.4,218406/2880/1
LimaC_2020__SRR9640355__bin.23,LimaC_2020__SRR9640355__bin.23,218406/2883/1
MASTER_WP4_UNINA_2__T-24.1__bin.4,MASTER_WP4_UNINA_2__T-24.1__bin.4,218406/2884/1
MASTER_WP4_UNINA_1__SR008_71775__bin.23,MASTER_WP4_UNINA_1__SR008_71775__bin.23,218406/2886/1
CM_UNINA_FFOOD__FFOOD_226__bin.5,CM_UNINA_FFOOD__FFOOD_226__bin.5,218406/2887/1
MortensenS_xxxx__WK026-2-L-08h-02I1_S11__bin.6,MortensenS_xxxx__WK026-2-L-08h-02I1_S11__bin.6,218406/2891/1
LeechJ_xxxx__AF81__bin.6,LeechJ_xxxx__AF81__bin.6,218406/2892/1
MASTER_WP4_UNINA_1__TO013_71775__bin.4,MASTER_WP4_UNINA_1__TO013_71775__bin.4,218406/2893/1
DeFilippisF_xxxx__DF_79__bin.16,DeFilippisF_xxxx__DF_79__bin.16,218406/2896/1
MortensenS_xxxx__WK059-2-G-48h-05H2_S117__bin.4,MortensenS_xxxx__WK059-2-G-48h-05H2_S117__bin.4,218406/2897/1
FontanaF_2023__SRR20746839__bin.7,FontanaF_2023__SRR20746839__bin.7,218406/2899/1
MASTER_WP4_CSIC_1__P2134_73322__bin.19,MASTER_WP4_CSIC_1__P2134_73322__bin.19,218406/2904/1
CM_UNINA_FFOOD__FFOOD_338__bin.15,CM_UNINA_FFOOD__FFOOD_338__bin.15,218406/2907/1
LeechJ_xxxx__AF59__bin.12,LeechJ_xxxx__AF59__bin.12,218406/2908/1
LeechJ_xxxx__AF62__bin.7,LeechJ_xxxx__AF62__bin.7,218406/2909/1
AlvarezOrdonezA_xxxx__Q05-22__bin.7,AlvarezOrdonezA_xxxx__Q05-22__bin.7,218406/2910/1
MASTER_WP4_TEAGASC_1__TGS01-22__bin.14,MASTER_WP4_TEAGASC_1__TGS01-22__bin.14,218406/2911/1
LeechJ_xxxx__AF14__bin.9,LeechJ_xxxx__AF14__bin.9,218406/2913/1
C-R02.bin.1,C-R02.bin.1,218406/2915/1
WalshL_xxxx__R3__bin.3,WalshL_xxxx__R3__bin.3,218406/2917/1
EscobarZepedaA_2016__SRS974112__bin.31,EscobarZepedaA_2016__SRS974112__bin.31,218406/2920/1
MASTER_WP4_UNINA_2__O-25.1__bin.33,MASTER_WP4_UNINA_2__O-25.1__bin.33,218406/2922/1
FontanaF_2023__SRR20746927__bin.1,FontanaF_2023__SRR20746927__bin.1,218406/2927/1
MASTER_WP4_UNINA_1__PM005_71775__bin.12,MASTER_WP4_UNINA_1__PM005_71775__bin.12,218406/2928/1
DuR_2020__DRS139335__bin.12,DuR_2020__DRS139335__bin.12,218406/2929/1
CM_UNINA_FFOOD__FFOOD_330__bin.10,CM_UNINA_FFOOD__FFOOD_330__bin.10,218406/2930/1
LeechJ_2020__ERS3967723__bin.2,LeechJ_2020__ERS3967723__bin.2,218406/2934/1
LeechJ_xxxx__AF43__bin.10,LeechJ_xxxx__AF43__bin.10,218406/2935/1
YaoG_2017__NM17-1__bin.7,YaoG_2017__NM17-1__bin.7,218406/2937/1
MAG_199,MAG_199,218406/2938/1
MASTER_WP4_FFoQSI_1__DC18-F-AR__bin.10,MASTER_WP4_FFoQSI_1__DC18-F-AR__bin.10,218406/2939/1
FontanaF_2023__SRR20746870__bin.2,FontanaF_2023__SRR20746870__bin.2,218406/2941/1
ZhaoCC_2020__SRS5803193__bin.1,ZhaoCC_2020__SRS5803193__bin.1,218406/2942/1
FalardeauJ_2023__SRR20811281__bin.8,FalardeauJ_2023__SRR20811281__bin.8,218406/2944/1
DeFilippisF_xxxx__DS_68__bin.16,DeFilippisF_xxxx__DS_68__bin.16,218406/2947/1
LeechJ_2020__ERS3967692__bin.3,LeechJ_2020__ERS3967692__bin.3,218406/2953/1
MAG_348,MAG_348,218406/2954/1
MASTER_WP4_TEAGASC_1__TGS09-22__bin.4,MASTER_WP4_TEAGASC_1__TGS09-22__bin.4,218406/2955/1
MortensenS_xxxx__WK049-1-L-48h-05A7_S59__bin.3,MortensenS_xxxx__WK049-1-L-48h-05A7_S59__bin.3,218406/2957/1
ZhaoCC_2020__SRS5803195__bin.23,ZhaoCC_2020__SRS5803195__bin.23,218406/2958/1
AlvarezOrdonezA_xxxx__Q02-29__bin.13,AlvarezOrdonezA_xxxx__Q02-29__bin.13,218406/2959/1
DeFilippisF_xxxx__DF_114__bin.24,DeFilippisF_xxxx__DF_114__bin.24,218406/2960/1
MASTER_WP4_UNINA_2__V-24__bin.3,MASTER_WP4_UNINA_2__V-24__bin.3,218406/2961/1
ShangpliangH_2023_b__SRR22851057__bin.2,ShangpliangH_2023_b__SRR22851057__bin.2,218406/2963/1
PothakosV_2020__ERS2068303__bin.6,PothakosV_2020__ERS2068303__bin.6,218406/2969/1
MASTER_WP4_TEAGASC_1__TGS12-29__bin.8,MASTER_WP4_TEAGASC_1__TGS12-29__bin.8,218406/2972/1
MASTER_WP4_CSIC_2__P2558__bin.46,MASTER_WP4_CSIC_2__P2558__bin.46,218406/2973/1
LeechJ_xxxx__AF18__bin.7,LeechJ_xxxx__AF18__bin.7,218406/2974/1
AlvarezOrdonezA_xxxx__Q01-30__bin.4,AlvarezOrdonezA_xxxx__Q01-30__bin.4,218406/2976/1
LopezSanchezR_2023__SRR13708567__bin.11,LopezSanchezR_2023__SRR13708567__bin.11,218406/2978/1
KumarJ_2019__SRS4562501__bin.2,KumarJ_2019__SRS4562501__bin.2,218406/2979/1
MASTER_WP4_CSIC_2__P2558__bin.17,MASTER_WP4_CSIC_2__P2558__bin.17,218406/2981/1
MASTER_WP4_FFoQSI_1__KM-5G__bin.26,MASTER_WP4_FFoQSI_1__KM-5G__bin.26,218406/2982/1
EBC_080.11,EBC_080.11,218406/2986/1
MortensenS_xxxx__WK026-2-G-48h-04A2_S102__bin.3,MortensenS_xxxx__WK026-2-G-48h-04A2_S102__bin.3,218406/2988/1
LimaC_2020__SRR9640351__bin.6,LimaC_2020__SRR9640351__bin.6,218406/2991/1
LeechJ_xxxx__AF26__bin.6,LeechJ_xxxx__AF26__bin.6,218406/2994/1
MortensenS_xxxx__WK001-1-L-08h-01F1_S25__bin.10,MortensenS_xxxx__WK001-1-L-08h-01F1_S25__bin.10,218406/2996/1
MotaGutierrezJ_2021__SRR11602155__bin.28,MotaGutierrezJ_2021__SRR11602155__bin.28,218406/2997/1
YulandiA_2020__SRS6115053__bin.13,YulandiA_2020__SRS6115053__bin.13,218406/2998/1
MASTER_WP4_FFoQSI_1__VB-09-M8__bin.67,MASTER_WP4_FFoQSI_1__VB-09-M8__bin.67,218406/2999/1
MASTER_WP4_TEAGASC_1__TGS04-21__bin.9,MASTER_WP4_TEAGASC_1__TGS04-21__bin.9,218406/3003/1
MASTER_WP4_UNINA_2__T-22__bin.17,MASTER_WP4_UNINA_2__T-22__bin.17,218406/3006/1
CM_UNINA_FFOOD__FFOOD_340__bin.17,CM_UNINA_FFOOD__FFOOD_340__bin.17,218406/3007/1
MASTER_WP4_CSIC_2__P2615__bin.19,MASTER_WP4_CSIC_2__P2615__bin.19,218406/3008/1
MortensenS_xxxx__WK050-1-L-08h-04C7_S125__bin.6,MortensenS_xxxx__WK050-1-L-08h-04C7_S125__bin.6,218406/3012/1
ArikanM_2020__ERS1939655__bin.3,ArikanM_2020__ERS1939655__bin.3,218406/3014/1
ArikanM_2020__ERS1875938__bin.4,ArikanM_2020__ERS1875938__bin.4,218406/3015/1
PatroJN_2016__SRS1044739__bin.7,PatroJN_2016__SRS1044739__bin.7,218406/3016/1
MASTER_WP4_CSIC_1__P2153_73322__bin.7,MASTER_WP4_CSIC_1__P2153_73322__bin.7,218406/3017/1
MortensenS_xxxx__WK025-2-L-48h-02H7_S8__bin.7,MortensenS_xxxx__WK025-2-L-48h-02H7_S8__bin.7,218406/3018/1
FontanaF_2023__SRR20746852__bin.4,FontanaF_2023__SRR20746852__bin.4,218406/3020/1
MASTER_WP4_CSIC_2__P2616__bin.2,MASTER_WP4_CSIC_2__P2616__bin.2,218406/3021/1
MASTER_WP4_FFoQSI_3__VB09-30__bin.13,MASTER_WP4_FFoQSI_3__VB09-30__bin.13,218406/3022/1
MortensenS_xxxx__WK027-2-G-48h-04A3_S103__bin.2,MortensenS_xxxx__WK027-2-G-48h-04A3_S103__bin.2,218406/3032/1
MASTER_WP4_UNINA_1__PB007_73417__bin.1,MASTER_WP4_UNINA_1__PB007_73417__bin.1,218406/3033/1
MASTER_WP4_FFoQSI_1__KM-1D__bin.9,MASTER_WP4_FFoQSI_1__KM-1D__bin.9,218406/3034/1
GonzalezOrozcoB_2023__SRR19505782__bin.1,GonzalezOrozcoB_2023__SRR19505782__bin.1,218406/3035/1
MASTER_WP4_CSIC_2__P2637__bin.6,MASTER_WP4_CSIC_2__P2637__bin.6,218406/3036/1
MAG_2,MAG_2,218406/3037/1
MASTER_WP4_FFoQSI_1__KM-5D__bin.21,MASTER_WP4_FFoQSI_1__KM-5D__bin.21,218406/3039/1
MASTER_WP4_CSIC_2__P2549__bin.17,MASTER_WP4_CSIC_2__P2549__bin.17,218406/3040/1
MASTER_WP4_FFoQSI_3__VB08-29__bin.4,MASTER_WP4_FFoQSI_3__VB08-29__bin.4,218406/3041/1
MASTER_WP4_TEAGASC_1__TGS14-22__bin.12,MASTER_WP4_TEAGASC_1__TGS14-22__bin.12,218406/3042/1
MASTER_WP4_FFoQSI_1__KM-2D__bin.43,MASTER_WP4_FFoQSI_1__KM-2D__bin.43,218406/3050/1
MASTER_WP4_FFoQSI_1__VB-12D__bin.12,MASTER_WP4_FFoQSI_1__VB-12D__bin.12,218406/3053/1
FontanaF_2023__SRR20746925__bin.9,FontanaF_2023__SRR20746925__bin.9,218406/3054/1
MASTER_WP4_UNINA_1__AS211_71775__bin.2,MASTER_WP4_UNINA_1__AS211_71775__bin.2,218406/3055/1
MortensenS_xxxx__WK035-2-L-48h-03D2_S48__bin.6,MortensenS_xxxx__WK035-2-L-48h-03D2_S48__bin.6,218406/3056/1
MortensenS_xxxx__WK062-2-L-48h-04I6_S49__bin.7,MortensenS_xxxx__WK062-2-L-48h-04I6_S49__bin.7,218406/3057/1
WalshL_xxxx__S1__bin.2,WalshL_xxxx__S1__bin.2,218406/3058/1
LeechJ_xxxx__AF06__bin.8,LeechJ_xxxx__AF06__bin.8,218406/3059/1
AlvarezOrdonezA_xxxx__C05-18__bin.9,AlvarezOrdonezA_xxxx__C05-18__bin.9,218406/3060/1
LeechJ_xxxx__AF70__bin.6,LeechJ_xxxx__AF70__bin.6,218406/3063/1
AlvarezOrdonezA_xxxx__Q02-30__bin.22,AlvarezOrdonezA_xxxx__Q02-30__bin.22,218406/3072/1
WalshAM_2020__ERS3466754__bin.6,WalshAM_2020__ERS3466754__bin.6,218406/3073/1
LeechJ_xxxx__AF43__bin.3,LeechJ_xxxx__AF43__bin.3,218406/3074/1
MortensenS_xxxx__WK001T-2-L-16h-05F2_S99__bin.5,MortensenS_xxxx__WK001T-2-L-16h-05F2_S99__bin.5,218406/3075/1
BertuzziAS_2018__ERS2032130__bin.3,BertuzziAS_2018__ERS2032130__bin.3,218406/3076/1
MortensenS_xxxx__WK048-1-L-08h-03I6_S97__bin.4,MortensenS_xxxx__WK048-1-L-08h-03I6_S97__bin.4,218406/3077/1
DeFilippisF_xxxx__DS_84__bin.7,DeFilippisF_xxxx__DS_84__bin.7,218406/3078/1
MAG_339,MAG_339,218406/3079/1
AlvarezOrdonezA_xxxx__Q01-22__bin.24,AlvarezOrdonezA_xxxx__Q01-22__bin.24,218406/3081/1
AlvarezOrdonezA_xxxx__C02-19__bin.3,AlvarezOrdonezA_xxxx__C02-19__bin.3,218406/3082/1
TomarS_2023__SRR15925267__bin.13,TomarS_2023__SRR15925267__bin.13,218406/3092/1
MASTER_WP4_FFoQSI_1__RC17-04-AC__bin.13,MASTER_WP4_FFoQSI_1__RC17-04-AC__bin.13,218406/3093/1
DeFilippisF_xxxx__DF_104__bin.1,DeFilippisF_xxxx__DF_104__bin.1,218406/3094/1
SternesPR_2017__Y3D3_B_shotgun__bin.5,SternesPR_2017__Y3D3_B_shotgun__bin.5,218406/3095/1
CM_UNINA_FFOOD__FFOOD_321__bin.10,CM_UNINA_FFOOD__FFOOD_321__bin.10,218406/3096/1
AlvarezOrdonezA_xxxx__Q02-21__bin.5,AlvarezOrdonezA_xxxx__Q02-21__bin.5,218406/3097/1
FalardeauJ_2023__SRR20811221__bin.13,FalardeauJ_2023__SRR20811221__bin.13,218406/3098/1
MortensenS_xxxx__WK041-1-L-48h-03F6_S70__bin.1,MortensenS_xxxx__WK041-1-L-48h-03F6_S70__bin.1,218406/3101/1
LiZ_2018__SRS2920550__bin.1,LiZ_2018__SRS2920550__bin.1,218406/3106/1
MASTER_WP4_CSIC_1__P2247_73323__bin.19,MASTER_WP4_CSIC_1__P2247_73323__bin.19,218406/3107/1
MASTER_WP4_TEAGASC_1__TGS15-30__bin.32,MASTER_WP4_TEAGASC_1__TGS15-30__bin.32,218406/3110/1
AlvarezOrdonezA_xxxx__Q08-23__bin.2,AlvarezOrdonezA_xxxx__Q08-23__bin.2,218406/3111/1
AlvarezOrdonezA_xxxx__Q01-22__bin.5,AlvarezOrdonezA_xxxx__Q01-22__bin.5,218406/3114/1
MASTER_WP4_UNINA_2__I-22__bin.6,MASTER_WP4_UNINA_2__I-22__bin.6,218406/3115/1
LimaC_2020__SRR9640352__bin.18,LimaC_2020__SRR9640352__bin.18,218406/3116/1
AlvarezOrdonezA_xxxx__R03-19__bin.22,AlvarezOrdonezA_xxxx__R03-19__bin.22,218406/3117/1
WalshL_xxxx__Q3__bin.4,WalshL_xxxx__Q3__bin.4,218406/3120/1
CM_UNINA_FFOOD__FFOOD_329__bin.15,CM_UNINA_FFOOD__FFOOD_329__bin.15,218406/3122/1
YouL_2022__SRR13308523__bin.3,YouL_2022__SRR13308523__bin.3,218406/3125/1
QuigleyL_2016__ERS654086__bin.3,QuigleyL_2016__ERS654086__bin.3,218406/3126/1
MASTER_WP4_CSIC_2__P2628__bin.26,MASTER_WP4_CSIC_2__P2628__bin.26,218406/3129/1
MASTER_WP4_UNINA_1__PA004_73417__bin.9,MASTER_WP4_UNINA_1__PA004_73417__bin.9,218406/3130/1
LeechJ_2020__ERS3967702__bin.6,LeechJ_2020__ERS3967702__bin.6,218406/3131/1
FontanaF_2023__SRR20746851__bin.6,FontanaF_2023__SRR20746851__bin.6,218406/3134/1
AlvarezOrdonezA_xxxx__Q07-29__bin.1,AlvarezOrdonezA_xxxx__Q07-29__bin.1,218406/3136/1
MASTER_WP4_UNINA_1__PR102_71775__bin.19,MASTER_WP4_UNINA_1__PR102_71775__bin.19,218406/3139/1
XieM_2019__SAMC044639__bin.31,XieM_2019__SAMC044639__bin.31,218406/3141/1
MASTER_WP4_UNINA_2__I-30__bin.19,MASTER_WP4_UNINA_2__I-30__bin.19,218406/3144/1
MASTER_WP4_UNINA_1__FO007_71775__bin.16,MASTER_WP4_UNINA_1__FO007_71775__bin.16,218406/3145/1
LeechJ_2020__ERS3967716__bin.6,LeechJ_2020__ERS3967716__bin.6,218406/3146/1
LeechJ_xxxx__AF56__bin.9,LeechJ_xxxx__AF56__bin.9,218406/3147/1
FalardeauJ_2023__SRR20811145__bin.3,FalardeauJ_2023__SRR20811145__bin.3,218406/3148/1
LeechJ_2020__ERS3967715__bin.12,LeechJ_2020__ERS3967715__bin.12,218406/3149/1
MAG_484,MAG_484,218406/3155/1
LeechJ_2020__ERS3967722__bin.12,LeechJ_2020__ERS3967722__bin.12,218406/3156/1
MAG_595,MAG_595,218406/3159/1
WalshL_xxxx__L6__bin.4,WalshL_xxxx__L6__bin.4,218406/3160/1
PothakosV_2020__ERS2068302__bin.24,PothakosV_2020__ERS2068302__bin.24,218406/3161/1
MAG_604,MAG_604,218406/3162/1
MASTER_WP4_FFoQSI_1__VB-14-M17__bin.26,MASTER_WP4_FFoQSI_1__VB-14-M17__bin.26,218406/3164/1
DeFilippisF_xxxx__DF_100__bin.11,DeFilippisF_xxxx__DF_100__bin.11,218406/3167/1
MASTER_WP4_CSIC_1__P2136_73322__bin.21,MASTER_WP4_CSIC_1__P2136_73322__bin.21,218406/3173/1
MAG_426,MAG_426,218406/3174/1
MASTER_WP4_FFoQSI_3__VB13-26__bin.1,MASTER_WP4_FFoQSI_3__VB13-26__bin.1,218406/3175/1
MortensenS_xxxx__WK045-2-G-48h-04C3_S121__bin.4,MortensenS_xxxx__WK045-2-G-48h-04C3_S121__bin.4,218406/3176/1
MASTER_WP4_FFoQSI_1__VB14-F-BR__bin.39,MASTER_WP4_FFoQSI_1__VB14-F-BR__bin.39,218406/3177/1
QuijadaN_2022__ERR7245779__bin.25,QuijadaN_2022__ERR7245779__bin.25,218406/3178/1
MASTER_WP4_CSIC_2__P2544__bin.13,MASTER_WP4_CSIC_2__P2544__bin.13,218406/3179/1
CM_UNINA_FFOOD__FFOOD_319__bin.7,CM_UNINA_FFOOD__FFOOD_319__bin.7,218406/3183/1
LeechJ_xxxx__AF10__bin.16,LeechJ_xxxx__AF10__bin.16,218406/3185/1
MAG_537,MAG_537,218406/3190/1
MASTER_WP4_UNINA_1__FI010_71775__bin.25,MASTER_WP4_UNINA_1__FI010_71775__bin.25,218406/3191/1
MASTER_WP4_FFoQSI_1__VB-06-AD__bin.11,MASTER_WP4_FFoQSI_1__VB-06-AD__bin.11,218406/3192/1
LeechJ_xxxx__AF64__bin.6,LeechJ_xxxx__AF64__bin.6,218406/3194/1
MAG_69,MAG_69,218406/3195/1
LiZ_2019__SRS3379159__bin.2,LiZ_2019__SRS3379159__bin.2,218406/3196/1
FontanaF_2023__SRR20746859__bin.1,FontanaF_2023__SRR20746859__bin.1,218406/3199/1
MAG_630,MAG_630,218406/3204/1
DeFilippisF_xxxx__DS_66__bin.15,DeFilippisF_xxxx__DS_66__bin.15,218406/3206/1
MASTER_WP4_UNINA_2__E-22__bin.8,MASTER_WP4_UNINA_2__E-22__bin.8,218406/3207/1
MASTER_WP4_UNINA_2__P-22__bin.13,MASTER_WP4_UNINA_2__P-22__bin.13,218406/3208/1
MASTER_WP4_UNINA_2__V-25.1__bin.6,MASTER_WP4_UNINA_2__V-25.1__bin.6,218406/3209/1
DeFilippisF_xxxx__DF_7__bin.27,DeFilippisF_xxxx__DF_7__bin.27,218406/3211/1
CM_UNINA_FFOOD__FFOOD_314__bin.3,CM_UNINA_FFOOD__FFOOD_314__bin.3,218406/3212/1
WalshL_xxxx__B12__bin.5,WalshL_xxxx__B12__bin.5,218406/3213/1
MASTER_WP4_UNINA_1__CS007_71775__bin.8,MASTER_WP4_UNINA_1__CS007_71775__bin.8,218406/3214/1
MortensenS_xxxx__WK014-2-L-48h-02C2_S80__bin.1,MortensenS_xxxx__WK014-2-L-48h-02C2_S80__bin.1,218406/3221/1
MotaGutierrezJ_2021__SRR11602140__bin.14,MotaGutierrezJ_2021__SRR11602140__bin.14,218406/3226/1
MAG_443,MAG_443,218406/3227/1
MASTER_WP4_CSIC_1__P2172_73322__bin.4,MASTER_WP4_CSIC_1__P2172_73322__bin.4,218406/3228/1
FontanaF_2023__SRR20746881__bin.2,FontanaF_2023__SRR20746881__bin.2,218406/3229/1
LeechJ_xxxx__AF57__bin.11,LeechJ_xxxx__AF57__bin.11,218406/3230/1
MortensenS_xxxx__WK003-2-L-48h-01G3_S36__bin.9,MortensenS_xxxx__WK003-2-L-48h-01G3_S36__bin.9,218406/3233/1
MortensenS_xxxx__WK027-1-L-48h-02I4_S14__bin.10,MortensenS_xxxx__WK027-1-L-48h-02I4_S14__bin.10,218406/3236/1
LimaC_2020__SRR9646966__bin.12,LimaC_2020__SRR9646966__bin.12,218406/3238/1
MAG_503,MAG_503,218406/3240/1
MAG_412,MAG_412,218406/3241/1
MASTER_WP4_UNINA_1__PR202_71775__bin.2,MASTER_WP4_UNINA_1__PR202_71775__bin.2,218406/3242/1
MASTER_WP4_FFoQSI_1__VB-14-M17__bin.2,MASTER_WP4_FFoQSI_1__VB-14-M17__bin.2,218406/3243/1
AlvarezOrdonezA_xxxx__Q07-22__bin.12,AlvarezOrdonezA_xxxx__Q07-22__bin.12,218406/3244/1
MASTER_WP4_FFoQSI_2__VB16-22__bin.19,MASTER_WP4_FFoQSI_2__VB16-22__bin.19,218406/3246/1
YulandiA_2020__SRS6115052__bin.8,YulandiA_2020__SRS6115052__bin.8,218406/3247/1
MAG_552,MAG_552,218406/3248/1
MASTER_WP4_FFoQSI_1__VB-03-M6__bin.9,MASTER_WP4_FFoQSI_1__VB-03-M6__bin.9,218406/3257/1
MASTER_WP4_UNINA_1__SC012_71775__bin.18,MASTER_WP4_UNINA_1__SC012_71775__bin.18,218406/3258/1
MAG_542,MAG_542,218406/3259/1
LeechJ_xxxx__AF59__bin.1,LeechJ_xxxx__AF59__bin.1,218406/3261/1
MAG_402,MAG_402,218406/3262/1
CM_UNINA_FFOOD__FFOOD_317__bin.5,CM_UNINA_FFOOD__FFOOD_317__bin.5,218406/3263/1
AlvarezOrdonezA_xxxx__Q01-29__bin.4,AlvarezOrdonezA_xxxx__Q01-29__bin.4,218406/3264/1
MASTER_WP4_FFoQSI_1__VB-15-M12__bin.12,MASTER_WP4_FFoQSI_1__VB-15-M12__bin.12,218406/3265/1
FontanaF_2023__SRR20746944__bin.1,FontanaF_2023__SRR20746944__bin.1,218406/3267/1
AlvarezOrdonezA_xxxx__F03-19__bin.9,AlvarezOrdonezA_xxxx__F03-19__bin.9,218406/3270/1
FalardeauJ_2023__SRR20811272__bin.11,FalardeauJ_2023__SRR20811272__bin.11,218406/3277/1
MAG_453,MAG_453,218406/3278/1
MagliuloR_2024__SRR28235352__bin.14,MagliuloR_2024__SRR28235352__bin.14,218406/3279/1
FontanaF_2023__SRR20746922__bin.6,FontanaF_2023__SRR20746922__bin.6,218406/3280/1
KastmanEK_2016__CSB694__bin.9,KastmanEK_2016__CSB694__bin.9,218406/3282/1
CM_UNINA_FFOOD__FFOOD_410__bin.12,CM_UNINA_FFOOD__FFOOD_410__bin.12,218406/3283/1
MASTER_WP4_CSIC_1__P2175_73322__bin.5,MASTER_WP4_CSIC_1__P2175_73322__bin.5,218406/3284/1
MortensenS_xxxx__WK015-2-L-08h-02C5_S83__bin.7,MortensenS_xxxx__WK015-2-L-08h-02C5_S83__bin.7,218406/3285/1
AlvarezOrdonezA_xxxx__F03-18__bin.3,AlvarezOrdonezA_xxxx__F03-18__bin.3,218406/3288/1
MASTER_WP4_FFoQSI_1__VB12-F-AR__bin.8,MASTER_WP4_FFoQSI_1__VB12-F-AR__bin.8,218406/3296/1
MASTER_WP4_UNINA_1__FO007_71775__bin.32,MASTER_WP4_UNINA_1__FO007_71775__bin.32,218406/3297/1
LeechJ_xxxx__AF81__bin.2,LeechJ_xxxx__AF81__bin.2,218406/3298/1
KharnaiorP_2023__SRR22859380__bin.13,KharnaiorP_2023__SRR22859380__bin.13,218406/3299/1
MASTER_WP4_UNINA_1__SR008_71775__bin.27,MASTER_WP4_UNINA_1__SR008_71775__bin.27,218406/3301/1
CM_UNINA_FFOOD__FFOOD_226__bin.1,CM_UNINA_FFOOD__FFOOD_226__bin.1,218406/3302/1
CM_UNINA_FFOOD__FFOOD_251__bin.12,CM_UNINA_FFOOD__FFOOD_251__bin.12,218406/3303/1
MASTER_WP4_FFoQSI_1__VB-04-AD__bin.13,MASTER_WP4_FFoQSI_1__VB-04-AD__bin.13,218406/3304/1
MAG_S8,MAG_S8,218406/3305/1
MASTER_WP4_CSIC_2__P2578__bin.15,MASTER_WP4_CSIC_2__P2578__bin.15,218406/3307/1
MASTER_WP4_FFoQSI_1__VB-09-M7__bin.18,MASTER_WP4_FFoQSI_1__VB-09-M7__bin.18,218406/3312/1
YouL_2022__SRR13308529__bin.8,YouL_2022__SRR13308529__bin.8,218406/3314/1
MASTER_WP4_UNINA_1__CS001_71775__bin.14,MASTER_WP4_UNINA_1__CS001_71775__bin.14,218406/3318/1
CM_UNINA_FFOOD__FFOOD_424__bin.7,CM_UNINA_FFOOD__FFOOD_424__bin.7,218406/3319/1
PothakosV_2020__ERS2068301__bin.27,PothakosV_2020__ERS2068301__bin.27,218406/3321/1
MASTER_WP4_FFoQSI_1__VB12-F-BR__bin.37,MASTER_WP4_FFoQSI_1__VB12-F-BR__bin.37,218406/3322/1
AlvarezOrdonezA_xxxx__Q08-29__bin.9,AlvarezOrdonezA_xxxx__Q08-29__bin.9,218406/3323/1
MASTER_WP4_CSIC_1__P2243_73323__bin.18,MASTER_WP4_CSIC_1__P2243_73323__bin.18,218406/3324/1
MASTER_WP4_FFoQSI_1__VB-03-BD__bin.19,MASTER_WP4_FFoQSI_1__VB-03-BD__bin.19,218406/3325/1
MASTER_WP4_CSIC_1__P2137_73322__bin.2,MASTER_WP4_CSIC_1__P2137_73322__bin.2,218406/3331/1
MASTER_WP4_FFoQSI_1__DC18-F-AC__bin.3,MASTER_WP4_FFoQSI_1__DC18-F-AC__bin.3,218406/3333/1
DeFilippisF_xxxx__DS_105__bin.16,DeFilippisF_xxxx__DS_105__bin.16,218406/3336/1
MASTER_WP4_FFoQSI_3__VB14-25__bin.7,MASTER_WP4_FFoQSI_3__VB14-25__bin.7,218406/3337/1
MASTER_WP4_TEAGASC_1__TGS15-30__bin.8,MASTER_WP4_TEAGASC_1__TGS15-30__bin.8,218406/3338/1
MASTER_WP4_TEAGASC_1__TGS12-29__bin.16,MASTER_WP4_TEAGASC_1__TGS12-29__bin.16,218406/3339/1
AlvarezOrdonezA_xxxx__Q06-29__bin.4,AlvarezOrdonezA_xxxx__Q06-29__bin.4,218406/3340/1
MotaGutierrezJ_2021__SRR11602151__bin.10,MotaGutierrezJ_2021__SRR11602151__bin.10,218406/3344/1
LimaC_2020__SRR9640344__bin.8,LimaC_2020__SRR9640344__bin.8,218406/3345/1
WolfeBE_2014__316_Langre__bin.1,WolfeBE_2014__316_Langre__bin.1,218406/3349/1
MASTER_WP4_UNINA_1__CS001_71775__bin.6,MASTER_WP4_UNINA_1__CS001_71775__bin.6,218406/3353/1
FontanaF_2023__SRR20746958__bin.6,FontanaF_2023__SRR20746958__bin.6,218406/3354/1
MortensenS_xxxx__WK048-1-L-48h-03I7_S98__bin.1,MortensenS_xxxx__WK048-1-L-48h-03I7_S98__bin.1,218406/3355/1
CM_UNINA_FFOOD__FFOOD_229__bin.10,CM_UNINA_FFOOD__FFOOD_229__bin.10,218406/3356/1
MAG_436,MAG_436,218406/3357/1
MASTER_WP4_FFoQSI_1__RC17-02__bin.16,MASTER_WP4_FFoQSI_1__RC17-02__bin.16,218406/3358/1
WalshL_xxxx__U-2-10__bin.1,WalshL_xxxx__U-2-10__bin.1,218406/3359/1
AlvarezOrdonezA_xxxx__Q07-30__bin.31,AlvarezOrdonezA_xxxx__Q07-30__bin.31,218406/3361/1
WolfeBE_2014__319_Tarentaise__bin.3,WolfeBE_2014__319_Tarentaise__bin.3,218406/3363/1
LimaC_2020__SRR9640354__bin.1,LimaC_2020__SRR9640354__bin.1,218406/3371/1
MAG_576,MAG_576,218406/3372/1
CM_UNINA_FFOOD__FFOOD_334__bin.9,CM_UNINA_FFOOD__FFOOD_334__bin.9,218406/3373/1
MASTER_WP4_FFoQSI_1__VB-16-M15__bin.27,MASTER_WP4_FFoQSI_1__VB-16-M15__bin.27,218406/3375/1
LeechJ_xxxx__AF54__bin.5,LeechJ_xxxx__AF54__bin.5,218406/3376/1
ODFM-BA-A-0027-003_Lactobacillus_sakei_WiKim0072,ODFM-BA-A-0027-003_Lactobacillus_sakei_WiKim0072,218406/3379/1
MASTER_WP4_FFoQSI_1__RC17-F-AR__bin.27,MASTER_WP4_FFoQSI_1__RC17-F-AR__bin.27,218406/3381/1
MASTER_WP4_CSIC_1__P2238_73323__bin.12,MASTER_WP4_CSIC_1__P2238_73323__bin.12,218406/3383/1
AlvarezOrdonezA_xxxx__Q05-22__bin.10,AlvarezOrdonezA_xxxx__Q05-22__bin.10,218406/3385/1
AlvarezOrdonezA_xxxx__F04-18__bin.3,AlvarezOrdonezA_xxxx__F04-18__bin.3,218406/3386/1
Peaso_bin.1,Peaso_bin.1,218406/3388/1
MAG_585,MAG_585,218406/3389/1
MAG_614,MAG_614,218406/3390/1
CM_UNINA_FFOOD__FFOOD_285__bin.8,CM_UNINA_FFOOD__FFOOD_285__bin.8,218406/3391/1
AlvarezOrdonezA_xxxx__Q08-25__bin.7,AlvarezOrdonezA_xxxx__Q08-25__bin.7,218406/3393/1
MAG_494,MAG_494,218406/3401/1
EinsonEJ_2018__SRS2706108__bin.2,EinsonEJ_2018__SRS2706108__bin.2,218406/3403/1
MASTER_WP4_FFoQSI_1__VB-06-M1__bin.12,MASTER_WP4_FFoQSI_1__VB-06-M1__bin.12,218406/3404/1
CM_UNINA_FFOOD__FFOOD_295__bin.1,CM_UNINA_FFOOD__FFOOD_295__bin.1,218406/3405/1
FalardeauJ_2023__SRR20811179__bin.11,FalardeauJ_2023__SRR20811179__bin.11,218406/3407/1
MortensenS_xxxx__WK022-2-L-08h-02F9_S114__bin.11,MortensenS_xxxx__WK022-2-L-08h-02F9_S114__bin.11,218406/3408/1
LopezSanchezR_2023__SRR13708566__bin.3,LopezSanchezR_2023__SRR13708566__bin.3,218406/3410/1
DeFilippisF_xxxx__DS_83__bin.8,DeFilippisF_xxxx__DS_83__bin.8,218406/3411/1
WalshAM_2020__ERS3466787__bin.4,WalshAM_2020__ERS3466787__bin.4,218406/3414/1
MASTER_WP4_FFoQSI_2__VB08-30__bin.20,MASTER_WP4_FFoQSI_2__VB08-30__bin.20,218406/3416/1
MASTER_WP4_UNINA_2__O-26.1__bin.15,MASTER_WP4_UNINA_2__O-26.1__bin.15,218406/3419/1
MASTER_WP4_TEAGASC_1__TGS14-22__bin.8,MASTER_WP4_TEAGASC_1__TGS14-22__bin.8,218406/3420/1
MASTER_WP4_TEAGASC_1__TGS14-22__bin.36,MASTER_WP4_TEAGASC_1__TGS14-22__bin.36,218406/3424/1
SRR10454494C1110_syzygii_assembly,SRR10454494C1110_syzygii_assembly,218406/3426/1
YuY_2022__SRR16950700__bin.23,YuY_2022__SRR16950700__bin.23,218406/3427/1
YulandiA_2020__SRS6115053__bin.17,YulandiA_2020__SRS6115053__bin.17,218406/3428/1
LeechJ_xxxx__AF26__bin.2,LeechJ_xxxx__AF26__bin.2,218406/3429/1
LimaC_2020__SRR9640351__bin.2,LimaC_2020__SRR9640351__bin.2,218406/3431/1
LandisEA_2021__SRS5653132__bin.3,LandisEA_2021__SRS5653132__bin.3,218406/3433/1
MASTER_WP4_FFoQSI_3__VB08-29__bin.21,MASTER_WP4_FFoQSI_3__VB08-29__bin.21,218406/3434/1
C-R06.bin.7,C-R06.bin.7,218406/3435/1
WalshL_xxxx__P1__bin.1,WalshL_xxxx__P1__bin.1,218406/3443/1
MASTER_WP4_UNINA_2__P-22__bin.7,MASTER_WP4_UNINA_2__P-22__bin.7,218406/3444/1
WalshAM_2020__ERS3466776__bin.15,WalshAM_2020__ERS3466776__bin.15,218406/3445/1
MASTER_WP4_CSIC_2__P2574__bin.18,MASTER_WP4_CSIC_2__P2574__bin.18,218406/3446/1
MASTER_WP4_TEAGASC_1__TGS01-22__bin.24,MASTER_WP4_TEAGASC_1__TGS01-22__bin.24,218406/3447/1
WolfeBE_2014__705_Forme_dAmbert__bin.6,WolfeBE_2014__705_Forme_dAmbert__bin.6,218406/3450/1
MAG_378,MAG_378,218406/3451/1
MagliuloR_2024__SRR28235345__bin.12,MagliuloR_2024__SRR28235345__bin.12,218406/3452/1
MASTER_WP4_CSIC_2__P2631__bin.13,MASTER_WP4_CSIC_2__P2631__bin.13,218406/3453/1
MASTER_WP4_CSIC_2__P2517__bin.25,MASTER_WP4_CSIC_2__P2517__bin.25,218406/3459/1
MASTER_WP4_UNINA_1__TA012_71775__bin.15,MASTER_WP4_UNINA_1__TA012_71775__bin.15,218406/3462/1
MASTER_WP4_FFoQSI_1__DC18-F-AR__bin.20,MASTER_WP4_FFoQSI_1__DC18-F-AR__bin.20,218406/3464/1
MAG_329,MAG_329,218406/3465/1
G_275_1B_tropicalis_assembly,G_275_1B_tropicalis_assembly,218406/3466/1
AlvarezOrdonezA_xxxx__Q02-23__bin.9,AlvarezOrdonezA_xxxx__Q02-23__bin.9,218406/3467/1
CM_UNINA_FFOOD__FFOOD_347__bin.4,CM_UNINA_FFOOD__FFOOD_347__bin.4,218406/3468/1
CM_UNINA_FFOOD__FFOOD_340__bin.13,CM_UNINA_FFOOD__FFOOD_340__bin.13,218406/3469/1
ODFM-BA-A-0149-001_Enterococcus_malodoratus_DSM_20681,ODFM-BA-A-0149-001_Enterococcus_malodoratus_DSM_20681,218406/3471/1
MASTER_WP4_UNINA_2__T-22__bin.13,MASTER_WP4_UNINA_2__T-22__bin.13,218406/3476/1
MASTER_WP4_UNINA_2__T-30__bin.4,MASTER_WP4_UNINA_2__T-30__bin.4,218406/3480/1
CrovadoreJ_2017__SRS1929208__bin.2,CrovadoreJ_2017__SRS1929208__bin.2,218406/3482/1
ChaconVargasK_2020__SRS6087088__bin.16,ChaconVargasK_2020__SRS6087088__bin.16,218406/3483/1
AlvarezOrdonezA_xxxx__Q05-22__bin.3,AlvarezOrdonezA_xxxx__Q05-22__bin.3,218406/3484/1
MASTER_WP4_TEAGASC_1__TGS15-30__bin.16,MASTER_WP4_TEAGASC_1__TGS15-30__bin.16,218406/3485/1
MASTER_WP4_FFoQSI_2__VB10-29__bin.29,MASTER_WP4_FFoQSI_2__VB10-29__bin.29,218406/3488/1
WolfeBE_2014__671_Grayson__bin.9,WolfeBE_2014__671_Grayson__bin.9,218406/3490/1
MASTER_WP4_FFoQSI_1__KM-5G__bin.47,MASTER_WP4_FFoQSI_1__KM-5G__bin.47,218406/3492/1
DuR_2020__DRS139335__bin.16,DuR_2020__DRS139335__bin.16,218406/3495/1
KharnaiorP_2023__SRR22859379__bin.8,KharnaiorP_2023__SRR22859379__bin.8,218406/3497/1
SulaimanJ_2014__SRS398265__bin.2,SulaimanJ_2014__SRS398265__bin.2,218406/3499/1
WalshL_xxxx__G3__bin.1,WalshL_xxxx__G3__bin.1,218406/3502/1
CM_UNINA_FFOOD__FFOOD_254__bin.6,CM_UNINA_FFOOD__FFOOD_254__bin.6,218406/3503/1
LeechJ_xxxx__AF04__bin.4,LeechJ_xxxx__AF04__bin.4,218406/3504/1
MASTER_WP4_FFoQSI_1__VB-03-AG__bin.25,MASTER_WP4_FFoQSI_1__VB-03-AG__bin.25,218406/3506/1
ShangpliangH_2023_a__SRR22851168__bin.15,ShangpliangH_2023_a__SRR22851168__bin.15,218406/3507/1
YulandiA_2020__SRS6115053__bin.23,YulandiA_2020__SRS6115053__bin.23,218406/3508/1
LeechJ_xxxx__AF59__bin.16,LeechJ_xxxx__AF59__bin.16,218406/3509/1
LimaC_2020__SRR9640350__bin.12,LimaC_2020__SRR9640350__bin.12,218406/3514/1
FontanaF_2023__SRR20746839__bin.3,FontanaF_2023__SRR20746839__bin.3,218406/3519/1
MASTER_WP4_FFoQSI_2__VB04-25__bin.7,MASTER_WP4_FFoQSI_2__VB04-25__bin.7,218406/3521/1
MASTER_WP4_CSIC_2__P2625__bin.3,MASTER_WP4_CSIC_2__P2625__bin.3,218406/3522/1
LeechJ_2020__ERS3967732__bin.5,LeechJ_2020__ERS3967732__bin.5,218406/3523/1
MortensenS_xxxx__WK055-2-G-48h-05G7_S113__bin.4,MortensenS_xxxx__WK055-2-G-48h-05G7_S113__bin.4,218406/3524/1
LeechJ_2020__ERS3967745__bin.1,LeechJ_2020__ERS3967745__bin.1,218406/3525/1
MortensenS_xxxx__WK045-1-L-48h-03H4_S86__bin.5,MortensenS_xxxx__WK045-1-L-48h-03H4_S86__bin.5,218406/3528/1
CM_UNINA_FFOOD__FFOOD_421__bin.4,CM_UNINA_FFOOD__FFOOD_421__bin.4,218406/3531/1
ShangpliangH_2023_b__SRR22851057__bin.6,ShangpliangH_2023_b__SRR22851057__bin.6,218406/3533/1
MotaGutierrezJ_2021__SRR11602153__bin.4,MotaGutierrezJ_2021__SRR11602153__bin.4,218406/3534/1
LeechJ_xxxx__AF66__bin.13,LeechJ_xxxx__AF66__bin.13,218406/3537/1
MortensenS_xxxx__WK001T-1-L-04h-05E2_S90__bin.5,MortensenS_xxxx__WK001T-1-L-04h-05E2_S90__bin.5,218406/3538/1
DeFilippisF_xxxx__DF_33__bin.11,DeFilippisF_xxxx__DF_33__bin.11,218406/3539/1
DeFilippisF_xxxx__DF_115__bin.29,DeFilippisF_xxxx__DF_115__bin.29,218406/3540/1
LeechJ_xxxx__AF51__bin.13,LeechJ_xxxx__AF51__bin.13,218406/3541/1
MortensenS_xxxx__WK022-1-L-08h-02F7_S112__bin.5,MortensenS_xxxx__WK022-1-L-08h-02F7_S112__bin.5,218406/3546/1
LeechJ_xxxx__AF15__bin.7,LeechJ_xxxx__AF15__bin.7,218406/3547/1
CM_UNINA_FFOOD__FFOOD_392__bin.3,CM_UNINA_FFOOD__FFOOD_392__bin.3,218406/3551/1
LeechJ_2020__ERS3967692__bin.7,LeechJ_2020__ERS3967692__bin.7,218406/3554/1
PothakosV_2020__ERS2068299__bin.22,PothakosV_2020__ERS2068299__bin.22,218406/3555/1
MASTER_WP4_CSIC_1__P2138_73322__bin.7,MASTER_WP4_CSIC_1__P2138_73322__bin.7,218406/3557/1
CM_UNINA_FFOOD__FFOOD_416__bin.11,CM_UNINA_FFOOD__FFOOD_416__bin.11,218406/3558/1
MotaGutierrezJ_2021__SRR11602145__bin.20,MotaGutierrezJ_2021__SRR11602145__bin.20,218406/3560/1
MASTER_WP4_CSIC_2__P2618__bin.5,MASTER_WP4_CSIC_2__P2618__bin.5,218406/3561/1
WalshL_xxxx__A6__bin.1,WalshL_xxxx__A6__bin.1,218406/3562/1
LiZ_2018__SRS2920550__bin.12,LiZ_2018__SRS2920550__bin.12,218406/3564/1
MASTER_WP4_UNINA_1__AS107_71775__bin.8,MASTER_WP4_UNINA_1__AS107_71775__bin.8,218406/3565/1
WalshL_xxxx__N12__bin.1,WalshL_xxxx__N12__bin.1,218406/3572/1
AlvarezOrdonezA_xxxx__F02-18__bin.7,AlvarezOrdonezA_xxxx__F02-18__bin.7,218406/3575/1
MAG_3,MAG_3,218406/3576/1
MASTER_WP4_CSIC_2__P2549__bin.16,MASTER_WP4_CSIC_2__P2549__bin.16,218406/3577/1
MASTER_WP4_CSIC_2__P2558__bin.36,MASTER_WP4_CSIC_2__P2558__bin.36,218406/3579/1
MASTER_WP4_UNINA_1__GO102_71775__bin.35,MASTER_WP4_UNINA_1__GO102_71775__bin.35,218406/3580/1
MASTER_WP4_UNINA_2__V-21__bin.37,MASTER_WP4_UNINA_2__V-21__bin.37,218406/3581/1
AlvarezOrdonezA_xxxx__Q04-27__bin.4,AlvarezOrdonezA_xxxx__Q04-27__bin.4,218406/3583/1
MASTER_WP4_FFoQSI_1__VB-16-M13__bin.10,MASTER_WP4_FFoQSI_1__VB-16-M13__bin.10,218406/3587/1
MASTER_WP4_UNINA_1__GO013_71775__bin.5,MASTER_WP4_UNINA_1__GO013_71775__bin.5,218406/3588/1
MASTER_WP4_UNINA_2__O-25.1__bin.26,MASTER_WP4_UNINA_2__O-25.1__bin.26,218406/3592/1
WalshL_xxxx__F1__bin.5,WalshL_xxxx__F1__bin.5,218406/3594/1
MortensenS_xxxx__WK004-2-L-48h-01G7_S40__bin.7,MortensenS_xxxx__WK004-2-L-48h-01G7_S40__bin.7,218406/3596/1
MASTER_WP4_FFoQSI_1__VB-08-M3__bin.26,MASTER_WP4_FFoQSI_1__VB-08-M3__bin.26,218406/3597/1
ChaconVargasK_2020__SRS6087091__bin.16,ChaconVargasK_2020__SRS6087091__bin.16,218406/3598/1
MASTER_WP4_TEAGASC_1__TGS10-24__bin.11,MASTER_WP4_TEAGASC_1__TGS10-24__bin.11,218406/3599/1
BertuzziAS_2018__ERS2032130__bin.2,BertuzziAS_2018__ERS2032130__bin.2,218406/3602/1
CM_UNINA_FFOOD__FFOOD_411__bin.6,CM_UNINA_FFOOD__FFOOD_411__bin.6,218406/3604/1
MASTER_WP4_TEAGASC_1__TGS08-29__bin.39,MASTER_WP4_TEAGASC_1__TGS08-29__bin.39,218406/3606/1
MortensenS_xxxx__WK040-1-L-48h-03F2_S66__bin.3,MortensenS_xxxx__WK040-1-L-48h-03F2_S66__bin.3,218406/3607/1
KumarJ_2019__SRS4562502__bin.1,KumarJ_2019__SRS4562502__bin.1,218406/3613/1
MAG_338,MAG_338,218406/3614/1
DeFilippisF_xxxx__DF_114__bin.9,DeFilippisF_xxxx__DF_114__bin.9,218406/3616/1
MASTER_WP4_UNINA_1__TA011_71775__bin.32,MASTER_WP4_UNINA_1__TA011_71775__bin.32,218406/3617/1
WalshAM_2020__ERS3466759__bin.3,WalshAM_2020__ERS3466759__bin.3,218406/3618/1
ZhaoCC_2020__SRS5803195__bin.53,ZhaoCC_2020__SRS5803195__bin.53,218406/3619/1
LeechJ_xxxx__AF25__bin.5,LeechJ_xxxx__AF25__bin.5,218406/3622/1
MASTER_WP4_TEAGASC_1__TGS08-29__bin.68,MASTER_WP4_TEAGASC_1__TGS08-29__bin.68,218406/3624/1
DeRoosJ_2020__B9M__bin.4,DeRoosJ_2020__B9M__bin.4,218406/3625/1
MASTER_WP4_CSIC_1__P2247_73323__bin.18,MASTER_WP4_CSIC_1__P2247_73323__bin.18,218406/3626/1
MASTER_WP4_UNINA_2__D-22__bin.15,MASTER_WP4_UNINA_2__D-22__bin.15,218406/3630/1
AlvarezOrdonezA_xxxx__Q08-22__bin.9,AlvarezOrdonezA_xxxx__Q08-22__bin.9,218406/3631/1
FontanaF_2023__SRR20746938__bin.5,FontanaF_2023__SRR20746938__bin.5,218406/3635/1
MortensenS_xxxx__WK069-1-L-48h-05C9_S79__bin.5,MortensenS_xxxx__WK069-1-L-48h-05C9_S79__bin.5,218406/3636/1
MASTER_WP4_TEAGASC_1__TGS01-22__bin.35,MASTER_WP4_TEAGASC_1__TGS01-22__bin.35,218406/3637/1
AlvarezOrdonezA_xxxx__Q02-30__bin.17,AlvarezOrdonezA_xxxx__Q02-30__bin.17,218406/3639/1
MortensenS_xxxx__WK062-2-G-48h-05H5_S120__bin.3,MortensenS_xxxx__WK062-2-G-48h-05H5_S120__bin.3,218406/3643/1
LeechJ_xxxx__AF52__bin.1,LeechJ_xxxx__AF52__bin.1,218406/3644/1
WalshL_xxxx__F10__bin.4,WalshL_xxxx__F10__bin.4,218406/3646/1
AlvarezOrdonezA_xxxx__Q03-27__bin.4,AlvarezOrdonezA_xxxx__Q03-27__bin.4,218406/3647/1
FalardeauJ_2023__SRR20811221__bin.2,FalardeauJ_2023__SRR20811221__bin.2,218406/3649/1
CM_UNINA_FFOOD__FFOOD_400__bin.5,CM_UNINA_FFOOD__FFOOD_400__bin.5,218406/3653/1
AlvarezOrdonezA_xxxx__R03-19__bin.23,AlvarezOrdonezA_xxxx__R03-19__bin.23,218406/3654/1
EscobarZepedaA_2016__SRS974112__bin.10,EscobarZepedaA_2016__SRS974112__bin.10,218406/3656/1
MASTER_WP4_UNINA_2__R-35__bin.3,MASTER_WP4_UNINA_2__R-35__bin.3,218406/3661/1
MASTER_WP4_CSIC_2__P2584__bin.46,MASTER_WP4_CSIC_2__P2584__bin.46,218406/3662/1
LimaC_2020__SRR9640352__bin.19,LimaC_2020__SRR9640352__bin.19,218406/3663/1
FontanaF_2023__SRR20746929__bin.6,FontanaF_2023__SRR20746929__bin.6,218406/3664/1
DeFilippisF_xxxx__DF_30__bin.6,DeFilippisF_xxxx__DF_30__bin.6,218406/3665/1
CM_UNINA_FFOOD__FFOOD_329__bin.14,CM_UNINA_FFOOD__FFOOD_329__bin.14,218406/3667/1
MASTER_WP4_UNINA_2__M-29__bin.19,MASTER_WP4_UNINA_2__M-29__bin.19,218406/3668/1
ODFM-BA-A-0080-002_Microbacterium_sp._CBA3102,ODFM-BA-A-0080-002_Microbacterium_sp._CBA3102,218406/3671/1
LeechJ_2020__ERS3967702__bin.7,LeechJ_2020__ERS3967702__bin.7,218406/3672/1
LeechJ_2020__ERS3967716__bin.7,LeechJ_2020__ERS3967716__bin.7,218406/3678/1
MASTER_WP4_FFoQSI_2__VB16-28__bin.2,MASTER_WP4_FFoQSI_2__VB16-28__bin.2,218406/3679/1
AlvarezOrdonezA_xxxx__F07-18__bin.4,AlvarezOrdonezA_xxxx__F07-18__bin.4,218406/3681/1
MASTER_WP4_UNINA_2__V-26__bin.18,MASTER_WP4_UNINA_2__V-26__bin.18,218406/3682/1
MAG_485,MAG_485,218406/3683/1
LandisEA_2021__SRS5653393__bin.1,LandisEA_2021__SRS5653393__bin.1,218406/3685/1
EBC_095.37,EBC_095.37,218406/3687/1
MAG_594,MAG_594,218406/3689/1
MAG_605,MAG_605,218406/3694/1
ODFM-BA-A-0193-001_Saccharomyces_cerevisiae_beer44,ODFM-BA-A-0193-001_Saccharomyces_cerevisiae_beer44,218406/3696/1
MotaGutierrezJ_2021__SRR11602141__bin.28,MotaGutierrezJ_2021__SRR11602141__bin.28,218406/3697/1
MASTER_WP4_CSIC_2__P2571__bin.1,MASTER_WP4_CSIC_2__P2571__bin.1,218406/3698/1
YangC_2021__SRR13259378__bin.22,YangC_2021__SRR13259378__bin.22,218406/3699/1
MAG_567,MAG_567,218406/3700/1
LeechJ_xxxx__AF31__bin.5,LeechJ_xxxx__AF31__bin.5,218406/3702/1
FontanaF_2023__SRR20746974__bin.3,FontanaF_2023__SRR20746974__bin.3,218406/3704/1
MASTER_WP4_TEAGASC_1__TGS13-29__bin.8,MASTER_WP4_TEAGASC_1__TGS13-29__bin.8,218406/3709/1
MortensenS_xxxx__WK058-2-L-48h-04G8_S33__bin.10,MortensenS_xxxx__WK058-2-L-48h-04G8_S33__bin.10,218406/3713/1
MAG_427,MAG_427,218406/3714/1
MASTER_WP4_FFoQSI_2__VB16-29__bin.8,MASTER_WP4_FFoQSI_2__VB16-29__bin.8,218406/3716/1
LeechJ_2020__ERS3967707__bin.4,LeechJ_2020__ERS3967707__bin.4,218406/3717/1
MASTER_WP4_CSIC_1__P2136_73322__bin.20,MASTER_WP4_CSIC_1__P2136_73322__bin.20,218406/3718/1
MASTER_WP4_TEAGASC_1__TGS11-22__bin.10,MASTER_WP4_TEAGASC_1__TGS11-22__bin.10,218406/3719/1
MAG_536,MAG_536,218406/3720/1
LeechJ_2020__ERS3967739__bin.5,LeechJ_2020__ERS3967739__bin.5,218406/3721/1
MASTER_WP4_UNINA_1__PU010_71775__bin.23,MASTER_WP4_UNINA_1__PU010_71775__bin.23,218406/3722/1
MASTER_WP4_TEAGASC_1__TGS06-22__bin.9,MASTER_WP4_TEAGASC_1__TGS06-22__bin.9,218406/3728/1
LeechJ_2020__ERS3967688__bin.4,LeechJ_2020__ERS3967688__bin.4,218406/3732/1
MASTER_WP4_UNINA_1__PM012_71775__bin.11,MASTER_WP4_UNINA_1__PM012_71775__bin.11,218406/3734/1
MAG_476,MAG_476,218406/3736/1
AlvarezOrdonezA_xxxx__Q01-27__bin.7,AlvarezOrdonezA_xxxx__Q01-27__bin.7,218406/3737/1
PatroJN_2016__SRS1044732__bin.3,PatroJN_2016__SRS1044732__bin.3,218406/3738/1
YuY_2022__SRR16950696__bin.3,YuY_2022__SRR16950696__bin.3,218406/3739/1
MortensenS_xxxx__WK002-2-L-08h-01F7_S31__bin.7,MortensenS_xxxx__WK002-2-L-08h-01F7_S31__bin.7,218406/3741/1
MASTER_WP4_CSIC_1__P2249_73323__bin.23,MASTER_WP4_CSIC_1__P2249_73323__bin.23,218406/3745/1
YulandiA_2020__SRS6115053__bin.3,YulandiA_2020__SRS6115053__bin.3,218406/3746/1
MAG_39,MAG_39,218406/3748/1
SternesPR_2017__Y2D1_B_shotgun__bin.8,SternesPR_2017__Y2D1_B_shotgun__bin.8,218406/3751/1
MASTER_WP4_TEAGASC_1__TGS04-29__bin.14,MASTER_WP4_TEAGASC_1__TGS04-29__bin.14,218406/3755/1
FalardeauJ_2023__SRR20811291__bin.10,FalardeauJ_2023__SRR20811291__bin.10,218406/3756/1
ODFM-BA-A-0109-002_Lentibacillus_jeotgali_GrbiT,ODFM-BA-A-0109-002_Lentibacillus_jeotgali_GrbiT,218406/3757/1
LeechJ_xxxx__AF57__bin.10,LeechJ_xxxx__AF57__bin.10,218406/3758/1
MAG_442,MAG_442,218406/3760/1
FontanaF_2023__SRR20746930__bin.2,FontanaF_2023__SRR20746930__bin.2,218406/3761/1
MASTER_WP4_CSIC_2__P2625__bin.23,MASTER_WP4_CSIC_2__P2625__bin.23,218406/3764/1
MASTER_WP4_CSIC_1__P2238_73323__bin.2,MASTER_WP4_CSIC_1__P2238_73323__bin.2,218406/3765/1
LimaC_2020__SRR9646966__bin.13,LimaC_2020__SRR9646966__bin.13,218406/3766/1
MAG_502,MAG_502,218406/3768/1
MortensenS_xxxx__WK069-2-G-48h-05I4_S128__bin.1,MortensenS_xxxx__WK069-2-G-48h-05I4_S128__bin.1,218406/3772/1
MASTER_WP4_CSIC_2__P2556__bin.21,MASTER_WP4_CSIC_2__P2556__bin.21,218406/3775/1
AlvarezOrdonezA_xxxx__Q07-30__bin.14,AlvarezOrdonezA_xxxx__Q07-30__bin.14,218406/3776/1
MASTER_WP4_TEAGASC_1__TGS14-29__bin.8,MASTER_WP4_TEAGASC_1__TGS14-29__bin.8,218406/3778/1
CM_INJERA__injera_E2__bin.1,CM_INJERA__injera_E2__bin.1,218406/3781/1
MASTER_WP4_FFoQSI_1__VB-09-BD__bin.42,MASTER_WP4_FFoQSI_1__VB-09-BD__bin.42,218406/3782/1
MASTER_WP4_UNINA_1__PM002_71775__bin.14,MASTER_WP4_UNINA_1__PM002_71775__bin.14,218406/3783/1
DeFilippisF_xxxx__DF_86__bin.5,DeFilippisF_xxxx__DF_86__bin.5,218406/3784/1
MASTER_WP4_FFoQSI_2__VB11-29__bin.8,MASTER_WP4_FFoQSI_2__VB11-29__bin.8,218406/3788/1
MASTER_WP4_CSIC_1__P2136_73322__bin.14,MASTER_WP4_CSIC_1__P2136_73322__bin.14,218406/3790/1
MAG_413,MAG_413,218406/3792/1
MortensenS_xxxx__WK046-2-L-08h-03H9_S91__bin.2,MortensenS_xxxx__WK046-2-L-08h-03H9_S91__bin.2,218406/3794/1
AlvarezOrdonezA_xxxx__Q06-27__bin.7,AlvarezOrdonezA_xxxx__Q06-27__bin.7,218406/3795/1
LeechJ_2020__ERS3967694__bin.3,LeechJ_2020__ERS3967694__bin.3,218406/3798/1
LeechJ_2020__ERS3967741__bin.9,LeechJ_2020__ERS3967741__bin.9,218406/3800/1
MASTER_WP4_CSIC_2__P2524__bin.3,MASTER_WP4_CSIC_2__P2524__bin.3,218406/3801/1
MASTER_WP4_FFoQSI_1__VB-15-M11__bin.34,MASTER_WP4_FFoQSI_1__VB-15-M11__bin.34,218406/3804/1
MASTER_WP4_CSIC_2__P2603__bin.13,MASTER_WP4_CSIC_2__P2603__bin.13,218406/3806/1
MASTER_WP4_FFoQSI_3__VB14-25__bin.11,MASTER_WP4_FFoQSI_3__VB14-25__bin.11,218406/3808/1
FalardeauJ_2023__SRR20811272__bin.10,FalardeauJ_2023__SRR20811272__bin.10,218406/3810/1
MASTER_WP4_UNINA_2__M-27__bin.2,MASTER_WP4_UNINA_2__M-27__bin.2,218406/3812/1
DeFilippisF_xxxx__DF_7__bin.7,DeFilippisF_xxxx__DF_7__bin.7,218406/3816/1
AlvarezOrdonezA_xxxx__Q08-26__bin.13,AlvarezOrdonezA_xxxx__Q08-26__bin.13,218406/3819/1
DeFilippisF_xxxx__DS_69__bin.5,DeFilippisF_xxxx__DS_69__bin.5,218406/3820/1
CM_UNINA_FFOOD__FFOOD_329__bin.5,CM_UNINA_FFOOD__FFOOD_329__bin.5,218406/3821/1
AlvarezOrdonezA_xxxx__Q07-22__bin.1,AlvarezOrdonezA_xxxx__Q07-22__bin.1,218406/3823/1
DeFilippisF_xxxx__DF_54__bin.11,DeFilippisF_xxxx__DF_54__bin.11,218406/3825/1
MortensenS_xxxx__WK065-2-L-08h-05B3_S64__bin.1,MortensenS_xxxx__WK065-2-L-08h-05B3_S64__bin.1,218406/3826/1
MASTER_WP4_UNINA_1__PB007_73417__bin.20,MASTER_WP4_UNINA_1__PB007_73417__bin.20,218406/3828/1
MAG_452,MAG_452,218406/3829/1
MASTER_WP4_TEAGASC_1__TGS13-22__bin.12,MASTER_WP4_TEAGASC_1__TGS13-22__bin.12,218406/3830/1
DeFilippisF_xxxx__DF_85__bin.3,DeFilippisF_xxxx__DF_85__bin.3,218406/3833/1
MASTER_WP4_FFoQSI_2__VB06-26__bin.11,MASTER_WP4_FFoQSI_2__VB06-26__bin.11,218406/3837/1
AlvarezOrdonezA_xxxx__Q04-21__bin.11,AlvarezOrdonezA_xxxx__Q04-21__bin.11,218406/3839/1
MASTER_WP4_CSIC_1__P2245_73323__bin.24,MASTER_WP4_CSIC_1__P2245_73323__bin.24,218406/3841/1
ShangpliangH_2023_a__SRR22851167__bin.8,ShangpliangH_2023_a__SRR22851167__bin.8,218406/3843/1
LeechJ_2020__ERS3967716__bin.10,LeechJ_2020__ERS3967716__bin.10,218406/3845/1
MASTER_WP4_FFoQSI_1__VB-06-BG__bin.1,MASTER_WP4_FFoQSI_1__VB-06-BG__bin.1,218406/3847/1
AlvarezOrdonezA_xxxx__Q04-21__bin.1,AlvarezOrdonezA_xxxx__Q04-21__bin.1,218406/3848/1
MortensenS_xxxx__WK012-1-L-08h-02A9_S69__bin.4,MortensenS_xxxx__WK012-1-L-08h-02A9_S69__bin.4,218406/3850/1
MortensenS_xxxx__WK018T-1-L-02h-05D9_S88__bin.3,MortensenS_xxxx__WK018T-1-L-02h-05D9_S88__bin.3,218406/3854/1
DeFilippisF_xxxx__DF_79__bin.13,DeFilippisF_xxxx__DF_79__bin.13,218406/3856/1
MASTER_WP4_FFoQSI_1__DC18-032__bin.11,MASTER_WP4_FFoQSI_1__DC18-032__bin.11,218406/3858/1
MAG_29,MAG_29,218406/3859/1
MASTER_WP4_FFoQSI_1__VB-09-M7__bin.19,MASTER_WP4_FFoQSI_1__VB-09-M7__bin.19,218406/3860/1
MortensenS_xxxx__WK015-2-L-48h-02C6_S84__bin.6,MortensenS_xxxx__WK015-2-L-48h-02C6_S84__bin.6,218406/3863/1
SternesPR_2017__T1D1_B_shotgun__bin.1,SternesPR_2017__T1D1_B_shotgun__bin.1,218406/3864/1
MASTER_WP4_CSIC_2__P2619__bin.40,MASTER_WP4_CSIC_2__P2619__bin.40,218406/3865/1
LimaC_2020__SRR9640355__bin.26,LimaC_2020__SRR9640355__bin.26,218406/3866/1
MASTER_WP4_UNINA_1__PM007_71775__bin.4,MASTER_WP4_UNINA_1__PM007_71775__bin.4,218406/3870/1
MASTER_WP4_CSIC_1__P2137_73322__bin.3,MASTER_WP4_CSIC_1__P2137_73322__bin.3,218406/3871/1
MAG_78,MAG_78,218406/3873/1
ArikanM_2020__ERS1939593__bin.5,ArikanM_2020__ERS1939593__bin.5,218406/3878/1
MASTER_WP4_UNINA_1__FO013_71775__bin.5,MASTER_WP4_UNINA_1__FO013_71775__bin.5,218406/3880/1
MortensenS_xxxx__WK050-2-L-08h-04C9_S127__bin.7,MortensenS_xxxx__WK050-2-L-08h-04C9_S127__bin.7,218406/3881/1
WalshL_xxxx__E4__bin.5,WalshL_xxxx__E4__bin.5,218406/3884/1
MASTER_WP4_UNINA_1__AS202_73417__bin.6,MASTER_WP4_UNINA_1__AS202_73417__bin.6,218406/3885/1
MortensenS_xxxx__WK065-2-L-48h-05B4_S65__bin.4,MortensenS_xxxx__WK065-2-L-48h-05B4_S65__bin.4,218406/3886/1
MAG_466,MAG_466,218406/3887/1
MotaGutierrezJ_2021__SRR11602143__bin.16,MotaGutierrezJ_2021__SRR11602143__bin.16,218406/3888/1
MASTER_WP4_TEAGASC_1__TGS15-30__bin.9,MASTER_WP4_TEAGASC_1__TGS15-30__bin.9,218406/3889/1
MASTER_WP4_CSIC_1__P2147_73322__bin.24,MASTER_WP4_CSIC_1__P2147_73322__bin.24,218406/3893/1
EBC_088.26,EBC_088.26,218406/3896/1
FontanaF_2023__SRR20746820__bin.6,FontanaF_2023__SRR20746820__bin.6,218406/3898/1
LeechJ_xxxx__AF45__bin.7,LeechJ_xxxx__AF45__bin.7,218406/3901/1
DeFilippisF_xxxx__DF_41__bin.7,DeFilippisF_xxxx__DF_41__bin.7,218406/3902/1
KastmanEK_2016__CSB729__bin.7,KastmanEK_2016__CSB729__bin.7,218406/3903/1
WalshL_xxxx__L5__bin.3,WalshL_xxxx__L5__bin.3,218406/3904/1
FontanaF_2023__SRR20746958__bin.7,FontanaF_2023__SRR20746958__bin.7,218406/3910/1
MortensenS_xxxx__WK045-2-L-48h-03H6_S88__bin.9,MortensenS_xxxx__WK045-2-L-48h-03H6_S88__bin.9,218406/3912/1
FontanaF_2023__SRR20746966__bin.6,FontanaF_2023__SRR20746966__bin.6,218406/3914/1
AlvarezOrdonezA_xxxx__Q07-30__bin.30,AlvarezOrdonezA_xxxx__Q07-30__bin.30,218406/3916/1
MortensenS_xxxx__WK036-1-L-48h-03D4_S50__bin.10,MortensenS_xxxx__WK036-1-L-48h-03D4_S50__bin.10,218406/3917/1
LeechJ_2020__ERS3967715__bin.1,LeechJ_2020__ERS3967715__bin.1,218406/3918/1
MASTER_WP4_CSIC_2__P2585__bin.6,MASTER_WP4_CSIC_2__P2585__bin.6,218406/3921/1
WolfeBE_2014__932_Robiola_due_Latte__bin.8,WolfeBE_2014__932_Robiola_due_Latte__bin.8,218406/3922/1
BertuzziAS_2018__ERS2032108__bin.6,BertuzziAS_2018__ERS2032108__bin.6,218406/3923/1
MASTER_WP4_FFoQSI_1__VB-08-BD__bin.24,MASTER_WP4_FFoQSI_1__VB-08-BD__bin.24,218406/3924/1
LimaC_2020__SRR9640355__bin.12,LimaC_2020__SRR9640355__bin.12,218406/3927/1
MASTER_WP4_UNINA_1__GO011_71775__bin.3,MASTER_WP4_UNINA_1__GO011_71775__bin.3,218406/3933/1
CM_UNINA_FFOOD__FFOOD_334__bin.8,CM_UNINA_FFOOD__FFOOD_334__bin.8,218406/3934/1
MASTER_WP4_FFoQSI_1__KM-5G__bin.6,MASTER_WP4_FFoQSI_1__KM-5G__bin.6,218406/3935/1
AlvarezOrdonezA_xxxx__Q08-25__bin.6,AlvarezOrdonezA_xxxx__Q08-25__bin.6,218406/3936/1
MASTER_WP4_CSIC_2__P2590__bin.12,MASTER_WP4_CSIC_2__P2590__bin.12,218406/3937/1
CM_UNINA_FFOOD__FFOOD_342__bin.6,CM_UNINA_FFOOD__FFOOD_342__bin.6,218406/3938/1
MAG_615,MAG_615,218406/3939/1
MASTER_WP4_TEAGASC_1__TGS10-28__bin.4,MASTER_WP4_TEAGASC_1__TGS10-28__bin.4,218406/3943/1
YouL_2022__SRR13308525__bin.7,YouL_2022__SRR13308525__bin.7,218406/3944/1
LiZ_2019__SRS3379157__bin.1,LiZ_2019__SRS3379157__bin.1,218406/3950/1
LeechJ_2020__ERS3967704__bin.2,LeechJ_2020__ERS3967704__bin.2,218406/3952/1
MortensenS_xxxx__WK031-2-L-48h-03B4_S32__bin.8,MortensenS_xxxx__WK031-2-L-48h-03B4_S32__bin.8,218406/3953/1
XieM_2019__SAMC044639__bin.20,XieM_2019__SAMC044639__bin.20,218406/3956/1
We2_bin.full.40,We2_bin.full.40,218406/3957/1
DeFilippisF_xxxx__DF_59__bin.15,DeFilippisF_xxxx__DF_59__bin.15,218406/3959/1
CM_UNINA_FFOOD__FFOOD_330__bin.1,CM_UNINA_FFOOD__FFOOD_330__bin.1,218406/3961/1
DeFilippisF_xxxx__DS_97__bin.9,DeFilippisF_xxxx__DS_97__bin.9,218406/3962/1
MortensenS_xxxx__WK068-2-G-48h-05I3_S127__bin.3,MortensenS_xxxx__WK068-2-G-48h-05I3_S127__bin.3,218406/3963/1
AlvarezOrdonezA_xxxx__C05-18__bin.20,AlvarezOrdonezA_xxxx__C05-18__bin.20,218406/3965/1
MASTER_WP4_CSIC_2__P2607__bin.4,MASTER_WP4_CSIC_2__P2607__bin.4,218406/3967/1
MASTER_WP4_FFoQSI_3__VB09-29__bin.33,MASTER_WP4_FFoQSI_3__VB09-29__bin.33,218406/3969/1
LeechJ_xxxx__AF26__bin.3,LeechJ_xxxx__AF26__bin.3,218406/3974/1
MortensenS_xxxx__WK018-1-L-48h-02D7_S94__bin.10,MortensenS_xxxx__WK018-1-L-48h-02D7_S94__bin.10,218406/3977/1
LeechJ_xxxx__AF18__bin.2,LeechJ_xxxx__AF18__bin.2,218406/3978/1
PatroJN_2016__SRS1044738__bin.8,PatroJN_2016__SRS1044738__bin.8,218406/3980/1
AlvarezOrdonezA_xxxx__Q01-29__bin.17,AlvarezOrdonezA_xxxx__Q01-29__bin.17,218406/3981/1
LeechJ_xxxx__AF89__bin.4,LeechJ_xxxx__AF89__bin.4,218406/3982/1
MortensenS_xxxx__WK001-1-L-48h-01F2_S26__bin.8,MortensenS_xxxx__WK001-1-L-48h-01F2_S26__bin.8,218406/3983/1
DeFilippisF_xxxx__DF_44__bin.4,DeFilippisF_xxxx__DF_44__bin.4,218406/3984/1
MASTER_WP4_UNINA_2__V-21__bin.42,MASTER_WP4_UNINA_2__V-21__bin.42,218406/3985/1
CM_UNINA_FFOOD__FFOOD_320__bin.8,CM_UNINA_FFOOD__FFOOD_320__bin.8,218406/3987/1
LopezSanchezR_2023__SRR13708567__bin.14,LopezSanchezR_2023__SRR13708567__bin.14,218406/3995/1
CM_INJERA__injera_E2__bin.23,CM_INJERA__injera_E2__bin.23,218406/3997/1
YouL_2022__SRR13308520__bin.4,YouL_2022__SRR13308520__bin.4,218406/3998/1
MASTER_WP4_UNINA_1__PU007_71775__bin.11,MASTER_WP4_UNINA_1__PU007_71775__bin.11,218406/4000/1
MASTER_WP4_CSIC_2__P2591__bin.6,MASTER_WP4_CSIC_2__P2591__bin.6,218406/4001/1
LeechJ_2020__ERS3967701__bin.1,LeechJ_2020__ERS3967701__bin.1,218406/4002/1
MAG_379,MAG_379,218406/4003/1
MASTER_WP4_UNINA_1__FI009_71775__bin.7,MASTER_WP4_UNINA_1__FI009_71775__bin.7,218406/4004/1
MASTER_WP4_FFoQSI_3__VB09-30__bin.16,MASTER_WP4_FFoQSI_3__VB09-30__bin.16,218406/4005/1
LeechJ_xxxx__AF51__bin.7,LeechJ_xxxx__AF51__bin.7,218406/4007/1
FalardeauJ_2023__SRR20811134__bin.3,FalardeauJ_2023__SRR20811134__bin.3,218406/4013/1
MAG_328,MAG_328,218406/4017/1
AlvarezOrdonezA_xxxx__Q01-21__bin.2,AlvarezOrdonezA_xxxx__Q01-21__bin.2,218406/4018/1
MASTER_WP4_UNINA_2__T-22__bin.12,MASTER_WP4_UNINA_2__T-22__bin.12,218406/4020/1
LeechJ_xxxx__AF62__bin.2,LeechJ_xxxx__AF62__bin.2,218406/4021/1
MASTER_WP4_TEAGASC_1__TGS07-23__bin.6,MASTER_WP4_TEAGASC_1__TGS07-23__bin.6,218406/4022/1
MASTER_WP4_TEAGASC_1__TGS15-30__bin.17,MASTER_WP4_TEAGASC_1__TGS15-30__bin.17,218406/4023/1
WalshAM_2020__ERS3466746__bin.2,WalshAM_2020__ERS3466746__bin.2,218406/4024/1
MASTER_WP4_FFoQSI_2__VB10-29__bin.28,MASTER_WP4_FFoQSI_2__VB10-29__bin.28,218406/4026/1
AlvarezOrdonezA_xxxx__Q05-22__bin.2,AlvarezOrdonezA_xxxx__Q05-22__bin.2,218406/4031/1
FerrocinoI_2018__SRS1779555__bin.3,FerrocinoI_2018__SRS1779555__bin.3,218406/4033/1
MASTER_WP4_FFoQSI_1__RC17-F-AC__bin.4,MASTER_WP4_FFoQSI_1__RC17-F-AC__bin.4,218406/4035/1
MASTER_WP4_UNINA_1__AS001_71775__bin.3,MASTER_WP4_UNINA_1__AS001_71775__bin.3,218406/4037/1
MASTER_WP4_FFoQSI_1__VB-14D__bin.48,MASTER_WP4_FFoQSI_1__VB-14D__bin.48,218406/4038/1
EscobarZepedaA_2016__SRS974112__bin.34,EscobarZepedaA_2016__SRS974112__bin.34,218406/4039/1
YangC_2021__SRR13259376__bin.11,YangC_2021__SRR13259376__bin.11,218406/4040/1
KharnaiorP_2023__SRR22859379__bin.9,KharnaiorP_2023__SRR22859379__bin.9,218406/4041/1
FontanaF_2023__SRR20746839__bin.2,FontanaF_2023__SRR20746839__bin.2,218406/4044/1
AlvarezOrdonezA_xxxx__Q06-30__bin.1,AlvarezOrdonezA_xxxx__Q06-30__bin.1,218406/4047/1
MortensenS_xxxx__WK024-1-L-48h-02G7_S121__bin.3,MortensenS_xxxx__WK024-1-L-48h-02G7_S121__bin.3,218406/4051/1
FontanaF_2023__SRR20746941__bin.3,FontanaF_2023__SRR20746941__bin.3,218406/4055/1
LimaC_2020__SRR9640350__bin.13,LimaC_2020__SRR9640350__bin.13,218406/4056/1
MortensenS_xxxx__WK048-2-L-08h-03I8_S99__bin.1,MortensenS_xxxx__WK048-2-L-08h-03I8_S99__bin.1,218406/4057/1
XieM_2019__SAMC044639__bin.9,XieM_2019__SAMC044639__bin.9,218406/4059/1
WalshL_xxxx__T5__bin.1,WalshL_xxxx__T5__bin.1,218406/4061/1
MASTER_WP4_CSIC_1__P2248_73323__bin.1,MASTER_WP4_CSIC_1__P2248_73323__bin.1,218406/4062/1
MASTER_WP4_FFoQSI_1__KM-5D__bin.30,MASTER_WP4_FFoQSI_1__KM-5D__bin.30,218406/4063/1
MASTER_WP4_UNINA_1__PA002_73417__bin.6,MASTER_WP4_UNINA_1__PA002_73417__bin.6,218406/4064/1
MASTER_WP4_UNINA_2__O-26.1__bin.20,MASTER_WP4_UNINA_2__O-26.1__bin.20,218406/4066/1
DeFilippisF_xxxx__DF_33__bin.10,DeFilippisF_xxxx__DF_33__bin.10,218406/4068/1
LeechJ_xxxx__AF73__bin.1,LeechJ_xxxx__AF73__bin.1,218406/4074/1
MortensenS_xxxx__WK005-2-L-48h-01H2_S44__bin.6,MortensenS_xxxx__WK005-2-L-48h-01H2_S44__bin.6,218406/4077/1
MASTER_WP4_FFoQSI_1__VB-09-M8__bin.56,MASTER_WP4_FFoQSI_1__VB-09-M8__bin.56,218406/4079/1
LeechJ_xxxx__AF66__bin.12,LeechJ_xxxx__AF66__bin.12,218406/4080/1
MASTER_WP4_FFoQSI_2__VB03-28__bin.2,MASTER_WP4_FFoQSI_2__VB03-28__bin.2,218406/4081/1
LeechJ_xxxx__AF63__bin.8,LeechJ_xxxx__AF63__bin.8,218406/4083/1
FontanaF_2023__SRR20746870__bin.7,FontanaF_2023__SRR20746870__bin.7,218406/4084/1
MortensenS_xxxx__WK013-1-L-08h-02B4_S73__bin.9,MortensenS_xxxx__WK013-1-L-08h-02B4_S73__bin.9,218406/4085/1
YasirM_2022__SRR18335013__bin.7,YasirM_2022__SRR18335013__bin.7,218406/4086/1
AlvarezOrdonezA_xxxx__Q04-24__bin.2,AlvarezOrdonezA_xxxx__Q04-24__bin.2,218406/4088/1
LeechJ_xxxx__AF15__bin.6,LeechJ_xxxx__AF15__bin.6,218406/4091/1
WalshL_xxxx__H3_S87__bin.19,WalshL_xxxx__H3_S87__bin.19,218406/4097/1
WalshL_xxxx__I5__bin.2,WalshL_xxxx__I5__bin.2,218406/4099/1
TomarS_2023__SRR15925267__bin.16,TomarS_2023__SRR15925267__bin.16,218406/4100/1
MASTER_WP4_FFoQSI_1__VB-15-M9__bin.12,MASTER_WP4_FFoQSI_1__VB-15-M9__bin.12,218406/4101/1
SternesPR_2017__T2D1_B_shotgun__bin.8,SternesPR_2017__T2D1_B_shotgun__bin.8,218406/4102/1
WalshAM_2020__ERS3466790__bin.7,WalshAM_2020__ERS3466790__bin.7,218406/4103/1
DeFilippisF_xxxx__DF_104__bin.4,DeFilippisF_xxxx__DF_104__bin.4,218406/4105/1
DeFilippisF_xxxx__DF_79__bin.7,DeFilippisF_xxxx__DF_79__bin.7,218406/4107/1
MortensenS_xxxx__WK069-1-L-48h-05C9_S79__bin.1,MortensenS_xxxx__WK069-1-L-48h-05C9_S79__bin.1,218406/4109/1
FontanaF_2023__SRR20746938__bin.1,FontanaF_2023__SRR20746938__bin.1,218406/4113/1
AlvarezOrdonezA_xxxx__F05-18__bin.3,AlvarezOrdonezA_xxxx__F05-18__bin.3,218406/4115/1
MASTER_WP4_CSIC_1__P2242_73323__bin.17,MASTER_WP4_CSIC_1__P2242_73323__bin.17,218406/4117/1
LeechJ_xxxx__AF25__bin.1,LeechJ_xxxx__AF25__bin.1,218406/4118/1
DeFilippisF_xxxx__DF_31__bin.8,DeFilippisF_xxxx__DF_31__bin.8,218406/4120/1
MortensenS_xxxx__WK048-1-L-08h-03I6_S97__bin.1,MortensenS_xxxx__WK048-1-L-08h-03I6_S97__bin.1,218406/4122/1
SalgadoTS_2021__SRR13801804__bin.3,SalgadoTS_2021__SRR13801804__bin.3,218406/4123/1
LiZ_2018__SRS2920550__bin.22,LiZ_2018__SRS2920550__bin.22,218406/4127/1
AlvarezOrdonezA_xxxx__C02-19__bin.6,AlvarezOrdonezA_xxxx__C02-19__bin.6,218406/4128/1
ODFM-BA-A-0133-001_Listeria_monocytogenes_N11-2542,ODFM-BA-A-0133-001_Listeria_monocytogenes_N11-2542,218406/4129/1
MASTER_WP4_UNINA_1__PU007_71775__bin.54,MASTER_WP4_UNINA_1__PU007_71775__bin.54,218406/4130/1
MASTER_WP4_FFoQSI_1__VB-16-M13__bin.20,MASTER_WP4_FFoQSI_1__VB-16-M13__bin.20,218406/4134/1
MASTER_WP4_FFoQSI_1__RC17-F-BR__bin.29,MASTER_WP4_FFoQSI_1__RC17-F-BR__bin.29,218406/4135/1
DeFilippisF_xxxx__DF_30__bin.2,DeFilippisF_xxxx__DF_30__bin.2,218406/4137/1
MortensenS_xxxx__WK055-1-L-08h-04F2_S18__bin.8,MortensenS_xxxx__WK055-1-L-08h-04F2_S18__bin.8,218406/4142/1
LeechJ_xxxx__AF34__bin.2,LeechJ_xxxx__AF34__bin.2,218406/4144/1
MASTER_WP4_UNINA_2__V-22__bin.20,MASTER_WP4_UNINA_2__V-22__bin.20,218406/4145/1
WalshAM_2020__ERS3466748__bin.4,WalshAM_2020__ERS3466748__bin.4,218406/4147/1
LeechJ_2020__ERS3967702__bin.3,LeechJ_2020__ERS3967702__bin.3,218406/4149/1
MASTER_WP4_CSIC_1__P2143_73322__bin.15,MASTER_WP4_CSIC_1__P2143_73322__bin.15,218406/4151/1
MASTER_WP4_TEAGASC_1__TGS14-22__bin.23,MASTER_WP4_TEAGASC_1__TGS14-22__bin.23,218406/4153/1
YuY_2022__SRR16950701__bin.9,YuY_2022__SRR16950701__bin.9,218406/4154/1
MASTER_WP4_CSIC_1__P2135_73322__bin.1,MASTER_WP4_CSIC_1__P2135_73322__bin.1,218406/4155/1
LeechJ_xxxx__AF52__bin.5,LeechJ_xxxx__AF52__bin.5,218406/4158/1
EscobarZepedaA_2016__SRS974112__bin.14,EscobarZepedaA_2016__SRS974112__bin.14,218406/4162/1
MASTER_WP4_UNINA_2__I-22__bin.3,MASTER_WP4_UNINA_2__I-22__bin.3,218406/4164/1
MortensenS_xxxx__WK001T-1-L-48h-05F9_S106__bin.1,MortensenS_xxxx__WK001T-1-L-48h-05F9_S106__bin.1,218406/4165/1
FalardeauJ_2023__SRR20811221__bin.6,FalardeauJ_2023__SRR20811221__bin.6,218406/4167/1
MAG_308,MAG_308,218406/4168/1
MASTER_WP4_UNINA_1__SC012_71775__bin.8,MASTER_WP4_UNINA_1__SC012_71775__bin.8,218406/4169/1
DeFilippisF_xxxx__DF_118__bin.3,DeFilippisF_xxxx__DF_118__bin.3,218406/4170/1
WalshL_xxxx__H3_S87__bin.2,WalshL_xxxx__H3_S87__bin.2,218406/4173/1
AlvarezOrdonezA_xxxx__Q01-30__bin.12,AlvarezOrdonezA_xxxx__Q01-30__bin.12,218406/4175/1
SulaimanJ_2014__SRS398266__bin.1,SulaimanJ_2014__SRS398266__bin.1,218406/4178/1
MAG_7,MAG_7,218406/4181/1
MASTER_WP4_FFoQSI_1__VB14-F-AR__bin.13,MASTER_WP4_FFoQSI_1__VB14-F-AR__bin.13,218406/4183/1
AlvarezOrdonezA_xxxx__F02-18__bin.3,AlvarezOrdonezA_xxxx__F02-18__bin.3,218406/4186/1
MASTER_WP4_FFoQSI_3__VB07-22__bin.8,MASTER_WP4_FFoQSI_3__VB07-22__bin.8,218406/4187/1
SternesPR_2017__Y2D1_A_shotgun__bin.3,SternesPR_2017__Y2D1_A_shotgun__bin.3,218406/4188/1
MAG_359,MAG_359,218406/4190/1
MASTER_WP4_CSIC_1__P2164_73322__bin.5,MASTER_WP4_CSIC_1__P2164_73322__bin.5,218406/4191/1
WolfeBE_2014__917_Abondance__bin.6,WolfeBE_2014__917_Abondance__bin.6,218406/4193/1
FontanaF_2023__SRR20746942__bin.1,FontanaF_2023__SRR20746942__bin.1,218406/4194/1
ODFM-BA-A-0108-002_Brachybacterium_squillarum_M-6-3T,ODFM-BA-A-0108-002_Brachybacterium_squillarum_M-6-3T,218406/4196/1
MAG_188,MAG_188,218406/4199/1
MortensenS_xxxx__WK062-2-L-48h-04I6_S49__bin.2,MortensenS_xxxx__WK062-2-L-48h-04I6_S49__bin.2,218406/4204/1
FontanaF_2023__SRR20746915__bin.10,FontanaF_2023__SRR20746915__bin.10,218406/4206/1
AlvarezOrdonezA_xxxx__R03-19__bin.13,AlvarezOrdonezA_xxxx__R03-19__bin.13,218406/4207/1
MASTER_WP4_FFoQSI_1__KM-2G__bin.30,MASTER_WP4_FFoQSI_1__KM-2G__bin.30,218406/4208/1
ODFM-BA-A-0107-002_Dietzia_alimentaria_72T,ODFM-BA-A-0107-002_Dietzia_alimentaria_72T,218406/4209/1
MASTER_WP4_UNINA_2__T-22__bin.4,MASTER_WP4_UNINA_2__T-22__bin.4,218406/4211/1
AlvarezOrdonezA_xxxx__Q05-30__bin.3,AlvarezOrdonezA_xxxx__Q05-30__bin.3,218406/4216/1
MASTER_WP4_CSIC_1__P2230_73323__bin.3,MASTER_WP4_CSIC_1__P2230_73323__bin.3,218406/4217/1
MASTER_WP4_CSIC_2__P2628__bin.17,MASTER_WP4_CSIC_2__P2628__bin.17,218406/4219/1
LeechJ_2020__ERS3967735__bin.11,LeechJ_2020__ERS3967735__bin.11,218406/4220/1
MASTER_WP4_TEAGASC_1__TGS14-22__bin.17,MASTER_WP4_TEAGASC_1__TGS14-22__bin.17,218406/4222/1
WalshAM_2017__ERR1981175__bin.3,WalshAM_2017__ERR1981175__bin.3,218406/4223/1
MASTER_WP4_TEAGASC_1__TGS14-30__bin.10,MASTER_WP4_TEAGASC_1__TGS14-30__bin.10,218406/4224/1
LeechJ_2020__ERS3967691__bin.4,LeechJ_2020__ERS3967691__bin.4,218406/4226/1
MASTER_WP4_FFoQSI_1__VB-16-M13__bin.14,MASTER_WP4_FFoQSI_1__VB-16-M13__bin.14,218406/4230/1
MASTER_WP4_TEAGASC_1__TGS04-29__bin.10,MASTER_WP4_TEAGASC_1__TGS04-29__bin.10,218406/4234/1
MASTER_WP4_UNINA_2__N-22__bin.3,MASTER_WP4_UNINA_2__N-22__bin.3,218406/4235/1
WolfeBE_2014__626_Red_Hawk__bin.5,WolfeBE_2014__626_Red_Hawk__bin.5,218406/4238/1
FranciosaI_2021__SRR12227952__bin.4,FranciosaI_2021__SRR12227952__bin.4,218406/4239/1
ODFM-BA-A-0086-005_Weissella_koreensis_CBA3615,ODFM-BA-A-0086-005_Weissella_koreensis_CBA3615,218406/4240/1
FontanaF_2023__SRR20746947__bin.2,FontanaF_2023__SRR20746947__bin.2,218406/4241/1
CM_UNINA_FFOOD__FFOOD_408__bin.6,CM_UNINA_FFOOD__FFOOD_408__bin.6,218406/4242/1
MortensenS_xxxx__WK014-2-L-48h-02C2_S80__bin.4,MortensenS_xxxx__WK014-2-L-48h-02C2_S80__bin.4,218406/4244/1
MASTER_WP4_TEAGASC_1__TGS06-22__bin.14,MASTER_WP4_TEAGASC_1__TGS06-22__bin.14,218406/4245/1
LeechJ_xxxx__AF93__bin.2,LeechJ_xxxx__AF93__bin.2,218406/4246/1
KharnaiorP_2023__SRR22859379__bin.14,KharnaiorP_2023__SRR22859379__bin.14,218406/4253/1
LimaC_2020__SRR9640344__bin.12,LimaC_2020__SRR9640344__bin.12,218406/4257/1
AlvarezOrdonezA_xxxx__Q07-21__bin.3,AlvarezOrdonezA_xxxx__Q07-21__bin.3,218406/4258/1
FontanaF_2023__SRR20746979__bin.3,FontanaF_2023__SRR20746979__bin.3,218406/4259/1
DeFilippisF_xxxx__DS_66__bin.10,DeFilippisF_xxxx__DS_66__bin.10,218406/4261/1
MASTER_WP4_UNINA_2__A-22__bin.12,MASTER_WP4_UNINA_2__A-22__bin.12,218406/4262/1
PothakosV_2020__ERS2068302__bin.15,PothakosV_2020__ERS2068302__bin.15,218406/4263/1
MAG_417,MAG_417,218406/4265/1
ODFM-BA-A-0052-001_Yarrowia_lipolytica_CBA6003,ODFM-BA-A-0052-001_Yarrowia_lipolytica_CBA6003,218406/4266/1
ODFM-BA-A-0160-001_Vibrio_casei_JB196,ODFM-BA-A-0160-001_Vibrio_casei_JB196,218406/4270/1
MortensenS_xxxx__WK046-2-L-08h-03H9_S91__bin.6,MortensenS_xxxx__WK046-2-L-08h-03H9_S91__bin.6,218406/4271/1
MASTER_WP4_TEAGASC_1__TGS10-27__bin.8,MASTER_WP4_TEAGASC_1__TGS10-27__bin.8,218406/4273/1
MASTER_WP4_UNINA_1__PM012_71775__bin.21,MASTER_WP4_UNINA_1__PM012_71775__bin.21,218406/4276/1
FalardeauJ_2023__SRR20811176__bin.3,FalardeauJ_2023__SRR20811176__bin.3,218406/4278/1
WalshL_xxxx__F4__bin.2,WalshL_xxxx__F4__bin.2,218406/4279/1
MAG_446,MAG_446,218406/4282/1
FontanaF_2023__SRR20746930__bin.6,FontanaF_2023__SRR20746930__bin.6,218406/4286/1
MASTER_WP4_FFoQSI_3__VB14-26__bin.4,MASTER_WP4_FFoQSI_3__VB14-26__bin.4,218406/4288/1
MASTER_WP4_UNINA_1__MO005_73417__bin.9,MASTER_WP4_UNINA_1__MO005_73417__bin.9,218406/4289/1
MASTER_WP4_TEAGASC_1__TGS11-22__bin.20,MASTER_WP4_TEAGASC_1__TGS11-22__bin.20,218406/4290/1
DeFilippisF_xxxx__DF_88__bin.10,DeFilippisF_xxxx__DF_88__bin.10,218406/4292/1
MASTER_WP4_FFoQSI_3__VB13-29__bin.48,MASTER_WP4_FFoQSI_3__VB13-29__bin.48,218406/4295/1
YouL_2022__SRR13308524__bin.34,YouL_2022__SRR13308524__bin.34,218406/4296/1
MAG_601,MAG_601,218406/4297/1
MAG_590,MAG_590,218406/4298/1
MASTER_WP4_UNINA_1__GR001_73417__bin.3,MASTER_WP4_UNINA_1__GR001_73417__bin.3,218406/4301/1
FontanaF_2023__SRR20746823__bin.4,FontanaF_2023__SRR20746823__bin.4,218406/4303/1
MAG_58,MAG_58,218406/4307/1
LeechJ_xxxx__AF46__bin.5,LeechJ_xxxx__AF46__bin.5,218406/4308/1
MASTER_WP4_FFoQSI_1__VB-16-M16__bin.15,MASTER_WP4_FFoQSI_1__VB-16-M16__bin.15,218406/4310/1
KumarJ_2019__SRS4562500__bin.25,KumarJ_2019__SRS4562500__bin.25,218406/4315/1
WalshAM_2016__ERS1354646__bin.1,WalshAM_2016__ERS1354646__bin.1,218406/4316/1
LandisEA_2021__SRS5653152__bin.4,LandisEA_2021__SRS5653152__bin.4,218406/4317/1
MASTER_WP4_TEAGASC_1__TGS13-22__bin.32,MASTER_WP4_TEAGASC_1__TGS13-22__bin.32,218406/4319/1
LeechJ_xxxx__AF78__bin.4,LeechJ_xxxx__AF78__bin.4,218406/4320/1
AlvarezOrdonezA_xxxx__Q04-30__bin.11,AlvarezOrdonezA_xxxx__Q04-30__bin.11,218406/4321/1
MASTER_WP4_FFoQSI_1__VB-09-M7__bin.39,MASTER_WP4_FFoQSI_1__VB-09-M7__bin.39,218406/4323/1
LeechJ_2020__ERS3967691__bin.13,LeechJ_2020__ERS3967691__bin.13,218406/4326/1
MASTER_WP4_CSIC_2__P2517__bin.2,MASTER_WP4_CSIC_2__P2517__bin.2,218406/4328/1
LeechJ_2020__ERS3967707__bin.10,LeechJ_2020__ERS3967707__bin.10,218406/4331/1
MASTER_WP4_CSIC_2__P2619__bin.31,MASTER_WP4_CSIC_2__P2619__bin.31,218406/4332/1
MAG_481,MAG_481,218406/4333/1
LeechJ_xxxx__AF57__bin.6,LeechJ_xxxx__AF57__bin.6,218406/4335/1
MASTER_WP4_TEAGASC_1__TGS11-22__bin.14,MASTER_WP4_TEAGASC_1__TGS11-22__bin.14,218406/4337/1
MAG_532,MAG_532,218406/4341/1
MAG_472,MAG_472,218406/4343/1
FalardeauJ_2023__SRR20811224__bin.5,FalardeauJ_2023__SRR20811224__bin.5,218406/4344/1
MASTER_WP4_TEAGASC_1__TGS11-30__bin.13,MASTER_WP4_TEAGASC_1__TGS11-30__bin.13,218406/4346/1
CM_UNINA_FFOOD__FFOOD_388__bin.4,CM_UNINA_FFOOD__FFOOD_388__bin.4,218406/4349/1
MortensenS_xxxx__WK010-1-L-08h-02A1_S61__bin.8,MortensenS_xxxx__WK010-1-L-08h-02A1_S61__bin.8,218406/4351/1
MAG_423,MAG_423,218406/4353/1
ZhaoCC_2020__SRS5803193__bin.14,ZhaoCC_2020__SRS5803193__bin.14,218406/4354/1
MASTER_WP4_TEAGASC_1__TGS13-29__bin.10,MASTER_WP4_TEAGASC_1__TGS13-29__bin.10,218406/4355/1
MASTER_WP4_UNINA_2__H-30__bin.3,MASTER_WP4_UNINA_2__H-30__bin.3,218406/4359/1
MAG_433,MAG_433,218406/4361/1
LeechJ_2020__ERS3967715__bin.5,LeechJ_2020__ERS3967715__bin.5,218406/4362/1
MortensenS_xxxx__WK001-1-L-08h-01F1_S25__bin.5,MortensenS_xxxx__WK001-1-L-08h-01F1_S25__bin.5,218406/4364/1
MortensenS_xxxx__WK021-2-G-48h-01E6_S21__bin.6,MortensenS_xxxx__WK021-2-G-48h-01E6_S21__bin.6,218406/4366/1
WolfeBE_2014__319_Tarentaise__bin.6,WolfeBE_2014__319_Tarentaise__bin.6,218406/4369/1
MotaGutierrezJ_2021__SRR11602143__bin.12,MotaGutierrezJ_2021__SRR11602143__bin.12,218406/4370/1
MASTER_WP4_UNINA_1__PB007_73417__bin.10,MASTER_WP4_UNINA_1__PB007_73417__bin.10,218406/4371/1
MAG_462,MAG_462,218406/4375/1
C-R14.bin.5,C-R14.bin.5,218406/4377/1
MASTER_WP4_UNINA_1__PU010_71775__bin.37,MASTER_WP4_UNINA_1__PU010_71775__bin.37,218406/4379/1
DeRoosJ_2020__B3D__bin.2,DeRoosJ_2020__B3D__bin.2,218406/4380/1
MortensenS_xxxx__WK031-1-L-08h-03B1_S29__bin.4,MortensenS_xxxx__WK031-1-L-08h-03B1_S29__bin.4,218406/4383/1
AlvarezOrdonezA_xxxx__Q07-29__bin.11,AlvarezOrdonezA_xxxx__Q07-29__bin.11,218406/4385/1
MAG_19,MAG_19,218406/4386/1
MAG_491,MAG_491,218406/4387/1
BertuzziAS_2018__ERS2032119__bin.1,BertuzziAS_2018__ERS2032119__bin.1,218406/4389/1
LimaC_2020__SRR9640346__bin.18,LimaC_2020__SRR9640346__bin.18,218406/4393/1
MAG_640,MAG_640,218406/4394/1
AlvarezOrdonezA_xxxx__Q04-21__bin.21,AlvarezOrdonezA_xxxx__Q04-21__bin.21,218406/4396/1
LiZ_2019__SRS3379169__bin.4,LiZ_2019__SRS3379169__bin.4,218406/4399/1
MilaniC_2019__SRS3591582__bin.4,MilaniC_2019__SRS3591582__bin.4,218406/4400/1
FontanaF_2023__SRR20746869__bin.7,FontanaF_2023__SRR20746869__bin.7,218406/4403/1
MAG_580,MAG_580,218406/4405/1
MAG_611,MAG_611,218406/4406/1
MortensenS_xxxx__WK006-1-L-48h-01H4_S46__bin.8,MortensenS_xxxx__WK006-1-L-48h-01H4_S46__bin.8,218406/4409/1
MASTER_WP4_UNINA_1__FO007_71775__bin.52,MASTER_WP4_UNINA_1__FO007_71775__bin.52,218406/4411/1
MASTER_WP4_UNINA_1__GO011_71775__bin.7,MASTER_WP4_UNINA_1__GO011_71775__bin.7,218406/4413/1
FontanaF_2023__SRR20746831__bin.1,FontanaF_2023__SRR20746831__bin.1,218406/4414/1
AlvarezOrdonezA_xxxx__Q07-22__bin.5,AlvarezOrdonezA_xxxx__Q07-22__bin.5,218406/4416/1
AlvarezOrdonezA_xxxx__Q05-27__bin.5,AlvarezOrdonezA_xxxx__Q05-27__bin.5,218406/4417/1
LeechJ_xxxx__AF25__bin.19,LeechJ_xxxx__AF25__bin.19,218406/4419/1
MagliuloR_2024__SRR28235352__bin.11,MagliuloR_2024__SRR28235352__bin.11,218406/4422/1
LeechJ_xxxx__AF67__bin.5,LeechJ_xxxx__AF67__bin.5,218406/4425/1
MAG_456,MAG_456,218406/4427/1
EBC_088.16,EBC_088.16,218406/4430/1
MortensenS_xxxx__WK062-2-L-08h-04I5_S48__bin.7,MortensenS_xxxx__WK062-2-L-08h-04I5_S48__bin.7,218406/4431/1
AlvarezOrdonezA_xxxx__Q04-29__bin.10,AlvarezOrdonezA_xxxx__Q04-29__bin.10,218406/4432/1
YasirM_2022__SRR18335007__bin.3,YasirM_2022__SRR18335007__bin.3,218406/4433/1
MASTER_WP4_FFoQSI_3__VB13-30__bin.18,MASTER_WP4_FFoQSI_3__VB13-30__bin.18,218406/4437/1
MAG_547,MAG_547,218406/4438/1
AlvarezOrdonezA_xxxx__Q08-28__bin.6,AlvarezOrdonezA_xxxx__Q08-28__bin.6,218406/4440/1
AlvarezOrdonezA_xxxx__Q01-29__bin.1,AlvarezOrdonezA_xxxx__Q01-29__bin.1,218406/4443/1
DeFilippisF_xxxx__DF_94__bin.4,DeFilippisF_xxxx__DF_94__bin.4,218406/4445/1
MASTER_WP4_FFoQSI_3__VB07-30__bin.19,MASTER_WP4_FFoQSI_3__VB07-30__bin.19,218406/4446/1
MASTER_WP4_FFoQSI_2__VB15-25__bin.4,MASTER_WP4_FFoQSI_2__VB15-25__bin.4,218406/4447/1
MAG_407,MAG_407,218406/4448/1
MASTER_WP4_FFoQSI_1__VB-15-M12__bin.17,MASTER_WP4_FFoQSI_1__VB-15-M12__bin.17,218406/4455/1
LeechJ_2020__ERS3967740__bin.7,LeechJ_2020__ERS3967740__bin.7,218406/4457/1
CM_UNINA_FFOOD__FFOOD_424__bin.2,CM_UNINA_FFOOD__FFOOD_424__bin.2,218406/4459/1
OlgaP_2019__SRR11909888__bin.7,OlgaP_2019__SRR11909888__bin.7,218406/4460/1
LandisEA_2021__SRS5653283__bin.1,LandisEA_2021__SRS5653283__bin.1,218406/4462/1
CM_UNINA_FFOOD__FFOOD_418__bin.12,CM_UNINA_FFOOD__FFOOD_418__bin.12,218406/4463/1
MASTER_WP4_UNINA_2__V-23.1__bin.9,MASTER_WP4_UNINA_2__V-23.1__bin.9,218406/4464/1
MASTER_WP4_UNINA_1__FO007_71775__bin.37,MASTER_WP4_UNINA_1__FO007_71775__bin.37,218406/4466/1
DuruIC_2018__ERS2061101__bin.3,DuruIC_2018__ERS2061101__bin.3,218406/4467/1
MASTER_WP4_FFoQSI_3__VB14-25__bin.2,MASTER_WP4_FFoQSI_3__VB14-25__bin.2,218406/4468/1
WalshAM_2016__ERS1354648__bin.3,WalshAM_2016__ERS1354648__bin.3,218406/4469/1
MASTER_WP4_FFoQSI_1__RC17-F-AR__bin.47,MASTER_WP4_FFoQSI_1__RC17-F-AR__bin.47,218406/4470/1
CM_UNINA_FFOOD__FFOOD_397__bin.5,CM_UNINA_FFOOD__FFOOD_397__bin.5,218406/4473/1
YulandiA_2020__SRS6115053__bin.26,YulandiA_2020__SRS6115053__bin.26,218406/4481/1
WolfeBE_2014__771_Tarentaise__bin.5,WolfeBE_2014__771_Tarentaise__bin.5,218406/4482/1
MASTER_WP4_CSIC_1__P2134_73322__bin.18,MASTER_WP4_CSIC_1__P2134_73322__bin.18,218406/4483/1
G_011_1B_oryzifermentans_assembly,G_011_1B_oryzifermentans_assembly,218406/4484/1
DeFilippisF_xxxx__DS_112__bin.21,DeFilippisF_xxxx__DS_112__bin.21,218406/4485/1
MortensenS_xxxx__WK008-2-G-48h-01D2_S8__bin.2,MortensenS_xxxx__WK008-2-G-48h-01D2_S8__bin.2,218406/4486/1
CM_UNINA_FFOOD__FFOOD_312__bin.3,CM_UNINA_FFOOD__FFOOD_312__bin.3,218406/4487/1
AlvarezOrdonezA_xxxx__Q06-30__bin.5,AlvarezOrdonezA_xxxx__Q06-30__bin.5,218406/4488/1
MASTER_WP4_CSIC_2__P2558__bin.22,MASTER_WP4_CSIC_2__P2558__bin.22,218406/4496/1
MASTER_WP4_CSIC_1__P2248_73323__bin.5,MASTER_WP4_CSIC_1__P2248_73323__bin.5,218406/4499/1
MortensenS_xxxx__WK055-2-G-48h-05G7_S113__bin.1,MortensenS_xxxx__WK055-2-G-48h-05G7_S113__bin.1,218406/4500/1
MortensenS_xxxx__WK006-2-L-48h-01H6_S48__bin.5,MortensenS_xxxx__WK006-2-L-48h-01H6_S48__bin.5,218406/4501/1
AlvarezOrdonezA_xxxx__Q07-27__bin.6,AlvarezOrdonezA_xxxx__Q07-27__bin.6,218406/4502/1
MASTER_WP4_TEAGASC_1__TGS15-30__bin.13,MASTER_WP4_TEAGASC_1__TGS15-30__bin.13,218406/4504/1
LeechJ_2020__ERS3967722__bin.9,LeechJ_2020__ERS3967722__bin.9,218406/4505/1
MortensenS_xxxx__WK026-1-L-48h-02H9_S10__bin.6,MortensenS_xxxx__WK026-1-L-48h-02H9_S10__bin.6,218406/4506/1
MacoriG_2019__CS_R4__bin.7,MacoriG_2019__CS_R4__bin.7,218406/4508/1
MASTER_WP4_CSIC_2__P2586__bin.19,MASTER_WP4_CSIC_2__P2586__bin.19,218406/4510/1
YangC_2021__SRR13259378__bin.4,YangC_2021__SRR13259378__bin.4,218406/4514/1
MASTER_WP4_UNINA_1__AS001_71775__bin.7,MASTER_WP4_UNINA_1__AS001_71775__bin.7,218406/4515/1
We2_bin.full.21,We2_bin.full.21,218406/4519/1
MortensenS_xxxx__WK029-1-L-48h-03A3_S22__bin.5,MortensenS_xxxx__WK029-1-L-48h-03A3_S22__bin.5,218406/4520/1
MASTER_WP4_CSIC_2__P2517__bin.14,MASTER_WP4_CSIC_2__P2517__bin.14,218406/4522/1
LeechJ_xxxx__AF43__bin.11,LeechJ_xxxx__AF43__bin.11,218406/4523/1
MotaGutierrezJ_2021__SRR11602143__bin.8,MotaGutierrezJ_2021__SRR11602143__bin.8,218406/4525/1
MAG_198,MAG_198,218406/4526/1
MAG_349,MAG_349,218406/4530/1
MASTER_WP4_UNINA_1__GR012_71775__bin.6,MASTER_WP4_UNINA_1__GR012_71775__bin.6,218406/4531/1
LeechJ_xxxx__AF15__bin.2,LeechJ_xxxx__AF15__bin.2,218406/4534/1
LeechJ_2020__ERS3967745__bin.4,LeechJ_2020__ERS3967745__bin.4,218406/4537/1
MASTER_WP4_UNINA_1__FI109_71775__bin.6,MASTER_WP4_UNINA_1__FI109_71775__bin.6,218406/4538/1
KastmanEK_2016__CSB409__bin.2,KastmanEK_2016__CSB409__bin.2,218406/4540/1
MASTER_WP4_UNINA_2__T-22__bin.22,MASTER_WP4_UNINA_2__T-22__bin.22,218406/4542/1
MAG_318,MAG_318,218406/4543/1
FalardeauJ_2023__SRR20811276__bin.8,FalardeauJ_2023__SRR20811276__bin.8,218406/4546/1
MASTER_WP4_TEAGASC_1__TGS08-29__bin.19,MASTER_WP4_TEAGASC_1__TGS08-29__bin.19,218406/4548/1
AlvarezOrdonezA_xxxx__Q04-29__bin.2,AlvarezOrdonezA_xxxx__Q04-29__bin.2,218406/4550/1
MortensenS_xxxx__WK050-2-G-48h-04D2_S129__bin.1,MortensenS_xxxx__WK050-2-G-48h-04D2_S129__bin.1,218406/4552/1
MASTER_WP4_UNINA_1__PU007_71775__bin.15,MASTER_WP4_UNINA_1__PU007_71775__bin.15,218406/4555/1
MortensenS_xxxx__WK048-2-G-48h-04C6_S124__bin.5,MortensenS_xxxx__WK048-2-G-48h-04C6_S124__bin.5,218406/4556/1
MASTER_WP4_TEAGASC_1__TGS15-30__bin.27,MASTER_WP4_TEAGASC_1__TGS15-30__bin.27,218406/4559/1
LeechJ_xxxx__AF29__bin.14,LeechJ_xxxx__AF29__bin.14,218406/4561/1
MASTER_WP4_FFoQSI_1__KM-2G__bin.45,MASTER_WP4_FFoQSI_1__KM-2G__bin.45,218406/4563/1
CM_UNINA_FFOOD__FFOOD_338__bin.20,CM_UNINA_FFOOD__FFOOD_338__bin.20,218406/4564/1
We2_bin.full.44,We2_bin.full.44,218406/4565/1
MASTER_WP4_UNINA_2__I-25__bin.10,MASTER_WP4_UNINA_2__I-25__bin.10,218406/4568/1
MASTER_WP4_UNINA_1__PU007_71775__bin.44,MASTER_WP4_UNINA_1__PU007_71775__bin.44,218406/4569/1
MortensenS_xxxx__WK005-1-L-48h-01G9_S42__bin.6,MortensenS_xxxx__WK005-1-L-48h-01G9_S42__bin.6,218406/4571/1
LiZ_2018__SRS2920553__bin.2,LiZ_2018__SRS2920553__bin.2,218406/4572/1
LiZ_2018__SRS2920550__bin.32,LiZ_2018__SRS2920550__bin.32,218406/4575/1
MASTER_WP4_CSIC_2__P2614__bin.11,MASTER_WP4_CSIC_2__P2614__bin.11,218406/4578/1
FontanaF_2023__SRR20746834__bin.2,FontanaF_2023__SRR20746834__bin.2,218406/4580/1
MASTER_WP4_UNINA_1__PA011_73417__bin.1,MASTER_WP4_UNINA_1__PA011_73417__bin.1,218406/4584/1
WalshL_xxxx__H9__bin.1,WalshL_xxxx__H9__bin.1,218406/4585/1
MASTER_WP4_UNINA_2__T-22__bin.16,MASTER_WP4_UNINA_2__T-22__bin.16,218406/4587/1
AlvarezOrdonezA_xxxx__Q08-30__bin.8,AlvarezOrdonezA_xxxx__Q08-30__bin.8,218406/4588/1
MortensenS_xxxx__WK030-2-L-48h-03A9_S28__bin.1,MortensenS_xxxx__WK030-2-L-48h-03A9_S28__bin.1,218406/4590/1
AlvarezOrdonezA_xxxx__C06-18__bin.11,AlvarezOrdonezA_xxxx__C06-18__bin.11,218406/4593/1
AlvarezOrdonezA_xxxx__C08-18__bin.7,AlvarezOrdonezA_xxxx__C08-18__bin.7,218406/4594/1
CM_UNINA_FFOOD__FFOOD_290__bin.7,CM_UNINA_FFOOD__FFOOD_290__bin.7,218406/4595/1
FontanaF_2023__SRR20746852__bin.5,FontanaF_2023__SRR20746852__bin.5,218406/4597/1
MASTER_WP4_TEAGASC_1__TGS01-28__bin.6,MASTER_WP4_TEAGASC_1__TGS01-28__bin.6,218406/4598/1
LeechJ_2020__ERS3967701__bin.5,LeechJ_2020__ERS3967701__bin.5,218406/4604/1
MASTER_WP4_TEAGASC_1__TGS08-29__bin.1,MASTER_WP4_TEAGASC_1__TGS08-29__bin.1,218406/4605/1
We2_bin.full.36,We2_bin.full.36,218406/4606/1
MortensenS_xxxx__WK062-2-L-48h-04I6_S49__bin.5,MortensenS_xxxx__WK062-2-L-48h-04I6_S49__bin.5,218406/4608/1
FontanaF_2023__SRR20746884__bin.3,FontanaF_2023__SRR20746884__bin.3,218406/4609/1
MASTER_WP4_CSIC_2__P2628__bin.10,MASTER_WP4_CSIC_2__P2628__bin.10,218406/4611/1
MASTER_WP4_UNINA_1__TO013_71775__bin.12,MASTER_WP4_UNINA_1__TO013_71775__bin.12,218406/4612/1
YasirM_2022__SRR18334997__bin.9,YasirM_2022__SRR18334997__bin.9,218406/4614/1
DeFilippisF_xxxx__DS_111__bin.11,DeFilippisF_xxxx__DS_111__bin.11,218406/4615/1
MASTER_WP4_CSIC_1__P2137_73322__bin.39,MASTER_WP4_CSIC_1__P2137_73322__bin.39,218406/4623/1
CM_UNINA_FFOOD__FFOOD_260__bin.12,CM_UNINA_FFOOD__FFOOD_260__bin.12,218406/4625/1
YasirM_2022__SRR18335010__bin.2,YasirM_2022__SRR18335010__bin.2,218406/4626/1
MortensenS_xxxx__WK011-2-L-48h-02A8_S68__bin.4,MortensenS_xxxx__WK011-2-L-48h-02A8_S68__bin.4,218406/4627/1
PfeferT_xxxx__SRS2870590__bin.3,PfeferT_xxxx__SRS2870590__bin.3,218406/4628/1
AlvarezOrdonezA_xxxx__Q01-22__bin.12,AlvarezOrdonezA_xxxx__Q01-22__bin.12,218406/4629/1
WalshL_xxxx__H3_S87__bin.5,WalshL_xxxx__H3_S87__bin.5,218406/4630/1
LeechJ_2020__ERS3967690__bin.9,LeechJ_2020__ERS3967690__bin.9,218406/4631/1
AlvarezOrdonezA_xxxx__F02-18__bin.4,AlvarezOrdonezA_xxxx__F02-18__bin.4,218406/4633/1
EBC_040.8,EBC_040.8,218406/4634/1
MASTER_WP4_FFoQSI_3__VB09-30__bin.60,MASTER_WP4_FFoQSI_3__VB09-30__bin.60,218406/4644/1
MASTER_WP4_FFoQSI_3__VB14-22__bin.19,MASTER_WP4_FFoQSI_3__VB14-22__bin.19,218406/4645/1
YasirM_2022__SRR18335001__bin.1,YasirM_2022__SRR18335001__bin.1,218406/4646/1
WolfeBE_2014__917_Abondance__bin.1,WolfeBE_2014__917_Abondance__bin.1,218406/4647/1
MASTER_WP4_FFoQSI_1__VB-09-M8__bin.14,MASTER_WP4_FFoQSI_1__VB-09-M8__bin.14,218406/4649/1
MASTER_WP4_FFoQSI_1__VB-14-AD__bin.24,MASTER_WP4_FFoQSI_1__VB-14-AD__bin.24,218406/4650/1
MASTER_WP4_UNINA_1__PR003_71775__bin.5,MASTER_WP4_UNINA_1__PR003_71775__bin.5,218406/4651/1
LiZ_2018__SRS2920551__bin.18,LiZ_2018__SRS2920551__bin.18,218406/4653/1
MortensenS_xxxx__WK024-1-L-08h-02G6_S120__bin.5,MortensenS_xxxx__WK024-1-L-08h-02G6_S120__bin.5,218406/4654/1
SternesPR_2017__T2D3_A_shotgun__bin.4,SternesPR_2017__T2D3_A_shotgun__bin.4,218406/4655/1
YouL_2022__SRR13308523__bin.1,YouL_2022__SRR13308523__bin.1,218406/4660/1
PatroJN_2016__SRS1044735__bin.10,PatroJN_2016__SRS1044735__bin.10,218406/4665/1
WolfeBE_2014__340_Comte__bin.3,WolfeBE_2014__340_Comte__bin.3,218406/4666/1
MAG_119,MAG_119,218406/4668/1
LeechJ_xxxx__AF34__bin.5,LeechJ_xxxx__AF34__bin.5,218406/4669/1
KumarJ_2019__SRS4562503__bin.8,KumarJ_2019__SRS4562503__bin.8,218406/4670/1
We2_bin.full.53,We2_bin.full.53,218406/4671/1
CM_UNINA_FFOOD__FFOOD_322__bin.7,CM_UNINA_FFOOD__FFOOD_322__bin.7,218406/4672/1
WalshAM_2020__ERS3466748__bin.3,WalshAM_2020__ERS3466748__bin.3,218406/4674/1
DeFilippisF_xxxx__DF_85__bin.13,DeFilippisF_xxxx__DF_85__bin.13,218406/4675/1
LeechJ_2020__ERS3967702__bin.4,LeechJ_2020__ERS3967702__bin.4,218406/4681/1
MASTER_WP4_CSIC_1__P2143_73322__bin.12,MASTER_WP4_CSIC_1__P2143_73322__bin.12,218406/4685/1
FalardeauJ_2023__SRR20811279__bin.7,FalardeauJ_2023__SRR20811279__bin.7,218406/4686/1
MASTER_WP4_TEAGASC_1__TGS15-30__bin.30,MASTER_WP4_TEAGASC_1__TGS15-30__bin.30,218406/4687/1
CM_INJERA__injera_E1__bin.17,CM_INJERA__injera_E1__bin.17,218406/4688/1
MAG_148,MAG_148,218406/4689/1
AlvarezOrdonezA_xxxx__Q03-27__bin.7,AlvarezOrdonezA_xxxx__Q03-27__bin.7,218406/4690/1
MAG_399,MAG_399,218406/4691/1
MASTER_WP4_FFoQSI_1__KM-2D__bin.24,MASTER_WP4_FFoQSI_1__KM-2D__bin.24,218406/4692/1
MASTER_WP4_UNINA_2__I-22__bin.4,MASTER_WP4_UNINA_2__I-22__bin.4,218406/4696/1
LeechJ_xxxx__AF53__bin.8,LeechJ_xxxx__AF53__bin.8,218406/4704/1
CM_UNINA_FFOOD__FFOOD_333__bin.4,CM_UNINA_FFOOD__FFOOD_333__bin.4,218406/4705/1
DeFilippisF_xxxx__DF_104__bin.3,DeFilippisF_xxxx__DF_104__bin.3,218406/4706/1
MotaGutierrezJ_2021__SRR11602145__bin.17,MotaGutierrezJ_2021__SRR11602145__bin.17,218406/4707/1
MortensenS_xxxx__WK017-2-L-08h-02D4_S91__bin.1,MortensenS_xxxx__WK017-2-L-08h-02D4_S91__bin.1,218406/4708/1
LeechJ_xxxx__AF25__bin.6,LeechJ_xxxx__AF25__bin.6,218406/4709/1
MASTER_WP4_UNINA_2__U-22__bin.12,MASTER_WP4_UNINA_2__U-22__bin.12,218406/4712/1
MortensenS_xxxx__WK069-1-L-48h-05C9_S79__bin.6,MortensenS_xxxx__WK069-1-L-48h-05C9_S79__bin.6,218406/4714/1
MortensenS_xxxx__WK022-2-L-48h-02G1_S115__bin.10,MortensenS_xxxx__WK022-2-L-48h-02G1_S115__bin.10,218406/4715/1
MortensenS_xxxx__WK041-1-L-48h-03F6_S70__bin.3,MortensenS_xxxx__WK041-1-L-48h-03F6_S70__bin.3,218406/4717/1
MortensenS_xxxx__WK037-1-L-48h-03D8_S54__bin.3,MortensenS_xxxx__WK037-1-L-48h-03D8_S54__bin.3,218406/4719/1
FontanaF_2023__SRR20746818__bin.1,FontanaF_2023__SRR20746818__bin.1,218406/4722/1
MortensenS_xxxx__WK001-2-L-48h-01F4_S28__bin.6,MortensenS_xxxx__WK001-2-L-48h-01F4_S28__bin.6,218406/4723/1
MortensenS_xxxx__WK056-1-L-48h-04F7_S23__bin.9,MortensenS_xxxx__WK056-1-L-48h-04F7_S23__bin.9,218406/4725/1
MASTER_WP4_UNINA_1__GR211_71775__bin.2,MASTER_WP4_UNINA_1__GR211_71775__bin.2,218406/4729/1
CM_UNINA_FFOOD__FFOOD_411__bin.5,CM_UNINA_FFOOD__FFOOD_411__bin.5,218406/4730/1
MotaGutierrezJ_2021__SRR11602156__bin.19,MotaGutierrezJ_2021__SRR11602156__bin.19,218406/4731/1
LeechJ_xxxx__AF10__bin.14,LeechJ_xxxx__AF10__bin.14,218406/4736/1
MASTER_WP4_CSIC_2__P2574__bin.1,MASTER_WP4_CSIC_2__P2574__bin.1,218406/4737/1
AlvarezOrdonezA_xxxx__C02-19__bin.1,AlvarezOrdonezA_xxxx__C02-19__bin.1,218406/4740/1
DeFilippisF_xxxx__DF_30__bin.10,DeFilippisF_xxxx__DF_30__bin.10,218406/4741/1
MASTER_WP4_TEAGASC_1__TGS11-22__bin.13,MASTER_WP4_TEAGASC_1__TGS11-22__bin.13,218406/4742/1
MASTER_WP4_CSIC_2__P2587__bin.9,MASTER_WP4_CSIC_2__P2587__bin.9,218406/4743/1
MASTER_WP4_CSIC_2__P2560__bin.1,MASTER_WP4_CSIC_2__P2560__bin.1,218406/4744/1
FontanaF_2023__SRR20746964__bin.9,FontanaF_2023__SRR20746964__bin.9,218406/4746/1
LeechJ_xxxx__AF57__bin.1,LeechJ_xxxx__AF57__bin.1,218406/4747/1
MAG_535,MAG_535,218406/4748/1
MASTER_WP4_UNINA_1__PM012_71775__bin.12,MASTER_WP4_UNINA_1__PM012_71775__bin.12,218406/4757/1
MortensenS_xxxx__WK001T-2-L-04h-05E3_S91__bin.3,MortensenS_xxxx__WK001T-2-L-04h-05E3_S91__bin.3,218406/4758/1
AlvarezOrdonezA_xxxx__Q08-26__bin.3,AlvarezOrdonezA_xxxx__Q08-26__bin.3,218406/4759/1
MAG_475,MAG_475,218406/4761/1
MotaGutierrezJ_2021__SRR11602140__bin.22,MotaGutierrezJ_2021__SRR11602140__bin.22,218406/4762/1
FontanaF_2023__SRR20746822__bin.9,FontanaF_2023__SRR20746822__bin.9,218406/4763/1
LeechJ_xxxx__AF31__bin.6,LeechJ_xxxx__AF31__bin.6,218406/4764/1
MortensenS_xxxx__WK045-2-G-48h-04C3_S121__bin.6,MortensenS_xxxx__WK045-2-G-48h-04C3_S121__bin.6,218406/4767/1
ZhaoCC_2020__SRS5803193__bin.13,ZhaoCC_2020__SRS5803193__bin.13,218406/4770/1
MAG_424,MAG_424,218406/4773/1
CM_UNINA_FFOOD__FFOOD_327__bin.4,CM_UNINA_FFOOD__FFOOD_327__bin.4,218406/4775/1
MortensenS_xxxx__WK059-1-L-08h-04G9_S34__bin.2,MortensenS_xxxx__WK059-1-L-08h-04G9_S34__bin.2,218406/4776/1
ODFM-BA-A-0217-003_GCF_025908565.1,ODFM-BA-A-0217-003_GCF_025908565.1,218406/4777/1
MASTER_WP4_UNINA_1__SF013_71775__bin.21,MASTER_WP4_UNINA_1__SF013_71775__bin.21,218406/4778/1
MASTER_WP4_FFoQSI_1__VB-15-BD__bin.18,MASTER_WP4_FFoQSI_1__VB-15-BD__bin.18,218406/4779/1
MortensenS_xxxx__WK059-2-L-48h-04H3_S37__bin.8,MortensenS_xxxx__WK059-2-L-48h-04H3_S37__bin.8,218406/4780/1
MortensenS_xxxx__WK039-1-L-08h-03E6_S61__bin.1,MortensenS_xxxx__WK039-1-L-08h-03E6_S61__bin.1,218406/4785/1
MagliuloR_2024__SRR28235392__bin.5,MagliuloR_2024__SRR28235392__bin.5,218406/4792/1
LeechJ_2020__ERS3967699__bin.4,LeechJ_2020__ERS3967699__bin.4,218406/4793/1
MAG_597,MAG_597,218406/4794/1
MortensenS_xxxx__WK015-1-L-08h-02C3_S81__bin.6,MortensenS_xxxx__WK015-1-L-08h-02C3_S81__bin.6,218406/4795/1
ODFM-BA-A-0136-001_Staphylococcus_aureus_18SBCL679,ODFM-BA-A-0136-001_Staphylococcus_aureus_18SBCL679,218406/4796/1
WalshL_xxxx__L6__bin.6,WalshL_xxxx__L6__bin.6,218406/4797/1
CM_UNINA_FFOOD__FFOOD_277__bin.14,CM_UNINA_FFOOD__FFOOD_277__bin.14,218406/4798/1
We5_bin.circ.8,We5_bin.circ.8,218406/4799/1
MASTER_WP4_CSIC_1__P2173_73322__bin.9,MASTER_WP4_CSIC_1__P2173_73322__bin.9,218406/4800/1
MASTER_WP4_UNINA_1__SC109_71775__bin.18,MASTER_WP4_UNINA_1__SC109_71775__bin.18,218406/4801/1
LeechJ_2020__ERS3967716__bin.4,LeechJ_2020__ERS3967716__bin.4,218406/4811/1
MASTER_WP4_TEAGASC_1__TGS13-22__bin.35,MASTER_WP4_TEAGASC_1__TGS13-22__bin.35,218406/4813/1
WalshL_xxxx__V1__bin.1,WalshL_xxxx__V1__bin.1,218406/4814/1
MASTER_WP4_UNINA_1__CM008_71775__bin.21,MASTER_WP4_UNINA_1__CM008_71775__bin.21,218406/4815/1
LandisEA_2021__SRS5653152__bin.3,LandisEA_2021__SRS5653152__bin.3,218406/4816/1
MASTER_WP4_CSIC_2__P2619__bin.36,MASTER_WP4_CSIC_2__P2619__bin.36,218406/4817/1
LeechJ_xxxx__AF20__bin.5,LeechJ_xxxx__AF20__bin.5,218406/4818/1
LeechJ_2020__ERS3967715__bin.10,LeechJ_2020__ERS3967715__bin.10,218406/4822/1
MAG_486,MAG_486,218406/4824/1
DeFilippisF_xxxx__DF_7__bin.11,DeFilippisF_xxxx__DF_7__bin.11,218406/4826/1
MASTER_WP4_UNINA_1__FO011_71775__bin.18,MASTER_WP4_UNINA_1__FO011_71775__bin.18,218406/4827/1
MASTER_WP4_FFoQSI_2__VB05-25__bin.10,MASTER_WP4_FFoQSI_2__VB05-25__bin.10,218406/4831/1
MAG_98,MAG_98,218406/4832/1
We6_bin.circ.9,We6_bin.circ.9,218406/4835/1
MASTER_WP4_FFoQSI_2__VB11-25__bin.11,MASTER_WP4_FFoQSI_2__VB11-25__bin.11,218406/4836/1
MASTER_WP4_FFoQSI_1__VB-15-M11__bin.27,MASTER_WP4_FFoQSI_1__VB-15-M11__bin.27,218406/4838/1
MAG_410,MAG_410,218406/4840/1
LeechJ_2020__ERS3967725__bin.1,LeechJ_2020__ERS3967725__bin.1,218406/4843/1
CM_UNINA_FFOOD__FFOOD_285__bin.10,CM_UNINA_FFOOD__FFOOD_285__bin.10,218406/4844/1
MASTER_WP4_CSIC_1__P2247_73323__bin.6,MASTER_WP4_CSIC_1__P2247_73323__bin.6,218406/4845/1
CM_UNINA_FFOOD__FFOOD_427__bin.3,CM_UNINA_FFOOD__FFOOD_427__bin.3,218406/4848/1
MASTER_WP4_CSIC_1__P2172_73322__bin.6,MASTER_WP4_CSIC_1__P2172_73322__bin.6,218406/4849/1
PatroJN_2016__SRS1044738__bin.14,PatroJN_2016__SRS1044738__bin.14,218406/4850/1
MortensenS_xxxx__WK069-1-L-08h-05C8_S78__bin.1,MortensenS_xxxx__WK069-1-L-08h-05C8_S78__bin.1,218406/4854/1
MotaGutierrezJ_2021__SRR11602140__bin.16,MotaGutierrezJ_2021__SRR11602140__bin.16,218406/4856/1
MASTER_WP4_CSIC_1__P2238_73323__bin.1,MASTER_WP4_CSIC_1__P2238_73323__bin.1,218406/4857/1
LeechJ_2020__ERS3967735__bin.8,LeechJ_2020__ERS3967735__bin.8,218406/4862/1
WalshAM_2020__ERS3466751__bin.7,WalshAM_2020__ERS3466751__bin.7,218406/4863/1
MAG_501,MAG_501,218406/4864/1
MASTER_WP4_CSIC_2__P2625__bin.20,MASTER_WP4_CSIC_2__P2625__bin.20,218406/4865/1
MASTER_WP4_UNINA_2__O-30__bin.4,MASTER_WP4_UNINA_2__O-30__bin.4,218406/4866/1
MortensenS_xxxx__WK053-2-G-48h-05G5_S111__bin.2,MortensenS_xxxx__WK053-2-G-48h-05G5_S111__bin.2,218406/4870/1
BertuzziAS_2018__ERS2032129__bin.5,BertuzziAS_2018__ERS2032129__bin.5,218406/4871/1
AlvarezOrdonezA_xxxx__Q02-27__bin.12,AlvarezOrdonezA_xxxx__Q02-27__bin.12,218406/4873/1
MASTER_WP4_FFoQSI_1__RC17-F-AR__bin.50,MASTER_WP4_FFoQSI_1__RC17-F-AR__bin.50,218406/4879/1
ODFM-BA-A-0139-001_Enterococcus_lactis_CICC_24101,ODFM-BA-A-0139-001_Enterococcus_lactis_CICC_24101,218406/4881/1
ChaconVargasK_2020__SRS6087090__bin.7,ChaconVargasK_2020__SRS6087090__bin.7,218406/4882/1
MASTER_WP4_TEAGASC_1__TGS14-28__bin.1,MASTER_WP4_TEAGASC_1__TGS14-28__bin.1,218406/4883/1
LeechJ_xxxx__AF64__bin.4,LeechJ_xxxx__AF64__bin.4,218406/4884/1
LeechJ_2020__ERS3967740__bin.10,LeechJ_2020__ERS3967740__bin.10,218406/4885/1
KharnaiorP_2023__SRR22859379__bin.13,KharnaiorP_2023__SRR22859379__bin.13,218406/4886/1
AlvarezOrdonezA_xxxx__Q05-24__bin.4,AlvarezOrdonezA_xxxx__Q05-24__bin.4,218406/4887/1
AlvarezOrdonezA_xxxx__Q05-21__bin.11,AlvarezOrdonezA_xxxx__Q05-21__bin.11,218406/4888/1
MASTER_WP4_UNINA_2__P-22__bin.11,MASTER_WP4_UNINA_2__P-22__bin.11,218406/4894/1
CM_UNINA_FFOOD__FFOOD_418__bin.8,CM_UNINA_FFOOD__FFOOD_418__bin.8,218406/4899/1
MAG_632,MAG_632,218406/4900/1
EBC_097.14,EBC_097.14,218406/4901/1
MASTER_WP4_FFoQSI_1__VB-16-BD__bin.58,MASTER_WP4_FFoQSI_1__VB-16-BD__bin.58,218406/4902/1
AlvarezOrdonezA_xxxx__R04-18__bin.6,AlvarezOrdonezA_xxxx__R04-18__bin.6,218406/4905/1
MASTER_WP4_TEAGASC_1__TGS08-30__bin.2,MASTER_WP4_TEAGASC_1__TGS08-30__bin.2,218406/4906/1
MASTER_WP4_CSIC_2__P2621__bin.8,MASTER_WP4_CSIC_2__P2621__bin.8,218406/4908/1
MASTER_WP4_UNINA_2__V-24__bin.11,MASTER_WP4_UNINA_2__V-24__bin.11,218406/4909/1
WalshL_xxxx__Q12__bin.2,WalshL_xxxx__Q12__bin.2,218406/4910/1
DeFilippisF_xxxx__DS_78__bin.5,DeFilippisF_xxxx__DS_78__bin.5,218406/4914/1
CM_UNINA_FFOOD__FFOOD_251__bin.10,CM_UNINA_FFOOD__FFOOD_251__bin.10,218406/4916/1
MASTER_WP4_CSIC_2__P2631__bin.1,MASTER_WP4_CSIC_2__P2631__bin.1,218406/4921/1
MASTER_WP4_FFoQSI_1__VB-16-M14__bin.18,MASTER_WP4_FFoQSI_1__VB-16-M14__bin.18,218406/4922/1
MASTER_WP4_CSIC_2__P2598__bin.8,MASTER_WP4_CSIC_2__P2598__bin.8,218406/4923/1
MASTER_WP4_UNINA_1__ST007_71775__bin.2,MASTER_WP4_UNINA_1__ST007_71775__bin.2,218406/4924/1
DuR_2020__DRS139334__bin.5,DuR_2020__DRS139334__bin.5,218406/4925/1
EBC_030.11,EBC_030.11,218406/4928/1
AlvarezOrdonezA_xxxx__F03-18__bin.1,AlvarezOrdonezA_xxxx__F03-18__bin.1,218406/4929/1
MASTER_WP4_UNINA_1__TO013_71775__bin.2,MASTER_WP4_UNINA_1__TO013_71775__bin.2,218406/4930/1
MASTER_WP4_FFoQSI_1__VB-06-BG__bin.2,MASTER_WP4_FFoQSI_1__VB-06-BG__bin.2,218406/4932/1
MASTER_WP4_CSIC_2__P2578__bin.17,MASTER_WP4_CSIC_2__P2578__bin.17,218406/4939/1
MAG_511,MAG_511,218406/4940/1
MASTER_WP4_UNINA_2__M-27__bin.1,MASTER_WP4_UNINA_2__M-27__bin.1,218406/4941/1
CM_UNINA_FFOOD__FFOOD_227__bin.9,CM_UNINA_FFOOD__FFOOD_227__bin.9,218406/4943/1
AlvarezOrdonezA_xxxx__Q07-22__bin.2,AlvarezOrdonezA_xxxx__Q07-22__bin.2,218406/4945/1
CM_UNINA_FFOOD__FFOOD_410__bin.10,CM_UNINA_FFOOD__FFOOD_410__bin.10,218406/4948/1
MotaGutierrezJ_2021__SRR11602143__bin.21,MotaGutierrezJ_2021__SRR11602143__bin.21,218406/4949/1
DeFilippisF_xxxx__DF_102__bin.19,DeFilippisF_xxxx__DF_102__bin.19,218406/4950/1
MASTER_WP4_TEAGASC_1__TGS12-29__bin.20,MASTER_WP4_TEAGASC_1__TGS12-29__bin.20,218406/4951/1
MAG_451,MAG_451,218406/4954/1
MAG_540,MAG_540,218406/4955/1
MASTER_WP4_UNINA_2__U-22__bin.6,MASTER_WP4_UNINA_2__U-22__bin.6,218406/4957/1
MASTER_WP4_FFoQSI_1__VB-08-BD__bin.13,MASTER_WP4_FFoQSI_1__VB-08-BD__bin.13,218406/4958/1
AlvarezOrdonezA_xxxx__Q01-29__bin.6,AlvarezOrdonezA_xxxx__Q01-29__bin.6,218406/4963/1
DeFilippisF_xxxx__DS_21__bin.9,DeFilippisF_xxxx__DS_21__bin.9,218406/4967/1
SomervilleV_2019__SRS3593113__bin.2,SomervilleV_2019__SRS3593113__bin.2,218406/4968/1
G_65_1_oryzoeni_assembly,G_65_1_oryzoeni_assembly,218406/4969/1
AlvarezOrdonezA_xxxx__Q04-30__bin.1,AlvarezOrdonezA_xxxx__Q04-30__bin.1,218406/4970/1
DeFilippisF_xxxx__DS_97__bin.10,DeFilippisF_xxxx__DS_97__bin.10,218406/4972/1
MASTER_WP4_TEAGASC_1__TGS04-30__bin.22,MASTER_WP4_TEAGASC_1__TGS04-30__bin.22,218406/4973/1
MAG_88,MAG_88,218406/4974/1
MASTER_WP4_TEAGASC_1__TGS04-29__bin.8,MASTER_WP4_TEAGASC_1__TGS04-29__bin.8,218406/4975/1
LeechJ_xxxx__AF59__bin.3,LeechJ_xxxx__AF59__bin.3,218406/4976/1
MagliuloR_2024__SRR28235377__bin.1,MagliuloR_2024__SRR28235377__bin.1,218406/4983/1
AlvarezOrdonezA_xxxx__C03-19__bin.28,AlvarezOrdonezA_xxxx__C03-19__bin.28,218406/4987/1
MAG_496,MAG_496,218406/4988/1
MASTER_WP4_UNINA_2__V-24.1__bin.9,MASTER_WP4_UNINA_2__V-24.1__bin.9,218406/4990/1
MASTER_WP4_CSIC_1__P2250_73323__bin.29,MASTER_WP4_CSIC_1__P2250_73323__bin.29,218406/4991/1
MASTER_WP4_UNINA_1__SR008_71775__bin.11,MASTER_WP4_UNINA_1__SR008_71775__bin.11,218406/4992/1
FontanaF_2023__SRR20746977__bin.6,FontanaF_2023__SRR20746977__bin.6,218406/4993/1
Imad_A-2.bin.9,Imad_A-2.bin.9,218406/4994/1
MASTER_WP4_CSIC_1__P2240_73323__bin.18,MASTER_WP4_CSIC_1__P2240_73323__bin.18,218406/4997/1
MASTER_WP4_UNINA_2__T-28__bin.8,MASTER_WP4_UNINA_2__T-28__bin.8,218406/4998/1
LeechJ_2020__ERS3967714__bin.8,LeechJ_2020__ERS3967714__bin.8,218406/5000/1
VerceM_2019__ERS1807709__bin.1,VerceM_2019__ERS1807709__bin.1,218406/5006/1
MortensenS_xxxx__WK060-2-L-48h-04H7_S41__bin.6,MortensenS_xxxx__WK060-2-L-48h-04H7_S41__bin.6,218406/5008/1
MASTER_WP4_FFoQSI_1__KM-5G__bin.5,MASTER_WP4_FFoQSI_1__KM-5G__bin.5,218406/5009/1
FalardeauJ_2023__SRR20811227__bin.4,FalardeauJ_2023__SRR20811227__bin.4,218406/5012/1
FontanaF_2023__SRR20746846__bin.2,FontanaF_2023__SRR20746846__bin.2,218406/5014/1
MortensenS_xxxx__WK020-2-G-48h-01E5_S20__bin.5,MortensenS_xxxx__WK020-2-G-48h-01E5_S20__bin.5,218406/5015/1
WolfeBE_2014__319_Tarentaise__bin.1,WolfeBE_2014__319_Tarentaise__bin.1,218406/5017/1
MASTER_WP4_FFoQSI_2__VB06-29__bin.8,MASTER_WP4_FFoQSI_2__VB06-29__bin.8,218406/5018/1
MortensenS_xxxx__WK001-1-L-08h-01F1_S25__bin.2,MortensenS_xxxx__WK001-1-L-08h-01F1_S25__bin.2,218406/5019/1
MAG_574,MAG_574,218406/5021/1
CM_UNINA_FFOOD__FFOOD_429__bin.1,CM_UNINA_FFOOD__FFOOD_429__bin.1,218406/5026/1
MortensenS_xxxx__WK030-2-G-48h-04A6_S106__bin.2,MortensenS_xxxx__WK030-2-G-48h-04A6_S106__bin.2,218406/5027/1
WalshAM_2017__ERS1739833__bin.2,WalshAM_2017__ERS1739833__bin.2,218406/5029/1
AlvarezOrdonezA_xxxx__Q03-30__bin.1,AlvarezOrdonezA_xxxx__Q03-30__bin.1,218406/5031/1
MAG_465,MAG_465,218406/5032/1
LandisEA_2021__SRS5653137__bin.2,LandisEA_2021__SRS5653137__bin.2,218406/5034/1
MortensenS_xxxx__WK038-2-L-48h-03E5_S60__bin.6,MortensenS_xxxx__WK038-2-L-48h-03E5_S60__bin.6,218406/5037/1
MASTER_WP4_TEAGASC_1__TGS12-29__bin.14,MASTER_WP4_TEAGASC_1__TGS12-29__bin.14,218406/5038/1
LeechJ_xxxx__AF45__bin.4,LeechJ_xxxx__AF45__bin.4,218406/5041/1
CM_UNINA_FFOOD__FFOOD_325__bin.8,CM_UNINA_FFOOD__FFOOD_325__bin.8,218406/5043/1
MortensenS_xxxx__WK048-1-L-48h-03I7_S98__bin.3,MortensenS_xxxx__WK048-1-L-48h-03I7_S98__bin.3,218406/5045/1
MASTER_WP4_UNINA_1__PU010_71775__bin.30,MASTER_WP4_UNINA_1__PU010_71775__bin.30,218406/5048/1
MAG_525,MAG_525,218406/5049/1
FontanaF_2023__SRR20746834__bin.5,FontanaF_2023__SRR20746834__bin.5,218406/5051/1
MASTER_WP4_UNINA_1__SS007_71775__bin.14,MASTER_WP4_UNINA_1__SS007_71775__bin.14,218406/5052/1
CM_UNINA_FFOOD__FFOOD_340__bin.11,CM_UNINA_FFOOD__FFOOD_340__bin.11,218406/5053/1
SternesPR_2017__Y1D1_B_shotgun__bin.6,SternesPR_2017__Y1D1_B_shotgun__bin.6,218406/5056/1
WolfeBE_2014__705_Forme_dAmbert__bin.4,WolfeBE_2014__705_Forme_dAmbert__bin.4,218406/5060/1
LeechJ_xxxx__AF37__bin.3,LeechJ_xxxx__AF37__bin.3,218406/5061/1
MASTER_WP4_CSIC_2__P2558__bin.5,MASTER_WP4_CSIC_2__P2558__bin.5,218406/5063/1
MortensenS_xxxx__WK025-2-L-48h-02H7_S8__bin.1,MortensenS_xxxx__WK025-2-L-48h-02H7_S8__bin.1,218406/5064/1
MASTER_WP4_TEAGASC_1__TGS01-28__bin.1,MASTER_WP4_TEAGASC_1__TGS01-28__bin.1,218406/5065/1
KharnaiorP_2023__SRR22859377__bin.20,KharnaiorP_2023__SRR22859377__bin.20,218406/5067/1
FontanaF_2023__SRR20746929__bin.11,FontanaF_2023__SRR20746929__bin.11,218406/5070/1
MASTER_WP4_FFoQSI_1__KM-2D__bin.34,MASTER_WP4_FFoQSI_1__KM-2D__bin.34,218406/5073/1
MAG_389,MAG_389,218406/5076/1
CM_UNINA_FFOOD__FFOOD_276__bin.2,CM_UNINA_FFOOD__FFOOD_276__bin.2,218406/5077/1
DuR_2020__DRS139335__bin.20,DuR_2020__DRS139335__bin.20,218406/5079/1
C-R06.bin.5,C-R06.bin.5,218406/5080/1
LandisEA_2021__SRS5653132__bin.1,LandisEA_2021__SRS5653132__bin.1,218406/5081/1
LeechJ_xxxx__AF89__bin.7,LeechJ_xxxx__AF89__bin.7,218406/5083/1
MASTER_WP4_TEAGASC_1__TGS15-30__bin.20,MASTER_WP4_TEAGASC_1__TGS15-30__bin.20,218406/5087/1
LeechJ_xxxx__AF29__bin.13,LeechJ_xxxx__AF29__bin.13,218406/5088/1
WalshAM_2020__ERS3466776__bin.17,WalshAM_2020__ERS3466776__bin.17,218406/5089/1
MASTER_WP4_TEAGASC_1__TGS01-22__bin.26,MASTER_WP4_TEAGASC_1__TGS01-22__bin.26,218406/5093/1
LeechJ_2020__ERS3967713__bin.12,LeechJ_2020__ERS3967713__bin.12,218406/5094/1
MAG_158,MAG_158,218406/5096/1
MortensenS_xxxx__WK004-1-L-08h-01G4_S37__bin.2,MortensenS_xxxx__WK004-1-L-08h-01G4_S37__bin.2,218406/5097/1
MASTER_WP4_UNINA_1__PU007_71775__bin.12,MASTER_WP4_UNINA_1__PU007_71775__bin.12,218406/5100/1
MASTER_WP4_TEAGASC_1__TGS14-22__bin.34,MASTER_WP4_TEAGASC_1__TGS14-22__bin.34,218406/5102/1
MASTER_WP4_CSIC_1__P2224_73323__bin.6,MASTER_WP4_CSIC_1__P2224_73323__bin.6,218406/5103/1
YuY_2022__SRR16950700__bin.21,YuY_2022__SRR16950700__bin.21,218406/5105/1
MASTER_WP4_TEAGASC_1__TGS14-30__bin.33,MASTER_WP4_TEAGASC_1__TGS14-30__bin.33,218406/5110/1
MASTER_WP4_UNINA_2__O-26.1__bin.17,MASTER_WP4_UNINA_2__O-26.1__bin.17,218406/5111/1
MASTER_WP4_CSIC_2__P2549__bin.6,MASTER_WP4_CSIC_2__P2549__bin.6,218406/5113/1
MASTER_WP4_UNINA_2__V-29__bin.1,MASTER_WP4_UNINA_2__V-29__bin.1,218406/5115/1
YuY_2022__SRR16950696__bin.22,YuY_2022__SRR16950696__bin.22,218406/5116/1
MortensenS_xxxx__WK005-1-L-48h-01G9_S42__bin.1,MortensenS_xxxx__WK005-1-L-48h-01G9_S42__bin.1,218406/5119/1
FontanaF_2023__SRR20746915__bin.8,FontanaF_2023__SRR20746915__bin.8,218406/5120/1
DeFilippisF_xxxx__DS_112__bin.12,DeFilippisF_xxxx__DS_112__bin.12,218406/5122/1
MASTER_WP4_UNINA_2__V-30__bin.30,MASTER_WP4_UNINA_2__V-30__bin.30,218406/5124/1
CM_UNINA_FFOOD__FFOOD_281__bin.3,CM_UNINA_FFOOD__FFOOD_281__bin.3,218406/5127/1
MAG_109,MAG_109,218406/5128/1
LeechJ_2020__ERS3967723__bin.4,LeechJ_2020__ERS3967723__bin.4,218406/5130/1
MASTER_WP4_CSIC_1__P2187_73322__bin.4,MASTER_WP4_CSIC_1__P2187_73322__bin.4,218406/5132/1
LeechJ_xxxx__AF84__bin.3,LeechJ_xxxx__AF84__bin.3,218406/5133/1
MASTER_WP4_FFoQSI_1__DC18-F-AR__bin.16,MASTER_WP4_FFoQSI_1__DC18-F-AR__bin.16,218406/5138/1
MASTER_WP4_CSIC_2__P2517__bin.13,MASTER_WP4_CSIC_2__P2517__bin.13,218406/5140/1
MASTER_WP4_CSIC_1__P2233_73323__bin.20,MASTER_WP4_CSIC_1__P2233_73323__bin.20,218406/5141/1
ZhaoCC_2020__SRS5803193__bin.7,ZhaoCC_2020__SRS5803193__bin.7,218406/5142/1
MASTER_WP4_UNINA_1__PT008_71775__bin.2,MASTER_WP4_UNINA_1__PT008_71775__bin.2,218406/5143/1
KharnaiorP_2023__SRR22859377__bin.14,KharnaiorP_2023__SRR22859377__bin.14,218406/5144/1
LeechJ_2020__ERS3967692__bin.5,LeechJ_2020__ERS3967692__bin.5,218406/5145/1
MASTER_WP4_CSIC_1__P2229_73323__bin.4,MASTER_WP4_CSIC_1__P2229_73323__bin.4,218406/5148/1
ODFM-BA-A-0110-001_Corynebacterium_nuruki_S6-4,ODFM-BA-A-0110-001_Corynebacterium_nuruki_S6-4,218406/5149/1
AlvarezOrdonezA_xxxx__Q06-21__bin.1,AlvarezOrdonezA_xxxx__Q06-21__bin.1,218406/5157/1
FontanaF_2023__SRR20746936__bin.4,FontanaF_2023__SRR20746936__bin.4,218406/5158/1
MASTER_WP4_UNINA_2__T-22__bin.25,MASTER_WP4_UNINA_2__T-22__bin.25,218406/5160/1
MASTER_WP4_UNINA_1__PA002_73417__bin.5,MASTER_WP4_UNINA_1__PA002_73417__bin.5,218406/5162/1
MortensenS_xxxx__WK001T-1-L-04h-05E2_S90__bin.7,MortensenS_xxxx__WK001T-1-L-04h-05E2_S90__bin.7,218406/5164/1
LeechJ_xxxx__AF73__bin.2,LeechJ_xxxx__AF73__bin.2,218406/5165/1
DeFilippisF_xxxx__DF_114__bin.22,DeFilippisF_xxxx__DF_114__bin.22,218406/5166/1
CM_UNINA_FFOOD__FFOOD_283__bin.12,CM_UNINA_FFOOD__FFOOD_283__bin.12,218406/5167/1
DeFilippisF_xxxx__DF_77__bin.2,DeFilippisF_xxxx__DF_77__bin.2,218406/5168/1
AlvarezOrdonezA_xxxx__C05-18__bin.17,AlvarezOrdonezA_xxxx__C05-18__bin.17,218406/5169/1
MASTER_WP4_UNINA_2__V-21__bin.24,MASTER_WP4_UNINA_2__V-21__bin.24,218406/5171/1
MASTER_WP4_FFoQSI_2__VB06-30__bin.29,MASTER_WP4_FFoQSI_2__VB06-30__bin.29,218406/5174/1
EBC_090.1,EBC_090.1,218406/5182/1
MASTER_WP4_TEAGASC_1__TGS10-30__bin.9,MASTER_WP4_TEAGASC_1__TGS10-30__bin.9,218406/5183/1
WalshAM_2017__ERR1981167__bin.1,WalshAM_2017__ERR1981167__bin.1,218406/5184/1
TomarS_2023__SRR15925267__bin.8,TomarS_2023__SRR15925267__bin.8,218406/5185/1
MASTER_WP4_FFoQSI_1__VB-05-BD__bin.19,MASTER_WP4_FFoQSI_1__VB-05-BD__bin.19,218406/5186/1
MortensenS_xxxx__WK055-2-G-48h-05G7_S113__bin.6,MortensenS_xxxx__WK055-2-G-48h-05G7_S113__bin.6,218406/5187/1
LeechJ_xxxx__AF62__bin.1,LeechJ_xxxx__AF62__bin.1,218406/5188/1
OlgaP_2019__SRR11909516__bin.6,OlgaP_2019__SRR11909516__bin.6,218406/5190/1
MotaGutierrezJ_2021__SRR11602142__bin.5,MotaGutierrezJ_2021__SRR11602142__bin.5,218406/5191/1
MortensenS_xxxx__WK067-1-L-08h-05B9_S70__bin.2,MortensenS_xxxx__WK067-1-L-08h-05B9_S70__bin.2,218406/5192/1
AlvarezOrdonezA_xxxx__Q05-22__bin.1,AlvarezOrdonezA_xxxx__Q05-22__bin.1,218406/5200/1
KastmanEK_2016__CSB720__bin.9,KastmanEK_2016__CSB720__bin.9,218406/5203/1
ShangpliangH_2023_a__SRR22851168__bin.17,ShangpliangH_2023_a__SRR22851168__bin.17,218406/5204/1
BertuzziAS_2018__ERS2032111__bin.1,BertuzziAS_2018__ERS2032111__bin.1,218406/5205/1
YulandiA_2020__SRS6115052__bin.28,YulandiA_2020__SRS6115052__bin.28,218406/5206/1
MortensenS_xxxx__WK042-1-L-48h-03G1_S74__bin.3,MortensenS_xxxx__WK042-1-L-48h-03G1_S74__bin.3,218406/5207/1
MASTER_WP4_FFoQSI_1__VB-05-BD__bin.48,MASTER_WP4_FFoQSI_1__VB-05-BD__bin.48,218406/5209/1
C-R03.bin.7,C-R03.bin.7,218406/5211/1
CM_INJERA__injera_E1__bin.13,CM_INJERA__injera_E1__bin.13,218406/5213/1
LiZ_2018__SRS2920550__bin.7,LiZ_2018__SRS2920550__bin.7,218406/5214/1
ShangpliangH_2023_b__SRR22851058__bin.8,ShangpliangH_2023_b__SRR22851058__bin.8,218406/5218/1
FalardeauJ_2023__SRR20811279__bin.3,FalardeauJ_2023__SRR20811279__bin.3,218406/5220/1
AlvarezOrdonezA_xxxx__Q01-22__bin.3,AlvarezOrdonezA_xxxx__Q01-22__bin.3,218406/5222/1
EscobarZepedaA_2016__SRS974112__bin.17,EscobarZepedaA_2016__SRS974112__bin.17,218406/5225/1
MASTER_WP4_UNINA_2__R-35__bin.4,MASTER_WP4_UNINA_2__R-35__bin.4,218406/5226/1
AlvarezOrdonezA_xxxx__R03-19__bin.24,AlvarezOrdonezA_xxxx__R03-19__bin.24,218406/5227/1
DeFilippisF_xxxx__DF_30__bin.1,DeFilippisF_xxxx__DF_30__bin.1,218406/5230/1
LeechJ_xxxx__AF34__bin.1,LeechJ_xxxx__AF34__bin.1,218406/5231/1
MASTER_WP4_FFoQSI_1__VB-12D__bin.20,MASTER_WP4_FFoQSI_1__VB-12D__bin.20,218406/5233/1
DeFilippisF_xxxx__DF_115__bin.4,DeFilippisF_xxxx__DF_115__bin.4,218406/5237/1
MASTER_WP4_CSIC_2__P2615__bin.6,MASTER_WP4_CSIC_2__P2615__bin.6,218406/5238/1
WalshAM_2017__ERS1739835__bin.3,WalshAM_2017__ERS1739835__bin.3,218406/5240/1
AlvarezOrdonezA_xxxx__C07-18__bin.11,AlvarezOrdonezA_xxxx__C07-18__bin.11,218406/5242/1
LeechJ_xxxx__AF43__bin.5,LeechJ_xxxx__AF43__bin.5,218406/5244/1
LiZ_2018__SRS2920550__bin.21,LiZ_2018__SRS2920550__bin.21,218406/5245/1
MASTER_WP4_UNINA_1__PR207_71775__bin.3,MASTER_WP4_UNINA_1__PR207_71775__bin.3,218406/5246/1
AlvarezOrdonezA_xxxx__C02-19__bin.5,AlvarezOrdonezA_xxxx__C02-19__bin.5,218406/5251/1
TomarS_2023__SRR15925267__bin.15,TomarS_2023__SRR15925267__bin.15,218406/5254/1
MASTER_WP4_TEAGASC_1__TGS04-23__bin.7,MASTER_WP4_TEAGASC_1__TGS04-23__bin.7,218406/5255/1
MASTER_WP4_CSIC_2__P2583__bin.4,MASTER_WP4_CSIC_2__P2583__bin.4,218406/5258/1
MASTER_WP4_CSIC_2__P2604__bin.5,MASTER_WP4_CSIC_2__P2604__bin.5,218406/5259/1
MASTER_WP4_CSIC_2__P2619__bin.8,MASTER_WP4_CSIC_2__P2619__bin.8,218406/5260/1
LeechJ_xxxx__AF25__bin.2,LeechJ_xxxx__AF25__bin.2,218406/5262/1
MASTER_WP4_CSIC_2__P2584__bin.24,MASTER_WP4_CSIC_2__P2584__bin.24,218406/5263/1
MASTER_WP4_CSIC_2__P2549__bin.11,MASTER_WP4_CSIC_2__P2549__bin.11,218406/5264/1
MASTER_WP4_UNINA_1__TO013_71775__bin.16,MASTER_WP4_UNINA_1__TO013_71775__bin.16,218406/5266/1
MAG_129,MAG_129,218406/5272/1
MASTER_WP4_UNINA_1__GO013_71775__bin.2,MASTER_WP4_UNINA_1__GO013_71775__bin.2,218406/5274/1
LeechJ_xxxx__AF16__bin.7,LeechJ_xxxx__AF16__bin.7,218406/5276/1
WalshL_xxxx__I6__bin.3,WalshL_xxxx__I6__bin.3,218406/5277/1
LimaC_2020__SRR9640353__bin.23,LimaC_2020__SRR9640353__bin.23,218406/5279/1
AlvarezOrdonezA_xxxx__Q06-22__bin.3,AlvarezOrdonezA_xxxx__Q06-22__bin.3,218406/5280/1
MASTER_WP4_UNINA_2__O-25.1__bin.21,MASTER_WP4_UNINA_2__O-25.1__bin.21,218406/5281/1
EBC_134.7,EBC_134.7,218406/5283/1
MortensenS_xxxx__WK015-2-L-08h-02C5_S83__bin.10,MortensenS_xxxx__WK015-2-L-08h-02C5_S83__bin.10,218406/5284/1
MAG_178,MAG_178,218406/5285/1
MASTER_WP4_FFoQSI_1__KM-4G__bin.29,MASTER_WP4_FFoQSI_1__KM-4G__bin.29,218406/5291/1
MotaGutierrezJ_2021__SRR11602150__bin.4,MotaGutierrezJ_2021__SRR11602150__bin.4,218406/5293/1
MASTER_WP4_FFoQSI_3__VB09-29__bin.41,MASTER_WP4_FFoQSI_3__VB09-29__bin.41,218406/5295/1
WalshL_xxxx__V9__bin.2,WalshL_xxxx__V9__bin.2,218406/5296/1
DeFilippisF_xxxx__DS_27__bin.8,DeFilippisF_xxxx__DS_27__bin.8,218406/5299/1
ZhaoCC_2020__SRS5803194__bin.38,ZhaoCC_2020__SRS5803194__bin.38,218406/5301/1
AlvarezOrdonezA_xxxx__C05-19__bin.5,AlvarezOrdonezA_xxxx__C05-19__bin.5,218406/5302/1
MortensenS_xxxx__WK023-1-L-48h-02G3_S117__bin.1,MortensenS_xxxx__WK023-1-L-48h-02G3_S117__bin.1,218406/5304/1
CM_UNINA_FFOOD__FFOOD_311__bin.6,CM_UNINA_FFOOD__FFOOD_311__bin.6,218406/5306/1
FalardeauJ_2023__SRR20811283__bin.6,FalardeauJ_2023__SRR20811283__bin.6,218406/5307/1
MortensenS_xxxx__WK012-2-L-08h-02B2_S71__bin.2,MortensenS_xxxx__WK012-2-L-08h-02B2_S71__bin.2,218406/5309/1
MacoriG_2019__CS_R7__bin.2,MacoriG_2019__CS_R7__bin.2,218406/5311/1
AlvarezOrdonezA_xxxx__Q01-30__bin.11,AlvarezOrdonezA_xxxx__Q01-30__bin.11,218406/5315/1
AlvarezOrdonezA_xxxx__Q01-22__bin.16,AlvarezOrdonezA_xxxx__Q01-22__bin.16,218406/5317/1
LeechJ_xxxx__AF39__bin.5,LeechJ_xxxx__AF39__bin.5,218406/5319/1
CM_UNINA_FFOOD__FFOOD_257__bin.6,CM_UNINA_FFOOD__FFOOD_257__bin.6,218406/5322/1
MAG_4,MAG_4,218406/5324/1
FontanaF_2023__SRR20746968__bin.10,FontanaF_2023__SRR20746968__bin.10,218406/5325/1
MortensenS_xxxx__WK069-1-L-08h-05C8_S78__bin.5,MortensenS_xxxx__WK069-1-L-08h-05C8_S78__bin.5,218406/5326/1
MAG_505,MAG_505,218406/5327/1
LimaC_2020__SRR9646966__bin.14,LimaC_2020__SRR9646966__bin.14,218406/5328/1
MortensenS_xxxx__WK027-1-L-48h-02I4_S14__bin.8,MortensenS_xxxx__WK027-1-L-48h-02I4_S14__bin.8,218406/5331/1
MASTER_WP4_CSIC_1__P2136_73322__bin.13,MASTER_WP4_CSIC_1__P2136_73322__bin.13,218406/5332/1
MASTER_WP4_FFoQSI_1__VB-15-M11__bin.23,MASTER_WP4_FFoQSI_1__VB-15-M11__bin.23,218406/5338/1
ChaconVargasK_2020__SRS6087094__bin.10,ChaconVargasK_2020__SRS6087094__bin.10,218406/5339/1
MASTER_WP4_UNINA_1__PM002_71775__bin.13,MASTER_WP4_UNINA_1__PM002_71775__bin.13,218406/5342/1
MASTER_WP4_CSIC_2__P2545__bin.28,MASTER_WP4_CSIC_2__P2545__bin.28,218406/5344/1
AlvarezOrdonezA_xxxx__Q07-22__bin.14,AlvarezOrdonezA_xxxx__Q07-22__bin.14,218406/5345/1
LeechJ_xxxx__AF83__bin.8,LeechJ_xxxx__AF83__bin.8,218406/5346/1
LiZ_2018__SRS2920555__bin.20,LiZ_2018__SRS2920555__bin.20,218406/5348/1
MASTER_WP4_CSIC_1__P2217_73323__bin.9,MASTER_WP4_CSIC_1__P2217_73323__bin.9,218406/5349/1
MortensenS_xxxx__WK022-2-L-48h-02G1_S115__bin.5,MortensenS_xxxx__WK022-2-L-48h-02G1_S115__bin.5,218406/5351/1
LimaC_2020__SRR9640344__bin.11,LimaC_2020__SRR9640344__bin.11,218406/5352/1
MASTER_WP4_TEAGASC_1__TGS08-22__bin.3,MASTER_WP4_TEAGASC_1__TGS08-22__bin.3,218406/5354/1
Imad_S-8.bin.4,Imad_S-8.bin.4,218406/5356/1
MASTER_WP4_UNINA_1__GO005_71775__bin.6,MASTER_WP4_UNINA_1__GO005_71775__bin.6,218406/5363/1
MASTER_WP4_TEAGASC_1__TGS04-29__bin.13,MASTER_WP4_TEAGASC_1__TGS04-29__bin.13,218406/5364/1
LeechJ_xxxx__AF93__bin.1,LeechJ_xxxx__AF93__bin.1,218406/5365/1
CM_UNINA_FFOOD__FFOOD_408__bin.5,CM_UNINA_FFOOD__FFOOD_408__bin.5,218406/5366/1
DeFilippisF_xxxx__DF_35__bin.2,DeFilippisF_xxxx__DF_35__bin.2,218406/5367/1
DeFilippisF_xxxx__DF_100__bin.17,DeFilippisF_xxxx__DF_100__bin.17,218406/5368/1
KastmanEK_2016__CSB870__bin.2,KastmanEK_2016__CSB870__bin.2,218406/5369/1
MortensenS_xxxx__WK059-1-L-08h-04G9_S34__bin.6,MortensenS_xxxx__WK059-1-L-08h-04G9_S34__bin.6,218406/5371/1
LopezSanchezR_2023__SRR13708565__bin.3,LopezSanchezR_2023__SRR13708565__bin.3,218406/5373/1
MASTER_WP4_CSIC_2__P2588__bin.29,MASTER_WP4_CSIC_2__P2588__bin.29,218406/5381/1
MASTER_WP4_CSIC_2__P2570__bin.32,MASTER_WP4_CSIC_2__P2570__bin.32,218406/5383/1
MASTER_WP4_FFoQSI_1__VB-14-BG__bin.28,MASTER_WP4_FFoQSI_1__VB-14-BG__bin.28,218406/5384/1
LeechJ_xxxx__AF10__bin.10,LeechJ_xxxx__AF10__bin.10,218406/5385/1
CM_UNINA_FFOOD__FFOOD_363__bin.10,CM_UNINA_FFOOD__FFOOD_363__bin.10,218406/5386/1
LeechJ_xxxx__AF57__bin.5,LeechJ_xxxx__AF57__bin.5,218406/5388/1
MASTER_WP4_TEAGASC_1__TGS11-22__bin.17,MASTER_WP4_TEAGASC_1__TGS11-22__bin.17,218406/5389/1
MAG_531,MAG_531,218406/5391/1
MASTER_WP4_TEAGASC_1__TGS11-30__bin.10,MASTER_WP4_TEAGASC_1__TGS11-30__bin.10,218406/5392/1
MASTER_WP4_UNINA_1__PM012_71775__bin.16,MASTER_WP4_UNINA_1__PM012_71775__bin.16,218406/5393/1
CM_UNINA_FFOOD__FFOOD_388__bin.7,CM_UNINA_FFOOD__FFOOD_388__bin.7,218406/5398/1
LandisEA_2021__SRS5652995__bin.10,LandisEA_2021__SRS5652995__bin.10,218406/5399/1
MASTER_WP4_UNINA_1__FO007_71775__bin.10,MASTER_WP4_UNINA_1__FO007_71775__bin.10,218406/5402/1
SternesPR_2017__T2D1_A_shotgun__bin.4,SternesPR_2017__T2D1_A_shotgun__bin.4,218406/5407/1
CM_UNINA_FFOOD__FFOOD_336__bin.3,CM_UNINA_FFOOD__FFOOD_336__bin.3,218406/5408/1
LeechJ_2020__ERS3967691__bin.10,LeechJ_2020__ERS3967691__bin.10,218406/5409/1
MASTER_WP4_FFoQSI_1__VB-04-AD__bin.31,MASTER_WP4_FFoQSI_1__VB-04-AD__bin.31,218406/5410/1
MortensenS_xxxx__WK048-2-L-48h-03I9_S100__bin.11,MortensenS_xxxx__WK048-2-L-48h-03I9_S100__bin.11,218406/5412/1
YouL_2022__SRR13308524__bin.37,YouL_2022__SRR13308524__bin.37,218406/5414/1
MAG_482,MAG_482,218406/5415/1
CM_UNINA_FFOOD__FFOOD_270__bin.3,CM_UNINA_FFOOD__FFOOD_270__bin.3,218406/5416/1
MAG_593,MAG_593,218406/5420/1
MAG_602,MAG_602,218406/5421/1
FranciosaI_2021__SRR12227960__bin.8,FranciosaI_2021__SRR12227960__bin.8,218406/5424/1
MASTER_WP4_FFoQSI_1__VB-14-M17__bin.20,MASTER_WP4_FFoQSI_1__VB-14-M17__bin.20,218406/5425/1
MASTER_WP4_FFoQSI_1__RC17-F-AR__bin.31,MASTER_WP4_FFoQSI_1__RC17-F-AR__bin.31,218406/5426/1
MASTER_WP4_FFoQSI_1__VB-16-M15__bin.31,MASTER_WP4_FFoQSI_1__VB-16-M15__bin.31,218406/5427/1
MASTER_WP4_UNINA_1__PM013_71775__bin.1,MASTER_WP4_UNINA_1__PM013_71775__bin.1,218406/5434/1
MortensenS_xxxx__WK015-1-L-08h-02C3_S81__bin.2,MortensenS_xxxx__WK015-1-L-08h-02C3_S81__bin.2,218406/5435/1
MASTER_WP4_UNINA_2__V-27__bin.16,MASTER_WP4_UNINA_2__V-27__bin.16,218406/5437/1
MortensenS_xxxx__WK001T-1-L-00h-05D3_S82__bin.1,MortensenS_xxxx__WK001T-1-L-00h-05D3_S82__bin.1,218406/5440/1
G_514_1B_orientalis_assembly,G_514_1B_orientalis_assembly,218406/5442/1
FontanaF_2023__SRR20746869__bin.4,FontanaF_2023__SRR20746869__bin.4,218406/5443/1
MASTER_WP4_CSIC_1__P2232_73323__bin.6,MASTER_WP4_CSIC_1__P2232_73323__bin.6,218406/5444/1
MAG_612,MAG_612,218406/5446/1
MAG_583,MAG_583,218406/5447/1
BertuzziAS_2018__ERS2032127__bin.3,BertuzziAS_2018__ERS2032127__bin.3,218406/5449/1
FontanaF_2023__SRR20746831__bin.2,FontanaF_2023__SRR20746831__bin.2,218406/5451/1
AlvarezOrdonezA_xxxx__Q08-25__bin.1,AlvarezOrdonezA_xxxx__Q08-25__bin.1,218406/5453/1
DeFilippisF_xxxx__DF_4__bin.22,DeFilippisF_xxxx__DF_4__bin.22,218406/5455/1
AlvarezOrdonezA_xxxx__Q06-28__bin.8,AlvarezOrdonezA_xxxx__Q06-28__bin.8,218406/5460/1
MAG_492,MAG_492,218406/5461/1
MASTER_WP4_UNINA_2__T-23.1__bin.1,MASTER_WP4_UNINA_2__T-23.1__bin.1,218406/5462/1
DeFilippisF_xxxx__DS_12__bin.8,DeFilippisF_xxxx__DS_12__bin.8,218406/5465/1
MortensenS_xxxx__WK046-2-L-48h-03I1_S92__bin.5,MortensenS_xxxx__WK046-2-L-48h-03I1_S92__bin.5,218406/5466/1
MortensenS_xxxx__WK050-1-L-48h-04C8_S126__bin.12,MortensenS_xxxx__WK050-1-L-48h-04C8_S126__bin.12,218406/5467/1
MAG_643,MAG_643,218406/5470/1
XieM_2019__SAMC044639__bin.27,XieM_2019__SAMC044639__bin.27,218406/5471/1
FontanaF_2023__SRR20746977__bin.2,FontanaF_2023__SRR20746977__bin.2,218406/5472/1
MASTER_WP4_FFoQSI_2__VB11-26__bin.7,MASTER_WP4_FFoQSI_2__VB11-26__bin.7,218406/5477/1
MortensenS_xxxx__WK038-2-L-48h-03E5_S60__bin.2,MortensenS_xxxx__WK038-2-L-48h-03E5_S60__bin.2,218406/5478/1
MASTER_WP4_TEAGASC_1__TGS12-29__bin.10,MASTER_WP4_TEAGASC_1__TGS12-29__bin.10,218406/5479/1
MAG_461,MAG_461,218406/5482/1
AlvarezOrdonezA_xxxx__Q03-30__bin.5,AlvarezOrdonezA_xxxx__Q03-30__bin.5,218406/5483/1
MASTER_WP4_UNINA_1__FO013_71775__bin.2,MASTER_WP4_UNINA_1__FO013_71775__bin.2,218406/5484/1
MortensenS_xxxx__WK048-1-L-48h-03I7_S98__bin.7,MortensenS_xxxx__WK048-1-L-48h-03I7_S98__bin.7,218406/5486/1
MASTER_WP4_UNINA_2__I-26.1__bin.6,MASTER_WP4_UNINA_2__I-26.1__bin.6,218406/5489/1
MAG_430,MAG_430,218406/5492/1
AlvarezOrdonezA_xxxx__Q02-27__bin.6,AlvarezOrdonezA_xxxx__Q02-27__bin.6,218406/5496/1
LeechJ_xxxx__AF23__bin.7,LeechJ_xxxx__AF23__bin.7,218406/5498/1
LimaC_2020__SRR9640354__bin.28,LimaC_2020__SRR9640354__bin.28,218406/5499/1
MAG_570,MAG_570,218406/5500/1
AlvarezOrdonezA_xxxx__Q04-21__bin.16,AlvarezOrdonezA_xxxx__Q04-21__bin.16,218406/5502/1
CM_UNINA_FFOOD__FFOOD_226__bin.7,CM_UNINA_FFOOD__FFOOD_226__bin.7,218406/5503/1
DeFilippisF_xxxx__DF_4__bin.16,DeFilippisF_xxxx__DF_4__bin.16,218406/5504/1
ShangpliangH_2023_b__SRR22851058__bin.16,ShangpliangH_2023_b__SRR22851058__bin.16,218406/5508/1
VerceM_2019__ERS1807707__bin.11,VerceM_2019__ERS1807707__bin.11,218406/5509/1
LeechJ_2020__ERS3967740__bin.4,LeechJ_2020__ERS3967740__bin.4,218406/5511/1
MAG_626,MAG_626,218406/5515/1
MASTER_WP4_FFoQSI_2__VB08-30__bin.43,MASTER_WP4_FFoQSI_2__VB08-30__bin.43,218406/5517/1
MASTER_WP4_FFoQSI_3__VB07-25__bin.4,MASTER_WP4_FFoQSI_3__VB07-25__bin.4,218406/5518/1
CM_UNINA_FFOOD__FFOOD_418__bin.11,CM_UNINA_FFOOD__FFOOD_418__bin.11,218406/5521/1
MASTER_WP4_FFoQSI_1__RC17-F-AR__bin.15,MASTER_WP4_FFoQSI_1__RC17-F-AR__bin.15,218406/5524/1
DeFilippisF_xxxx__DS_78__bin.1,DeFilippisF_xxxx__DS_78__bin.1,218406/5527/1
ODFM-BA-A-0172-001_Clostridium_tyrobutyricum_FAM22553,ODFM-BA-A-0172-001_Clostridium_tyrobutyricum_FAM22553,218406/5528/1
MASTER_WP4_UNINA_2__T-24.1__bin.6,MASTER_WP4_UNINA_2__T-24.1__bin.6,218406/5529/1
WalshAM_2020__ERS3466725__bin.1,WalshAM_2020__ERS3466725__bin.1,218406/5530/1
MAG_544,MAG_544,218406/5533/1
MASTER_WP4_CSIC_1__P2154_73322__bin.10,MASTER_WP4_CSIC_1__P2154_73322__bin.10,218406/5534/1
WalshL_xxxx__D8__bin.5,WalshL_xxxx__D8__bin.5,218406/5535/1
MAG_404,MAG_404,218406/5536/1
AlvarezOrdonezA_xxxx__R04-19__bin.8,AlvarezOrdonezA_xxxx__R04-19__bin.8,218406/5540/1
MASTER_WP4_FFoQSI_2__VB06-25__bin.2,MASTER_WP4_FFoQSI_2__VB06-25__bin.2,218406/5542/1
AlvarezOrdonezA_xxxx__Q07-22__bin.6,AlvarezOrdonezA_xxxx__Q07-22__bin.6,218406/5543/1
LeechJ_2020__ERS3967727__bin.9,LeechJ_2020__ERS3967727__bin.9,218406/5547/1
WalshAM_2020__ERS3466743__bin.6,WalshAM_2020__ERS3466743__bin.6,218406/5548/1
MAG_515,MAG_515,218406/5551/1
MAG_455,MAG_455,218406/5552/1
YouL_2022__SRR13308528__bin.4,YouL_2022__SRR13308528__bin.4,218406/5553/1
MASTER_WP4_UNINA_1__GR001_73417__bin.18,MASTER_WP4_UNINA_1__GR001_73417__bin.18,218406/5554/1
EBC_086.5,EBC_086.5,218406/5557/1
MASTER_WP4_CSIC_2__P2630__bin.28,MASTER_WP4_CSIC_2__P2630__bin.28,218406/5560/1
MASTER_WP4_UNINA_1__PA002_73417__bin.1,MASTER_WP4_UNINA_1__PA002_73417__bin.1,218406/5562/1
MortensenS_xxxx__WK045-1-L-48h-03H4_S86__bin.3,MortensenS_xxxx__WK045-1-L-48h-03H4_S86__bin.3,218406/5566/1
KastmanEK_2016__CSB409__bin.1,KastmanEK_2016__CSB409__bin.1,218406/5567/1
LeechJ_2020__ERS3967733__bin.9,LeechJ_2020__ERS3967733__bin.9,218406/5570/1
MotaGutierrezJ_2021__SRR11602147__bin.19,MotaGutierrezJ_2021__SRR11602147__bin.19,218406/5571/1
MortensenS_xxxx__WK034-1-L-08h-03C4_S41__bin.7,MortensenS_xxxx__WK034-1-L-08h-03C4_S41__bin.7,218406/5572/1
ZhaoCC_2020__SRS5803193__bin.3,ZhaoCC_2020__SRS5803193__bin.3,218406/5573/1
KharnaiorP_2023__SRR22859377__bin.10,KharnaiorP_2023__SRR22859377__bin.10,218406/5575/1
MASTER_WP4_CSIC_2__P2517__bin.17,MASTER_WP4_CSIC_2__P2517__bin.17,218406/5576/1
AlvarezOrdonezA_xxxx__F01-18__bin.6,AlvarezOrdonezA_xxxx__F01-18__bin.6,218406/5580/1
LeechJ_xxxx__AF43__bin.12,LeechJ_xxxx__AF43__bin.12,218406/5582/1
AlvarezOrdonezA_xxxx__Q06-21__bin.5,AlvarezOrdonezA_xxxx__Q06-21__bin.5,218406/5585/1
MASTER_WP4_FFoQSI_2__VB11-30__bin.19,MASTER_WP4_FFoQSI_2__VB11-30__bin.19,218406/5588/1
DeFilippisF_xxxx__DF_11__bin.1,DeFilippisF_xxxx__DF_11__bin.1,218406/5589/1
MASTER_WP4_CSIC_2__P2623__bin.26,MASTER_WP4_CSIC_2__P2623__bin.26,218406/5591/1
MASTER_WP4_UNINA_1__AS207_73417__bin.6,MASTER_WP4_UNINA_1__AS207_73417__bin.6,218406/5592/1
MASTER_WP4_FFoQSI_2__VB06-30__bin.8,MASTER_WP4_FFoQSI_2__VB06-30__bin.8,218406/5593/1
MAG_168,MAG_168,218406/5594/1
MASTER_WP4_UNINA_1__PR207_71775__bin.15,MASTER_WP4_UNINA_1__PR207_71775__bin.15,218406/5597/1
MortensenS_xxxx__WK026-1-L-48h-02H9_S10__bin.5,MortensenS_xxxx__WK026-1-L-48h-02H9_S10__bin.5,218406/5601/1
LeechJ_xxxx__AF62__bin.5,LeechJ_xxxx__AF62__bin.5,218406/5602/1
C-R03.bin.3,C-R03.bin.3,218406/5605/1
WolfeBE_2014__679_Raclette__bin.9,WolfeBE_2014__679_Raclette__bin.9,218406/5608/1
MASTER_WP4_UNINA_2__O-25.1__bin.31,MASTER_WP4_UNINA_2__O-25.1__bin.31,218406/5609/1
MASTER_WP4_FFoQSI_1__RC17-032__bin.10,MASTER_WP4_FFoQSI_1__RC17-032__bin.10,218406/5610/1
YangC_2021__SRR13259376__bin.16,YangC_2021__SRR13259376__bin.16,218406/5611/1
MortensenS_xxxx__WK029-1-L-48h-03A3_S22__bin.6,MortensenS_xxxx__WK029-1-L-48h-03A3_S22__bin.6,218406/5615/1
MortensenS_xxxx__WK020-2-L-48h-02E8_S104__bin.8,MortensenS_xxxx__WK020-2-L-48h-02E8_S104__bin.8,218406/5617/1
FontanaF_2023__SRR20746839__bin.5,FontanaF_2023__SRR20746839__bin.5,218406/5618/1
EBC_135.6,EBC_135.6,218406/5620/1
DuR_2020__DRS139334__bin.19,DuR_2020__DRS139334__bin.19,218406/5623/1
MASTER_WP4_CSIC_2__P2584__bin.34,MASTER_WP4_CSIC_2__P2584__bin.34,218406/5625/1
MortensenS_xxxx__WK008-2-G-48h-01D2_S8__bin.1,MortensenS_xxxx__WK008-2-G-48h-01D2_S8__bin.1,218406/5626/1
MortensenS_xxxx__WK060-2-L-08h-04H6_S40__bin.5,MortensenS_xxxx__WK060-2-L-08h-04H6_S40__bin.5,218406/5628/1
MASTER_WP4_FFoQSI_2__VB04-25__bin.1,MASTER_WP4_FFoQSI_2__VB04-25__bin.1,218406/5630/1
MortensenS_xxxx__WK032-2-L-48h-03B8_S36__bin.6,MortensenS_xxxx__WK032-2-L-48h-03B8_S36__bin.6,218406/5633/1
ArikanM_2020__ERS1939655__bin.1,ArikanM_2020__ERS1939655__bin.1,218406/5636/1
MortensenS_xxxx__WK030-2-L-48h-03A9_S28__bin.2,MortensenS_xxxx__WK030-2-L-48h-03A9_S28__bin.2,218406/5637/1
MASTER_WP4_FFoQSI_3__VB14-22__bin.39,MASTER_WP4_FFoQSI_3__VB14-22__bin.39,218406/5638/1
MASTER_WP4_CSIC_1__P2233_73323__bin.10,MASTER_WP4_CSIC_1__P2233_73323__bin.10,218406/5639/1
MASTER_WP4_FFoQSI_1__RC17-02__bin.9,MASTER_WP4_FFoQSI_1__RC17-02__bin.9,218406/5640/1
DeFilippisF_xxxx__DF_45__bin.9,DeFilippisF_xxxx__DF_45__bin.9,218406/5643/1
LeechJ_2020__ERS3967701__bin.6,LeechJ_2020__ERS3967701__bin.6,218406/5645/1
MASTER_WP4_FFoQSI_3__VB14-22__bin.68,MASTER_WP4_FFoQSI_3__VB14-22__bin.68,218406/5650/1
PfeferT_xxxx__SRS2870569__bin.4,PfeferT_xxxx__SRS2870569__bin.4,218406/5651/1
DeFilippisF_xxxx__DF_9__bin.12,DeFilippisF_xxxx__DF_9__bin.12,218406/5653/1
MASTER_WP4_UNINA_2__T-22__bin.15,MASTER_WP4_UNINA_2__T-22__bin.15,218406/5655/1
YouL_2022__SRR13308521__bin.12,YouL_2022__SRR13308521__bin.12,218406/5656/1
MASTER_WP4_FFoQSI_2__VB01-30__bin.8,MASTER_WP4_FFoQSI_2__VB01-30__bin.8,218406/5659/1
MASTER_WP4_UNINA_2__N-22__bin.19,MASTER_WP4_UNINA_2__N-22__bin.19,218406/5660/1
YuY_2022__SRR16950700__bin.25,YuY_2022__SRR16950700__bin.25,218406/5664/1
DeFilippisF_xxxx__DF_59__bin.12,DeFilippisF_xxxx__DF_59__bin.12,218406/5666/1
MASTER_WP4_FFoQSI_2__VB06-30__bin.19,MASTER_WP4_FFoQSI_2__VB06-30__bin.19,218406/5667/1
AlvarezOrdonezA_xxxx__Q08-21__bin.8,AlvarezOrdonezA_xxxx__Q08-21__bin.8,218406/5668/1
DeFilippisF_xxxx__DS_112__bin.16,DeFilippisF_xxxx__DS_112__bin.16,218406/5669/1
MortensenS_xxxx__WK033-1-L-48h-03C1_S38__bin.12,MortensenS_xxxx__WK033-1-L-48h-03C1_S38__bin.12,218406/5672/1
MASTER_WP4_UNINA_1__PM003_71775__bin.19,MASTER_WP4_UNINA_1__PM003_71775__bin.19,218406/5673/1
AlvarezOrdonezA_xxxx__Q01-30__bin.6,AlvarezOrdonezA_xxxx__Q01-30__bin.6,218406/5675/1
MASTER_WP4_FFoQSI_3__VB08-29__bin.27,MASTER_WP4_FFoQSI_3__VB08-29__bin.27,218406/5676/1
LeechJ_xxxx__AF18__bin.5,LeechJ_xxxx__AF18__bin.5,218406/5681/1
MortensenS_xxxx__WK050-2-G-48h-04D2_S129__bin.2,MortensenS_xxxx__WK050-2-G-48h-04D2_S129__bin.2,218406/5683/1
MortensenS_xxxx__WK033-2-L-08h-03C2_S39__bin.5,MortensenS_xxxx__WK033-2-L-08h-03C2_S39__bin.5,218406/5684/1
MASTER_WP4_FFoQSI_2__VB08-21__bin.6,MASTER_WP4_FFoQSI_2__VB08-21__bin.6,218406/5687/1
MortensenS_xxxx__WK063-2-L-48h-05A1_S53__bin.2,MortensenS_xxxx__WK063-2-L-48h-05A1_S53__bin.2,218406/5689/1
LopezSanchezR_2023__SRR13708567__bin.13,LopezSanchezR_2023__SRR13708567__bin.13,218406/5690/1
MASTER_WP4_TEAGASC_1__TGS15-30__bin.24,MASTER_WP4_TEAGASC_1__TGS15-30__bin.24,218406/5691/1
LeechJ_xxxx__AF40__bin.3,LeechJ_xxxx__AF40__bin.3,218406/5693/1
MASTER_WP4_FFoQSI_3__VB15-29__bin.19,MASTER_WP4_FFoQSI_3__VB15-29__bin.19,218406/5694/1
MASTER_WP4_UNINA_2__M-28__bin.16,MASTER_WP4_UNINA_2__M-28__bin.16,218406/5697/1
FontanaF_2023__SRR20746939__bin.9,FontanaF_2023__SRR20746939__bin.9,218406/5699/1
FontanaF_2023__SRR20746917__bin.1,FontanaF_2023__SRR20746917__bin.1,218406/5706/1
AlvarezOrdonezA_xxxx__Q01-22__bin.2,AlvarezOrdonezA_xxxx__Q01-22__bin.2,218406/5707/1
CM_UNINA_FFOOD__FFOOD_289__bin.18,CM_UNINA_FFOOD__FFOOD_289__bin.18,218406/5708/1
MASTER_WP4_TEAGASC_1__TGS14-30__bin.26,MASTER_WP4_TEAGASC_1__TGS14-30__bin.26,218406/5709/1
LeechJ_2020__ERS3967702__bin.1,LeechJ_2020__ERS3967702__bin.1,218406/5711/1
ChaconVargasK_2020__SRS6087091__bin.10,ChaconVargasK_2020__SRS6087091__bin.10,218406/5712/1
MASTER_WP4_TEAGASC_1__TGS15-29__bin.10,MASTER_WP4_TEAGASC_1__TGS15-29__bin.10,218406/5713/1
LeechJ_xxxx__AF43__bin.4,LeechJ_xxxx__AF43__bin.4,218406/5715/1
WalshAM_2017__ERS1739835__bin.2,WalshAM_2017__ERS1739835__bin.2,218406/5716/1
DeFilippisF_xxxx__DF_104__bin.6,DeFilippisF_xxxx__DF_104__bin.6,218406/5717/1
MortensenS_xxxx__WK017-2-L-08h-02D4_S91__bin.4,MortensenS_xxxx__WK017-2-L-08h-02D4_S91__bin.4,218406/5722/1
MASTER_WP4_CSIC_2__P2614__bin.52,MASTER_WP4_CSIC_2__P2614__bin.52,218406/5724/1
MASTER_WP4_FFoQSI_3__VB14-22__bin.28,MASTER_WP4_FFoQSI_3__VB14-22__bin.28,218406/5728/1
MASTER_WP4_CSIC_2__P2512__bin.3,MASTER_WP4_CSIC_2__P2512__bin.3,218406/5729/1
AlvarezOrdonezA_xxxx__Q01-23__bin.8,AlvarezOrdonezA_xxxx__Q01-23__bin.8,218406/5731/1
MASTER_WP4_CSIC_1__P2177_73322__bin.4,MASTER_WP4_CSIC_1__P2177_73322__bin.4,218406/5732/1
MASTER_WP4_FFoQSI_1__VB-09-M8__bin.25,MASTER_WP4_FFoQSI_1__VB-09-M8__bin.25,218406/5734/1
MortensenS_xxxx__WK064-1-L-48h-05A3_S55__bin.8,MortensenS_xxxx__WK064-1-L-48h-05A3_S55__bin.8,218406/5735/1
GonzalezOrozcoB_2023__SRR19505782__bin.12,GonzalezOrozcoB_2023__SRR19505782__bin.12,218406/5737/1
MASTER_WP4_FFoQSI_1__VB-15-M10__bin.9,MASTER_WP4_FFoQSI_1__VB-15-M10__bin.9,218406/5740/1
We2_bin.full.62,We2_bin.full.62,218406/5742/1
DeFilippisF_xxxx__DS_111__bin.14,DeFilippisF_xxxx__DS_111__bin.14,218406/5745/1
MASTER_WP4_UNINA_2__V-30__bin.11,MASTER_WP4_UNINA_2__V-30__bin.11,218406/5747/1
AlvarezOrdonezA_xxxx__Q06-22__bin.2,AlvarezOrdonezA_xxxx__Q06-22__bin.2,218406/5748/1
MASTER_WP4_FFoQSI_1__VB-16-M13__bin.16,MASTER_WP4_FFoQSI_1__VB-16-M13__bin.16,218406/5749/1
MAG_128,MAG_128,218406/5752/1
CM_UNINA_FFOOD__FFOOD_358__bin.2,CM_UNINA_FFOOD__FFOOD_358__bin.2,218406/5753/1
MASTER_WP4_FFoQSI_1__VB-12D__bin.15,MASTER_WP4_FFoQSI_1__VB-12D__bin.15,218406/5755/1
WalshL_xxxx__G12__bin.3,WalshL_xxxx__G12__bin.3,218406/5758/1
EBC_134.6,EBC_134.6,218406/5762/1
DeFilippisF_xxxx__DS_13__bin.14,DeFilippisF_xxxx__DS_13__bin.14,218406/5763/1
MortensenS_xxxx__WK054-2-L-08h-04E9_S16__bin.8,MortensenS_xxxx__WK054-2-L-08h-04E9_S16__bin.8,218406/5765/1
WalshL_xxxx__F1__bin.3,WalshL_xxxx__F1__bin.3,218406/5766/1
WalshL_xxxx__V9__bin.3,WalshL_xxxx__V9__bin.3,218406/5767/1
MortensenS_xxxx__WK027-2-G-48h-04A3_S103__bin.5,MortensenS_xxxx__WK027-2-G-48h-04A3_S103__bin.5,218406/5769/1
YasirM_2022__SRR18335001__bin.4,YasirM_2022__SRR18335001__bin.4,218406/5770/1
MASTER_WP4_CSIC_2__P2548__bin.19,MASTER_WP4_CSIC_2__P2548__bin.19,218406/5771/1
FalardeauJ_2023__SRR20811274__bin.6,FalardeauJ_2023__SRR20811274__bin.6,218406/5773/1
MotaGutierrezJ_2021__SRR11602145__bin.26,MotaGutierrezJ_2021__SRR11602145__bin.26,218406/5779/1
DeFilippisF_xxxx__DF_121__bin.19,DeFilippisF_xxxx__DF_121__bin.19,218406/5782/1
LiZ_2018__SRS2920550__bin.14,LiZ_2018__SRS2920550__bin.14,218406/5783/1
MASTER_WP4_FFoQSI_1__VB-15-M11__bin.3,MASTER_WP4_FFoQSI_1__VB-15-M11__bin.3,218406/5785/1
LeechJ_xxxx__AF61__bin.2,LeechJ_xxxx__AF61__bin.2,218406/5786/1
FalardeauJ_2023__SRR20811283__bin.7,FalardeauJ_2023__SRR20811283__bin.7,218406/5788/1
MASTER_WP4_UNINA_2__T-22__bin.30,MASTER_WP4_UNINA_2__T-22__bin.30,218406/5791/1
MASTER_WP4_UNINA_1__ST007_71775__bin.34,MASTER_WP4_UNINA_1__ST007_71775__bin.34,218406/5793/1
MAG_5,MAG_5,218406/5795/1
MASTER_WP4_CSIC_2__P2614__bin.37,MASTER_WP4_CSIC_2__P2614__bin.37,218406/5796/1
MortensenS_xxxx__WK043-2-L-48h-03G7_S80__bin.1,MortensenS_xxxx__WK043-2-L-48h-03G7_S80__bin.1,218406/5797/1
LeechJ_xxxx__AF45__bin.11,LeechJ_xxxx__AF45__bin.11,218406/5801/1
MASTER_WP4_FFoQSI_2__VB05-25__bin.5,MASTER_WP4_FFoQSI_2__VB05-25__bin.5,218406/5802/1
MASTER_WP4_CSIC_1__P2247_73323__bin.3,MASTER_WP4_CSIC_1__P2247_73323__bin.3,218406/5803/1
MASTER_WP4_CSIC_2__P2621__bin.19,MASTER_WP4_CSIC_2__P2621__bin.19,218406/5805/1
DeFilippisF_xxxx__DF_29__bin.4,DeFilippisF_xxxx__DF_29__bin.4,218406/5810/1
MASTER_WP4_FFoQSI_3__VB07-26__bin.3,MASTER_WP4_FFoQSI_3__VB07-26__bin.3,218406/5811/1
PatroJN_2016__SRS1044738__bin.11,PatroJN_2016__SRS1044738__bin.11,218406/5812/1
MortensenS_xxxx__WK069-1-L-08h-05C8_S78__bin.4,MortensenS_xxxx__WK069-1-L-08h-05C8_S78__bin.4,218406/5813/1
MAG_444,MAG_444,218406/5818/1
MASTER_WP4_TEAGASC_1__TGS12-29__bin.35,MASTER_WP4_TEAGASC_1__TGS12-29__bin.35,218406/5819/1
MASTER_WP4_FFoQSI_1__VB-06-AD__bin.22,MASTER_WP4_FFoQSI_1__VB-06-AD__bin.22,218406/5821/1
WalshL_xxxx__Q11__bin.1,WalshL_xxxx__Q11__bin.1,218406/5822/1
MASTER_WP4_UNINA_2__V-22__bin.5,MASTER_WP4_UNINA_2__V-22__bin.5,218406/5824/1
MAG_504,MAG_504,218406/5827/1
FontanaF_2023__SRR20746968__bin.2,FontanaF_2023__SRR20746968__bin.2,218406/5828/1
MASTER_WP4_UNINA_1__PU010_71775__bin.11,MASTER_WP4_UNINA_1__PU010_71775__bin.11,218406/5831/1
AlvarezOrdonezA_xxxx__Q07-22__bin.15,AlvarezOrdonezA_xxxx__Q07-22__bin.15,218406/5832/1
MASTER_WP4_UNINA_1__PM002_71775__bin.12,MASTER_WP4_UNINA_1__PM002_71775__bin.12,218406/5835/1
AlvarezOrdonezA_xxxx__Q07-30__bin.12,AlvarezOrdonezA_xxxx__Q07-30__bin.12,218406/5836/1
MortensenS_xxxx__WK047-2-G-48h-04C5_S123__bin.3,MortensenS_xxxx__WK047-2-G-48h-04C5_S123__bin.3,218406/5837/1
WalshL_xxxx__U2__bin.1,WalshL_xxxx__U2__bin.1,218406/5839/1
LiZ_2018__SRS2920555__bin.21,LiZ_2018__SRS2920555__bin.21,218406/5842/1
MAG_555,MAG_555,218406/5845/1
YangC_2021__SRR13259378__bin.10,YangC_2021__SRR13259378__bin.10,218406/5847/1
LeechJ_2020__ERS3967694__bin.5,LeechJ_2020__ERS3967694__bin.5,218406/5850/1
LimaC_2020__SRR9640355__bin.30,LimaC_2020__SRR9640355__bin.30,218406/5851/1
FalardeauJ_2023__SRR20811176__bin.1,FalardeauJ_2023__SRR20811176__bin.1,218406/5852/1
AlvarezOrdonezA_xxxx__Q07-21__bin.1,AlvarezOrdonezA_xxxx__Q07-21__bin.1,218406/5855/1
LeechJ_xxxx__AF83__bin.9,LeechJ_xxxx__AF83__bin.9,218406/5856/1
LeechJ_xxxx__AF64__bin.1,LeechJ_xxxx__AF64__bin.1,218406/5857/1
EBC_098.8,EBC_098.8,218406/5860/1
MortensenS_xxxx__WK035-2-G-48h-04B2_S111__bin.2,MortensenS_xxxx__WK035-2-G-48h-04B2_S111__bin.2,218406/5861/1
MASTER_WP4_UNINA_2__V-25.1__bin.1,MASTER_WP4_UNINA_2__V-25.1__bin.1,218406/5863/1
MASTER_WP4_CSIC_2__P2645__bin.6,MASTER_WP4_CSIC_2__P2645__bin.6,218406/5864/1
MortensenS_xxxx__WK049-2-L-48h-05A9_S61__bin.2,MortensenS_xxxx__WK049-2-L-48h-05A9_S61__bin.2,218406/5869/1
DeFilippisF_xxxx__DF_7__bin.20,DeFilippisF_xxxx__DF_7__bin.20,218406/5870/1
MortensenS_xxxx__WK013-2-G-48h-01D7_S13__bin.8,MortensenS_xxxx__WK013-2-G-48h-01D7_S13__bin.8,218406/5871/1
LeechJ_xxxx__AF68__bin.13,LeechJ_xxxx__AF68__bin.13,218406/5875/1
BertuzziAS_2018__ERS2032098__bin.1,BertuzziAS_2018__ERS2032098__bin.1,218406/5877/1
LeechJ_2020__ERS3967734__bin.7,LeechJ_2020__ERS3967734__bin.7,218406/5879/1
G_275_3_oxydans_assembly,G_275_3_oxydans_assembly,218406/5881/1
MASTER_WP4_TEAGASC_1__TGS14-28__bin.4,MASTER_WP4_TEAGASC_1__TGS14-28__bin.4,218406/5882/1
LeechJ_xxxx__AF31__bin.3,LeechJ_xxxx__AF31__bin.3,218406/5883/1
DuR_2020__DRS139333__bin.13,DuR_2020__DRS139333__bin.13,218406/5884/1
MASTER_WP4_FFoQSI_1__VB-15-M11__bin.16,MASTER_WP4_FFoQSI_1__VB-15-M11__bin.16,218406/5887/1
AlvarezOrdonezA_xxxx__Q07-22__bin.21,AlvarezOrdonezA_xxxx__Q07-22__bin.21,218406/5889/1
FontanaF_2023__SRR20746854__bin.2,FontanaF_2023__SRR20746854__bin.2,218406/5890/1
LandisEA_2021__SRS5652903__bin.1,LandisEA_2021__SRS5652903__bin.1,218406/5894/1
MASTER_WP4_UNINA_1__GO004_71775__bin.8,MASTER_WP4_UNINA_1__GO004_71775__bin.8,218406/5898/1
MASTER_WP4_UNINA_1__PU010_71775__bin.25,MASTER_WP4_UNINA_1__PU010_71775__bin.25,218406/5899/1
LeechJ_2020__ERS3967688__bin.2,LeechJ_2020__ERS3967688__bin.2,218406/5900/1
MASTER_WP4_TEAGASC_1__TGS07-25__bin.5,MASTER_WP4_TEAGASC_1__TGS07-25__bin.5,218406/5901/1
AlvarezOrdonezA_xxxx__Q04-30__bin.13,AlvarezOrdonezA_xxxx__Q04-30__bin.13,218406/5903/1
MotaGutierrezJ_2021__SRR11602140__bin.27,MotaGutierrezJ_2021__SRR11602140__bin.27,218406/5905/1
MASTER_WP4_FFoQSI_2__VB16-28__bin.4,MASTER_WP4_FFoQSI_2__VB16-28__bin.4,218406/5907/1
SternesPR_2017__T2D1_A_shotgun__bin.5,SternesPR_2017__T2D1_A_shotgun__bin.5,218406/5908/1
MAG_652,MAG_652,218406/5913/1
MAG_483,MAG_483,218406/5915/1
MortensenS_xxxx__WK048-2-L-48h-03I9_S100__bin.10,MortensenS_xxxx__WK048-2-L-48h-03I9_S100__bin.10,218406/5917/1
DeFilippisF_xxxx__DF_7__bin.14,DeFilippisF_xxxx__DF_7__bin.14,218406/5919/1
LeechJ_2020__ERS3967699__bin.1,LeechJ_2020__ERS3967699__bin.1,218406/5921/1
MAG_603,MAG_603,218406/5922/1
MAG_592,MAG_592,218406/5923/1
FontanaF_2023__SRR20746869__bin.5,FontanaF_2023__SRR20746869__bin.5,218406/5927/1
LimaC_2020__SRR9640355__bin.14,LimaC_2020__SRR9640355__bin.14,218406/5928/1
CM_UNINA_FFOOD__FFOOD_319__bin.19,CM_UNINA_FFOOD__FFOOD_319__bin.19,218406/5929/1
DeFilippisF_xxxx__DF_99__bin.2,DeFilippisF_xxxx__DF_99__bin.2,218406/5931/1
MortensenS_xxxx__WK060-2-L-48h-04H7_S41__bin.3,MortensenS_xxxx__WK060-2-L-48h-04H7_S41__bin.3,218406/5932/1
MortensenS_xxxx__WK064-2-G-48h-05H7_S122__bin.1,MortensenS_xxxx__WK064-2-G-48h-05H7_S122__bin.1,218406/5937/1
MASTER_WP4_FFoQSI_1__VB-05-AD__bin.33,MASTER_WP4_FFoQSI_1__VB-05-AD__bin.33,218406/5938/1
MAG_582,MAG_582,218406/5944/1
MAG_613,MAG_613,218406/5945/1
AlvarezOrdonezA_xxxx__Q03-21__bin.7,AlvarezOrdonezA_xxxx__Q03-21__bin.7,218406/5946/1
LimaC_2020__SRR9640345__bin.5,LimaC_2020__SRR9640345__bin.5,218406/5947/1
MASTER_WP4_FFoQSI_1__VB-06-M2__bin.32,MASTER_WP4_FFoQSI_1__VB-06-M2__bin.32,218406/5948/1
MAG_493,MAG_493,218406/5949/1
MASTER_WP4_UNINA_1__SR008_71775__bin.14,MASTER_WP4_UNINA_1__SR008_71775__bin.14,218406/5951/1
XieM_2019__SAMC044639__bin.26,XieM_2019__SAMC044639__bin.26,218406/5954/1
AlvarezOrdonezA_xxxx__Q07-29__bin.13,AlvarezOrdonezA_xxxx__Q07-29__bin.13,218406/5956/1
PothakosV_2020__ERS2068298__bin.5,PothakosV_2020__ERS2068298__bin.5,218406/5957/1
MAG_642,MAG_642,218406/5962/1
MortensenS_xxxx__WK003-1-L-08h-01F9_S33__bin.4,MortensenS_xxxx__WK003-1-L-08h-01F9_S33__bin.4,218406/5963/1
AlvarezOrdonezA_xxxx__R03-18__bin.3,AlvarezOrdonezA_xxxx__R03-18__bin.3,218406/5966/1
EBC_084.37,EBC_084.37,218406/5967/1
MortensenS_xxxx__WK065-2-L-48h-05B4_S65__bin.2,MortensenS_xxxx__WK065-2-L-48h-05B4_S65__bin.2,218406/5968/1
MortensenS_xxxx__WK016-2-L-48h-02D1_S88__bin.2,MortensenS_xxxx__WK016-2-L-48h-02D1_S88__bin.2,218406/5969/1
WalshL_xxxx__P4__bin.5,WalshL_xxxx__P4__bin.5,218406/5971/1
MASTER_WP4_CSIC_1__P2166_73322__bin.1,MASTER_WP4_CSIC_1__P2166_73322__bin.1,218406/5972/1
MASTER_WP4_CSIC_2__P2500__bin.10,MASTER_WP4_CSIC_2__P2500__bin.10,218406/5976/1
MAG_520,MAG_520,218406/5977/1
MASTER_WP4_FFoQSI_2__VB01-25__bin.3,MASTER_WP4_FFoQSI_2__VB01-25__bin.3,218406/5982/1
MASTER_WP4_UNINA_2__I-26.1__bin.7,MASTER_WP4_UNINA_2__I-26.1__bin.7,218406/5984/1
MASTER_WP4_UNINA_1__PU010_71775__bin.35,MASTER_WP4_UNINA_1__PU010_71775__bin.35,218406/5986/1
C-R14.bin.7,C-R14.bin.7,218406/5987/1
LeechJ_xxxx__AF55__bin.8,LeechJ_xxxx__AF55__bin.8,218406/5989/1
DeFilippisF_xxxx__DF_102__bin.3,DeFilippisF_xxxx__DF_102__bin.3,218406/5991/1
CM_UNINA_FFOOD__FFOOD_306__bin.1,CM_UNINA_FFOOD__FFOOD_306__bin.1,218406/5993/1
CM_UNINA_FFOOD__FFOOD_226__bin.6,CM_UNINA_FFOOD__FFOOD_226__bin.6,218406/5995/1
LeechJ_2020__ERS3967726__bin.2,LeechJ_2020__ERS3967726__bin.2,218406/5996/1
MASTER_WP4_UNINA_1__ST007_71775__bin.7,MASTER_WP4_UNINA_1__ST007_71775__bin.7,218406/5997/1
LeechJ_xxxx__AF48__bin.5,LeechJ_xxxx__AF48__bin.5,218406/6000/1
G_199_1A_oryzifermentans_extracted_assembly,G_199_1A_oryzifermentans_extracted_assembly,218406/6003/1
LeechJ_xxxx__AF81__bin.5,LeechJ_xxxx__AF81__bin.5,218406/6004/1
YouL_2022__SRR13308524__bin.43,YouL_2022__SRR13308524__bin.43,218406/6006/1
AlvarezOrdonezA_xxxx__F03-18__bin.4,AlvarezOrdonezA_xxxx__F03-18__bin.4,218406/6009/1
MASTER_WP4_CSIC_2__P2608__bin.37,MASTER_WP4_CSIC_2__P2608__bin.37,218406/6010/1
MASTER_WP4_UNINA_1__CS001_71775__bin.13,MASTER_WP4_UNINA_1__CS001_71775__bin.13,218406/6012/1
ODFM-BA-A-0208-003_Brachybacterium_kimchii_CBA3104,ODFM-BA-A-0208-003_Brachybacterium_kimchii_CBA3104,218406/6013/1
MASTER_WP4_FFoQSI_1__VB-04-AD__bin.14,MASTER_WP4_FFoQSI_1__VB-04-AD__bin.14,218406/6015/1
MortensenS_xxxx__WK050-1-L-48h-04C8_S126__bin.9,MortensenS_xxxx__WK050-1-L-48h-04C8_S126__bin.9,218406/6016/1
LeechJ_2020__ERS3967740__bin.5,LeechJ_2020__ERS3967740__bin.5,218406/6020/1
FontanaF_2023__SRR20746882__bin.3,FontanaF_2023__SRR20746882__bin.3,218406/6022/1
MASTER_WP4_UNINA_1__PM007_71775__bin.2,MASTER_WP4_UNINA_1__PM007_71775__bin.2,218406/6024/1
LimaC_2020__SRR9640355__bin.20,LimaC_2020__SRR9640355__bin.20,218406/6025/1
MASTER_WP4_UNINA_2__U-22__bin.3,MASTER_WP4_UNINA_2__U-22__bin.3,218406/6028/1
MortensenS_xxxx__WK054-2-L-48h-04F1_S17__bin.10,MortensenS_xxxx__WK054-2-L-48h-04F1_S17__bin.10,218406/6031/1
YasirM_2022__SRR18335007__bin.1,YasirM_2022__SRR18335007__bin.1,218406/6034/1
AlvarezOrdonezA_xxxx__R04-19__bin.9,AlvarezOrdonezA_xxxx__R04-19__bin.9,218406/6036/1
QuijadaN_2022__ERR7245780__bin.14,QuijadaN_2022__ERR7245780__bin.14,218406/6037/1
MortensenS_xxxx__WK010-2-L-48h-02A4_S64__bin.9,MortensenS_xxxx__WK010-2-L-48h-02A4_S64__bin.9,218406/6038/1
MAG_405,MAG_405,218406/6039/1
CM_UNINA_FFOOD__FFOOD_317__bin.2,CM_UNINA_FFOOD__FFOOD_317__bin.2,218406/6042/1
LeechJ_2020__ERS3967737__bin.1,LeechJ_2020__ERS3967737__bin.1,218406/6043/1
LandisEA_2021__SRS5652933__bin.2,LandisEA_2021__SRS5652933__bin.2,218406/6044/1
CM_UNINA_FFOOD__FFOOD_237__bin.5,CM_UNINA_FFOOD__FFOOD_237__bin.5,218406/6045/1
MASTER_WP4_CSIC_2__P2611__bin.12,MASTER_WP4_CSIC_2__P2611__bin.12,218406/6050/1
LeechJ_xxxx__AF59__bin.6,LeechJ_xxxx__AF59__bin.6,218406/6054/1
MAG_514,MAG_514,218406/6056/1
FalardeauJ_2023__SRR20811285__bin.2,FalardeauJ_2023__SRR20811285__bin.2,218406/6058/1
MASTER_WP4_UNINA_2__M-27__bin.4,MASTER_WP4_UNINA_2__M-27__bin.4,218406/6059/1
AlvarezOrdonezA_xxxx__Q06-30__bin.11,AlvarezOrdonezA_xxxx__Q06-30__bin.11,218406/6060/1
MASTER_WP4_UNINA_2__O-23.1__bin.11,MASTER_WP4_UNINA_2__O-23.1__bin.11,218406/6063/1
MASTER_WP4_UNINA_1__GR001_73417__bin.19,MASTER_WP4_UNINA_1__GR001_73417__bin.19,218406/6064/1
AlvarezOrdonezA_xxxx__Q07-22__bin.7,AlvarezOrdonezA_xxxx__Q07-22__bin.7,218406/6065/1
DeFilippisF_xxxx__DS_105__bin.8,DeFilippisF_xxxx__DS_105__bin.8,218406/6066/1
MAG_454,MAG_454,218406/6067/1
EBC_140.5,EBC_140.5,218406/6070/1
MASTER_WP4_UNINA_2__E-22__bin.24,MASTER_WP4_UNINA_2__E-22__bin.24,218406/6073/1
CM_UNINA_FFOOD__FFOOD_245__bin.2,CM_UNINA_FFOOD__FFOOD_245__bin.2,218406/6077/1
CM_UNINA_FFOOD__FFOOD_283__bin.17,CM_UNINA_FFOOD__FFOOD_283__bin.17,218406/6078/1
LeechJ_xxxx__AF66__bin.14,LeechJ_xxxx__AF66__bin.14,218406/6081/1
S3.2_bin.2,S3.2_bin.2,218406/6082/1
MASTER_WP4_UNINA_1__TA011_71775__bin.10,MASTER_WP4_UNINA_1__TA011_71775__bin.10,218406/6084/1
MASTER_WP4_CSIC_2__P2517__bin.16,MASTER_WP4_CSIC_2__P2517__bin.16,218406/6086/1
DeFilippisF_xxxx__DF_16__bin.11,DeFilippisF_xxxx__DF_16__bin.11,218406/6087/1
MASTER_WP4_TEAGASC_1__TGS01-30__bin.10,MASTER_WP4_TEAGASC_1__TGS01-30__bin.10,218406/6090/1
KharnaiorP_2023__SRR22859377__bin.11,KharnaiorP_2023__SRR22859377__bin.11,218406/6091/1
AlvarezOrdonezA_xxxx__Q05-22__bin.4,AlvarezOrdonezA_xxxx__Q05-22__bin.4,218406/6092/1
MAG_169,MAG_169,218406/6098/1
MortensenS_xxxx__WK020-1-L-48h-02E6_S102__bin.4,MortensenS_xxxx__WK020-1-L-48h-02E6_S102__bin.4,218406/6100/1
ChaconVargasK_2020__SRS6087088__bin.11,ChaconVargasK_2020__SRS6087088__bin.11,218406/6101/1
MortensenS_xxxx__WK029-1-L-48h-03A3_S22__bin.7,MortensenS_xxxx__WK029-1-L-48h-03A3_S22__bin.7,218406/6102/1
MASTER_WP4_FFoQSI_1__RC17-032__bin.11,MASTER_WP4_FFoQSI_1__RC17-032__bin.11,218406/6104/1
MASTER_WP4_UNINA_2__O-25.1__bin.30,MASTER_WP4_UNINA_2__O-25.1__bin.30,218406/6105/1
FontanaF_2023__SRR20746927__bin.2,FontanaF_2023__SRR20746927__bin.2,218406/6106/1
FontanaF_2023__SRR20746839__bin.4,FontanaF_2023__SRR20746839__bin.4,218406/6108/1
DuR_2020__DRS139334__bin.18,DuR_2020__DRS139334__bin.18,218406/6109/1
MAG_138,MAG_138,218406/6115/1
LeechJ_xxxx__AF04__bin.3,LeechJ_xxxx__AF04__bin.3,218406/6118/1
MortensenS_xxxx__WK045-2-L-08h-03H5_S87__bin.8,MortensenS_xxxx__WK045-2-L-08h-03H5_S87__bin.8,218406/6120/1
MASTER_WP4_FFoQSI_1__RC17-F-BR__bin.8,MASTER_WP4_FFoQSI_1__RC17-F-BR__bin.8,218406/6122/1
MASTER_WP4_CSIC_2__P2584__bin.35,MASTER_WP4_CSIC_2__P2584__bin.35,218406/6123/1
DeFilippisF_xxxx__DF_58__bin.5,DeFilippisF_xxxx__DF_58__bin.5,218406/6124/1
FalardeauJ_2023__SRR20811152__bin.2,FalardeauJ_2023__SRR20811152__bin.2,218406/6125/1
MortensenS_xxxx__WK032-2-L-48h-03B8_S36__bin.7,MortensenS_xxxx__WK032-2-L-48h-03B8_S36__bin.7,218406/6127/1
MASTER_WP4_CSIC_1__P2245_73323__bin.5,MASTER_WP4_CSIC_1__P2245_73323__bin.5,218406/6128/1
MASTER_WP4_CSIC_2__P2550__bin.11,MASTER_WP4_CSIC_2__P2550__bin.11,218406/6130/1
MASTER_WP4_CSIC_2__P2566__bin.18,MASTER_WP4_CSIC_2__P2566__bin.18,218406/6134/1
WalshL_xxxx__B6__bin.4,WalshL_xxxx__B6__bin.4,218406/6139/1
MASTER_WP4_CSIC_2__P2638__bin.9,MASTER_WP4_CSIC_2__P2638__bin.9,218406/6140/1
DeFilippisF_xxxx__DF_114__bin.13,DeFilippisF_xxxx__DF_114__bin.13,218406/6142/1
MortensenS_xxxx__WK020-1-L-08h-02E5_S101__bin.6,MortensenS_xxxx__WK020-1-L-08h-02E5_S101__bin.6,218406/6143/1
MASTER_WP4_UNINA_1__PA011_73417__bin.3,MASTER_WP4_UNINA_1__PA011_73417__bin.3,218406/6144/1
LeechJ_xxxx__AF09__bin.7,LeechJ_xxxx__AF09__bin.7,218406/6146/1
CM_UNINA_FFOOD__FFOOD_347__bin.3,CM_UNINA_FFOOD__FFOOD_347__bin.3,218406/6147/1
MASTER_WP4_TEAGASC_1__TGS14-22__bin.31,MASTER_WP4_TEAGASC_1__TGS14-22__bin.31,218406/6148/1
MASTER_WP4_UNINA_2__E-22__bin.10,MASTER_WP4_UNINA_2__E-22__bin.10,218406/6149/1
MASTER_WP4_CSIC_1__P2224_73323__bin.3,MASTER_WP4_CSIC_1__P2224_73323__bin.3,218406/6152/1
DeFilippisF_xxxx__DF_59__bin.13,DeFilippisF_xxxx__DF_59__bin.13,218406/6154/1
G_338_1B_fabarum_extracted_assembly,G_338_1B_fabarum_extracted_assembly,218406/6160/1
WalshAM_2020__ERS3466793__bin.3,WalshAM_2020__ERS3466793__bin.3,218406/6161/1
MASTER_WP4_FFoQSI_1__DC18-02__bin.11,MASTER_WP4_FFoQSI_1__DC18-02__bin.11,218406/6163/1
YouL_2022__SRR13308531__bin.1,YouL_2022__SRR13308531__bin.1,218406/6164/1
YulandiA_2020__SRS6115053__bin.10,YulandiA_2020__SRS6115053__bin.10,218406/6165/1
LeechJ_xxxx__AF26__bin.5,LeechJ_xxxx__AF26__bin.5,218406/6167/1
ODFM-BA-A-0157-001_Morganella_morganii_FAM24091,ODFM-BA-A-0157-001_Morganella_morganii_FAM24091,218406/6168/1
DuR_2020__DRS139335__bin.25,DuR_2020__DRS139335__bin.25,218406/6169/1
LandisEA_2021__SRS5653132__bin.4,LandisEA_2021__SRS5653132__bin.4,218406/6174/1
MASTER_WP4_TEAGASC_1__TGS15-30__bin.25,MASTER_WP4_TEAGASC_1__TGS15-30__bin.25,218406/6177/1
MASTER_WP4_FFoQSI_2__VB08-21__bin.7,MASTER_WP4_FFoQSI_2__VB08-21__bin.7,218406/6180/1
KastmanEK_2016__CSB387__bin.4,KastmanEK_2016__CSB387__bin.4,218406/6181/1
DeFilippisF_xxxx__DS_110__bin.19,DeFilippisF_xxxx__DS_110__bin.19,218406/6182/1
LeechJ_xxxx__AF84__bin.19,LeechJ_xxxx__AF84__bin.19,218406/6183/1
AlvarezOrdonezA_xxxx__Q04-27__bin.11,AlvarezOrdonezA_xxxx__Q04-27__bin.11,218406/6185/1
MASTER_WP4_TEAGASC_1__TGS14-22__bin.40,MASTER_WP4_TEAGASC_1__TGS14-22__bin.40,218406/6187/1
FontanaF_2023__SRR20746884__bin.2,FontanaF_2023__SRR20746884__bin.2,218406/6190/1
CM_INJERA__injera_E1__bin.22,CM_INJERA__injera_E1__bin.22,218406/6192/1
AlvarezOrdonezA_xxxx__Q02-30__bin.21,AlvarezOrdonezA_xxxx__Q02-30__bin.21,218406/6194/1
FalardeauJ_2023__SRR20811275__bin.8,FalardeauJ_2023__SRR20811275__bin.8,218406/6196/1
MASTER_WP4_CSIC_2__P2609__bin.4,MASTER_WP4_CSIC_2__P2609__bin.4,218406/6198/1
WolfeBE_2014__491_Bayley__bin.1,WolfeBE_2014__491_Bayley__bin.1,218406/6201/1
LeechJ_xxxx__AF87__bin.4,LeechJ_xxxx__AF87__bin.4,218406/6204/1
MASTER_WP4_FFoQSI_1__VB-12D__bin.11,MASTER_WP4_FFoQSI_1__VB-12D__bin.11,218406/6205/1
WalshAM_2017__ERS1739838__bin.2,WalshAM_2017__ERS1739838__bin.2,218406/6206/1
MASTER_WP4_CSIC_1__P2137_73322__bin.38,MASTER_WP4_CSIC_1__P2137_73322__bin.38,218406/6209/1
MASTER_WP4_UNINA_2__V-30__bin.15,MASTER_WP4_UNINA_2__V-30__bin.15,218406/6211/1
MASTER_WP4_FFoQSI_3__VB14-22__bin.49,MASTER_WP4_FFoQSI_3__VB14-22__bin.49,218406/6212/1
AlvarezOrdonezA_xxxx__Q06-22__bin.6,AlvarezOrdonezA_xxxx__Q06-22__bin.6,218406/6213/1
MASTER_WP4_FFoQSI_1__VB-09-M8__bin.44,MASTER_WP4_FFoQSI_1__VB-09-M8__bin.44,218406/6215/1
WalshL_xxxx__H3_S87__bin.4,WalshL_xxxx__H3_S87__bin.4,218406/6218/1
WolfeBE_2014__894_Twig_Tomme__bin.4,WolfeBE_2014__894_Twig_Tomme__bin.4,218406/6222/1
LeechJ_2020__ERS3967690__bin.8,LeechJ_2020__ERS3967690__bin.8,218406/6224/1
AlvarezOrdonezA_xxxx__F01-18__bin.11,AlvarezOrdonezA_xxxx__F01-18__bin.11,218406/6226/1
MASTER_WP4_CSIC_1__P2134_73322__bin.8,MASTER_WP4_CSIC_1__P2134_73322__bin.8,218406/6228/1
MASTER_WP4_CSIC_2__P2576__bin.11,MASTER_WP4_CSIC_2__P2576__bin.11,218406/6229/1
MAG_1,MAG_1,218406/6230/1
MASTER_WP4_UNINA_1__PB007_73417__bin.2,MASTER_WP4_UNINA_1__PB007_73417__bin.2,218406/6233/1
SternesPR_2017__Y2D1_A_shotgun__bin.5,SternesPR_2017__Y2D1_A_shotgun__bin.5,218406/6234/1
MASTER_WP4_CSIC_1__P2138_73322__bin.5,MASTER_WP4_CSIC_1__P2138_73322__bin.5,218406/6237/1
MASTER_WP4_CSIC_2__P2620__bin.14,MASTER_WP4_CSIC_2__P2620__bin.14,218406/6239/1
LiZ_2018__SRS2920551__bin.19,LiZ_2018__SRS2920551__bin.19,218406/6241/1
MASTER_WP4_UNINA_2__V-29__bin.30,MASTER_WP4_UNINA_2__V-29__bin.30,218406/6243/1
CM_UNINA_FFOOD__FFOOD_311__bin.3,CM_UNINA_FFOOD__FFOOD_311__bin.3,218406/6244/1
FontanaF_2023__SRR20746929__bin.4,FontanaF_2023__SRR20746929__bin.4,218406/6246/1
KharnaiorP_2023__SRR22859377__bin.9,KharnaiorP_2023__SRR22859377__bin.9,218406/6248/1
DeFilippisF_xxxx__DF_85__bin.12,DeFilippisF_xxxx__DF_85__bin.12,218406/6249/1
LimaC_2020__SRR9640353__bin.12,LimaC_2020__SRR9640353__bin.12,218406/6252/1
EBC_082.8,EBC_082.8,218406/6254/1
KumarJ_2019__SRS4562503__bin.9,KumarJ_2019__SRS4562503__bin.9,218406/6257/1
MASTER_WP4_CSIC_1__P2135_73322__bin.7,MASTER_WP4_CSIC_1__P2135_73322__bin.7,218406/6258/1
MASTER_WP4_CSIC_2__P2549__bin.20,MASTER_WP4_CSIC_2__P2549__bin.20,218406/6259/1
MAG_149,MAG_149,218406/6261/1
WalshAM_2020__ERS3466776__bin.3,WalshAM_2020__ERS3466776__bin.3,218406/6263/1
MASTER_WP4_TEAGASC_1__TGS01-22__bin.37,MASTER_WP4_TEAGASC_1__TGS01-22__bin.37,218406/6264/1
LeechJ_xxxx__AF52__bin.3,LeechJ_xxxx__AF52__bin.3,218406/6265/1
MortensenS_xxxx__WK062-2-G-48h-05H5_S120__bin.1,MortensenS_xxxx__WK062-2-G-48h-05H5_S120__bin.1,218406/6272/1
AlvarezOrdonezA_xxxx__R03-19__bin.21,AlvarezOrdonezA_xxxx__R03-19__bin.21,218406/6274/1
AlvarezOrdonezA_xxxx__F02-18__bin.10,AlvarezOrdonezA_xxxx__F02-18__bin.10,218406/6275/1
MortensenS_xxxx__WK010-1-L-48h-02A2_S62__bin.7,MortensenS_xxxx__WK010-1-L-48h-02A2_S62__bin.7,218406/6277/1
CM_UNINA_FFOOD__FFOOD_400__bin.7,CM_UNINA_FFOOD__FFOOD_400__bin.7,218406/6278/1
MortensenS_xxxx__WK026-1-L-08h-02H8_S9__bin.1,MortensenS_xxxx__WK026-1-L-08h-02H8_S9__bin.1,218406/6279/1
MASTER_WP4_FFoQSI_1__VB-14-AD__bin.6,MASTER_WP4_FFoQSI_1__VB-14-AD__bin.6,218406/6280/1
DeFilippisF_xxxx__DF_79__bin.1,DeFilippisF_xxxx__DF_79__bin.1,218406/6285/1
LeechJ_xxxx__AF53__bin.9,LeechJ_xxxx__AF53__bin.9,218406/6287/1
FontanaF_2023__SRR20746938__bin.7,FontanaF_2023__SRR20746938__bin.7,218406/6290/1
MASTER_WP4_FFoQSI_1__VB-14-AD__bin.11,MASTER_WP4_FFoQSI_1__VB-14-AD__bin.11,218406/6291/1
MASTER_WP4_TEAGASC_1__TGS07-21__bin.8,MASTER_WP4_TEAGASC_1__TGS07-21__bin.8,218406/6293/1
AlvarezOrdonezA_xxxx__F05-18__bin.5,AlvarezOrdonezA_xxxx__F05-18__bin.5,218406/6294/1
MASTER_WP4_UNINA_1__GR211_71775__bin.3,MASTER_WP4_UNINA_1__GR211_71775__bin.3,218406/6296/1
PothakosV_2020__ERS2068299__bin.14,PothakosV_2020__ERS2068299__bin.14,218406/6298/1
MASTER_WP4_UNINA_2__U-22__bin.13,MASTER_WP4_UNINA_2__U-22__bin.13,218406/6301/1
YuY_2022__SRR16950700__bin.5,YuY_2022__SRR16950700__bin.5,218406/6302/1
ODFM-BA-A-0118-001_Brettanomyces_anomalus_YV396,ODFM-BA-A-0118-001_Brettanomyces_anomalus_YV396,218406/6303/1
AlvarezOrdonezA_xxxx__R02-18__bin.2,AlvarezOrdonezA_xxxx__R02-18__bin.2,218406/6304/1
LandisEA_2021__SRS5653094__bin.7,LandisEA_2021__SRS5653094__bin.7,218406/6307/1
WolfeBE_2014__671_Grayson__bin.11,WolfeBE_2014__671_Grayson__bin.11,218406/6309/1
MASTER_WP4_UNINA_1__PR006_71775__bin.3,MASTER_WP4_UNINA_1__PR006_71775__bin.3,218406/6311/1
MortensenS_xxxx__WK034-1-L-48h-03C5_S42__bin.9,MortensenS_xxxx__WK034-1-L-48h-03C5_S42__bin.9,218406/6315/1
MAG_534,MAG_534,218406/6317/1
MacoriG_2019__CS_R32__bin.3,MacoriG_2019__CS_R32__bin.3,218406/6320/1
MASTER_WP4_CSIC_2__P2587__bin.8,MASTER_WP4_CSIC_2__P2587__bin.8,218406/6321/1
DeFilippisF_xxxx__DS_90__bin.4,DeFilippisF_xxxx__DS_90__bin.4,218406/6322/1
MASTER_WP4_CSIC_1__P2142_73322__bin.5,MASTER_WP4_CSIC_1__P2142_73322__bin.5,218406/6325/1
MASTER_WP4_UNINA_1__PM012_71775__bin.13,MASTER_WP4_UNINA_1__PM012_71775__bin.13,218406/6326/1
CM_UNINA_FFOOD__FFOOD_405__bin.4,CM_UNINA_FFOOD__FFOOD_405__bin.4,218406/6327/1
MASTER_WP4_FFoQSI_1__VB-09-BD__bin.25,MASTER_WP4_FFoQSI_1__VB-09-BD__bin.25,218406/6328/1
FalardeauJ_2023__SRR20811224__bin.3,FalardeauJ_2023__SRR20811224__bin.3,218406/6329/1
LeechJ_xxxx__AF31__bin.7,LeechJ_xxxx__AF31__bin.7,218406/6331/1
ODFM-BA-A-0094-002_Leuconostoc_lactis_WIKIM21,ODFM-BA-A-0094-002_Leuconostoc_lactis_WIKIM21,218406/6337/1
MASTER_WP4_CSIC_2__P2597__bin.1,MASTER_WP4_CSIC_2__P2597__bin.1,218406/6340/1
MASTER_WP4_CSIC_2__P2600__bin.12,MASTER_WP4_CSIC_2__P2600__bin.12,218406/6342/1
DeFilippisF_xxxx__DF_100__bin.12,DeFilippisF_xxxx__DF_100__bin.12,218406/6343/1
MAG_596,MAG_596,218406/6344/1
MAG_607,MAG_607,218406/6345/1
CM_UNINA_FFOOD__FFOOD_327__bin.5,CM_UNINA_FFOOD__FFOOD_327__bin.5,218406/6347/1
MASTER_WP4_UNINA_2__M-28__bin.8,MASTER_WP4_UNINA_2__M-28__bin.8,218406/6349/1
MASTER_WP4_FFoQSI_1__VB-16-M16__bin.13,MASTER_WP4_FFoQSI_1__VB-16-M16__bin.13,218406/6350/1
LeechJ_xxxx__AF46__bin.3,LeechJ_xxxx__AF46__bin.3,218406/6351/1
MASTER_WP4_FFoQSI_1__RC17-F-AR__bin.34,MASTER_WP4_FFoQSI_1__RC17-F-AR__bin.34,218406/6358/1
MASTER_WP4_UNINA_1__FI010_71775__bin.12,MASTER_WP4_UNINA_1__FI010_71775__bin.12,218406/6361/1
MASTER_WP4_FFoQSI_2__VB01-26__bin.1,MASTER_WP4_FFoQSI_2__VB01-26__bin.1,218406/6362/1
MASTER_WP4_UNINA_1__PM013_71775__bin.4,MASTER_WP4_UNINA_1__PM013_71775__bin.4,218406/6363/1
MortensenS_xxxx__WK004-1-L-48h-01G5_S38__bin.6,MortensenS_xxxx__WK004-1-L-48h-01G5_S38__bin.6,218406/6364/1
XieM_2019__SAMC044639__bin.32,XieM_2019__SAMC044639__bin.32,218406/6365/1
LandisEA_2021__SRS5653152__bin.2,LandisEA_2021__SRS5653152__bin.2,218406/6366/1
FontanaF_2023__SRR20746965__bin.2,FontanaF_2023__SRR20746965__bin.2,218406/6368/1
AlvarezOrdonezA_xxxx__Q02-24__bin.5,AlvarezOrdonezA_xxxx__Q02-24__bin.5,218406/6369/1
MASTER_WP4_UNINA_1__FO011_71775__bin.19,MASTER_WP4_UNINA_1__FO011_71775__bin.19,218406/6370/1
WalshL_xxxx__D7__bin.8,WalshL_xxxx__D7__bin.8,218406/6377/1
CM_UNINA_FFOOD__FFOOD_287__bin.7,CM_UNINA_FFOOD__FFOOD_287__bin.7,218406/6378/1
MASTER_WP4_FFoQSI_1__VB-08-BD__bin.8,MASTER_WP4_FFoQSI_1__VB-08-BD__bin.8,218406/6381/1
MortensenS_xxxx__WK022-1-L-48h-02F8_S113__bin.6,MortensenS_xxxx__WK022-1-L-48h-02F8_S113__bin.6,218406/6383/1
MASTER_WP4_CSIC_1__P2249_73323__bin.15,MASTER_WP4_CSIC_1__P2249_73323__bin.15,218406/6384/1
MASTER_WP4_CSIC_2__P2619__bin.37,MASTER_WP4_CSIC_2__P2619__bin.37,218406/6387/1
MAG_487,MAG_487,218406/6388/1
MASTER_WP4_CSIC_1__P2136_73322__bin.16,MASTER_WP4_CSIC_1__P2136_73322__bin.16,218406/6390/1
MAG_411,MAG_411,218406/6391/1
WalshAM_2020__ERS3466737__bin.1,WalshAM_2020__ERS3466737__bin.1,218406/6392/1
We6_bin.circ.8,We6_bin.circ.8,218406/6396/1
LiZ_2018__SRS2920555__bin.25,LiZ_2018__SRS2920555__bin.25,218406/6397/1
MAG_551,MAG_551,218406/6401/1
MAG_440,MAG_440,218406/6404/1
FontanaF_2023__SRR20746866__bin.9,FontanaF_2023__SRR20746866__bin.9,218406/6405/1
MASTER_WP4_FFoQSI_1__VB-14-BG__bin.19,MASTER_WP4_FFoQSI_1__VB-14-BG__bin.19,218406/6407/1
MASTER_WP4_CSIC_2__P2598__bin.31,MASTER_WP4_CSIC_2__P2598__bin.31,218406/6409/1
DeFilippisF_xxxx__DF_7__bin.24,DeFilippisF_xxxx__DF_7__bin.24,218406/6411/1
FontanaF_2023__SRR20746867__bin.3,FontanaF_2023__SRR20746867__bin.3,218406/6413/1
MAG_500,MAG_500,218406/6415/1
LeechJ_2020__ERS3967740__bin.11,LeechJ_2020__ERS3967740__bin.11,218406/6416/1
ChaconVargasK_2020__SRS6087090__bin.6,ChaconVargasK_2020__SRS6087090__bin.6,218406/6417/1
SternesPR_2017__Y3D1_B_shotgun__bin.2,SternesPR_2017__Y3D1_B_shotgun__bin.2,218406/6420/1
DeFilippisF_xxxx__DF_4__bin.3,DeFilippisF_xxxx__DF_4__bin.3,218406/6422/1
LeechJ_xxxx__AF64__bin.5,LeechJ_xxxx__AF64__bin.5,218406/6423/1
EinsonEJ_2018__SRS2706106__bin.3,EinsonEJ_2018__SRS2706106__bin.3,218406/6424/1
LimaC_2020__SRR9640355__bin.34,LimaC_2020__SRR9640355__bin.34,218406/6426/1
CM_UNINA_FFOOD__FFOOD_418__bin.9,CM_UNINA_FFOOD__FFOOD_418__bin.9,218406/6432/1
MASTER_WP4_CSIC_1__P2237_73323__bin.14,MASTER_WP4_CSIC_1__P2237_73323__bin.14,218406/6435/1
MortensenS_xxxx__WK007-1-L-48h-01H8_S50__bin.4,MortensenS_xxxx__WK007-1-L-48h-01H8_S50__bin.4,218406/6436/1
MAG_623,MAG_623,218406/6437/1
MASTER_WP4_FFoQSI_2__VB08-22__bin.10,MASTER_WP4_FFoQSI_2__VB08-22__bin.10,218406/6438/1
FontanaF_2023__SRR20746838__bin.11,FontanaF_2023__SRR20746838__bin.11,218406/6440/1
MASTER_WP4_CSIC_1__P2137_73322__bin.1,MASTER_WP4_CSIC_1__P2137_73322__bin.1,218406/6441/1
LeechJ_xxxx__AF66__bin.9,LeechJ_xxxx__AF66__bin.9,218406/6442/1
LimaC_2020__SRR9640355__bin.24,LimaC_2020__SRR9640355__bin.24,218406/6444/1
MASTER_WP4_TEAGASC_1__TGS13-22__bin.10,MASTER_WP4_TEAGASC_1__TGS13-22__bin.10,218406/6449/1
DeFilippisF_xxxx__DF_79__bin.11,DeFilippisF_xxxx__DF_79__bin.11,218406/6451/1
LeechJ_xxxx__AF81__bin.1,LeechJ_xxxx__AF81__bin.1,218406/6455/1
CM_UNINA_FFOOD__FFOOD_226__bin.2,CM_UNINA_FFOOD__FFOOD_226__bin.2,218406/6456/1
MASTER_WP4_UNINA_1__SR008_71775__bin.24,MASTER_WP4_UNINA_1__SR008_71775__bin.24,218406/6457/1
DeFilippisF_xxxx__DF_4__bin.13,DeFilippisF_xxxx__DF_4__bin.13,218406/6458/1
YouL_2022__SRR13308537__bin.18,YouL_2022__SRR13308537__bin.18,218406/6459/1
LeechJ_2020__ERS3967697__bin.7,LeechJ_2020__ERS3967697__bin.7,218406/6460/1
DeFilippisF_xxxx__DS_69__bin.7,DeFilippisF_xxxx__DS_69__bin.7,218406/6464/1
MotaGutierrezJ_2021__SRR11602147__bin.7,MotaGutierrezJ_2021__SRR11602147__bin.7,218406/6468/1
MAG_510,MAG_510,218406/6470/1
PatroJN_2016__SRS1044731__bin.7,PatroJN_2016__SRS1044731__bin.7,218406/6471/1
MAG_450,MAG_450,218406/6472/1
DeFilippisF_xxxx__DF_102__bin.18,DeFilippisF_xxxx__DF_102__bin.18,218406/6475/1
CM_UNINA_FFOOD__FFOOD_298__bin.6,CM_UNINA_FFOOD__FFOOD_298__bin.6,218406/6477/1
MortensenS_xxxx__WK062-2-L-08h-04I5_S48__bin.1,MortensenS_xxxx__WK062-2-L-08h-04I5_S48__bin.1,218406/6479/1
MASTER_WP4_UNINA_2__U-22__bin.7,MASTER_WP4_UNINA_2__U-22__bin.7,218406/6480/1
LeechJ_xxxx__AF59__bin.2,LeechJ_xxxx__AF59__bin.2,218406/6482/1
AlvarezOrdonezA_xxxx__Q01-29__bin.7,AlvarezOrdonezA_xxxx__Q01-29__bin.7,218406/6484/1
MAG_401,MAG_401,218406/6485/1
MASTER_WP4_TEAGASC_1__TGS04-29__bin.9,MASTER_WP4_TEAGASC_1__TGS04-29__bin.9,218406/6489/1
DeFilippisF_xxxx__DS_97__bin.11,DeFilippisF_xxxx__DS_97__bin.11,218406/6490/1
MAG_89,MAG_89,218406/6492/1
MASTER_WP4_CSIC_2__P2570__bin.13,MASTER_WP4_CSIC_2__P2570__bin.13,218406/6495/1
MAG_497,MAG_497,218406/6496/1
XieM_2019__SAMC044639__bin.22,XieM_2019__SAMC044639__bin.22,218406/6498/1
LiZ_2019__SRS3379157__bin.3,LiZ_2019__SRS3379157__bin.3,218406/6501/1
DeFilippisF_xxxx__DS_64__bin.3,DeFilippisF_xxxx__DS_64__bin.3,218406/6503/1
LiZ_2019__SRS3379169__bin.2,LiZ_2019__SRS3379169__bin.2,218406/6505/1
FontanaF_2023__SRR20746869__bin.1,FontanaF_2023__SRR20746869__bin.1,218406/6507/1
MASTER_WP4_FFoQSI_1__VB-09-M8__bin.3,MASTER_WP4_FFoQSI_1__VB-09-M8__bin.3,218406/6508/1
MAG_586,MAG_586,218406/6509/1
MAG_617,MAG_617,218406/6511/1
MortensenS_xxxx__WK064-2-G-48h-05H7_S122__bin.5,MortensenS_xxxx__WK064-2-G-48h-05H7_S122__bin.5,218406/6514/1
MAG_435,MAG_435,218406/6515/1
DeFilippisF_xxxx__DF_102__bin.7,DeFilippisF_xxxx__DF_102__bin.7,218406/6518/1
LeechJ_2020__ERS3967715__bin.3,LeechJ_2020__ERS3967715__bin.3,218406/6520/1
MortensenS_xxxx__WK006-2-L-08h-01H5_S47__bin.4,MortensenS_xxxx__WK006-2-L-08h-01H5_S47__bin.4,218406/6522/1
LeechJ_xxxx__AF63__bin.11,LeechJ_xxxx__AF63__bin.11,218406/6524/1
MortensenS_xxxx__WK030-2-G-48h-04A6_S106__bin.3,MortensenS_xxxx__WK030-2-G-48h-04A6_S106__bin.3,218406/6527/1
MotaGutierrezJ_2021__SRR11602143__bin.14,MotaGutierrezJ_2021__SRR11602143__bin.14,218406/6529/1
LimaC_2020__SRR9640354__bin.2,LimaC_2020__SRR9640354__bin.2,218406/6530/1
MAG_464,MAG_464,218406/6531/1
MASTER_WP4_UNINA_1__FO013_71775__bin.7,MASTER_WP4_UNINA_1__FO013_71775__bin.7,218406/6533/1
FontanaF_2023__SRR20746878__bin.2,FontanaF_2023__SRR20746878__bin.2,218406/6536/1
EBC_084.33,EBC_084.33,218406/6539/1
WalshAM_2016__ERS1354645__bin.1,WalshAM_2016__ERS1354645__bin.1,218406/6540/1
KastmanEK_2016__CSB729__bin.5,KastmanEK_2016__CSB729__bin.5,218406/6542/1
CM_UNINA_FFOOD__FFOOD_325__bin.9,CM_UNINA_FFOOD__FFOOD_325__bin.9,218406/6544/1
MortensenS_xxxx__WK011-1-L-08h-02A5_S65__bin.8,MortensenS_xxxx__WK011-1-L-08h-02A5_S65__bin.8,218406/6545/1
LeechJ_xxxx__AF45__bin.5,LeechJ_xxxx__AF45__bin.5,218406/6548/1
DeFilippisF_xxxx__DF_88__bin.5,DeFilippisF_xxxx__DF_88__bin.5,218406/6549/1
DeFilippisF_xxxx__DF_41__bin.5,DeFilippisF_xxxx__DF_41__bin.5,218406/6551/1
FalardeauJ_2023__SRR20811134__bin.1,FalardeauJ_2023__SRR20811134__bin.1,218406/6556/1
LeechJ_xxxx__AF51__bin.5,LeechJ_xxxx__AF51__bin.5,218406/6558/1
MortensenS_xxxx__WK055-2-L-48h-04F5_S21__bin.2,MortensenS_xxxx__WK055-2-L-48h-04F5_S21__bin.2,218406/6559/1
MortensenS_xxxx__WK003-2-L-08h-01G2_S35__bin.1,MortensenS_xxxx__WK003-2-L-08h-01G2_S35__bin.1,218406/6561/1
LeechJ_xxxx__AF09__bin.3,LeechJ_xxxx__AF09__bin.3,218406/6564/1
MortensenS_xxxx__WK032-2-L-48h-03B8_S36__bin.3,MortensenS_xxxx__WK032-2-L-48h-03B8_S36__bin.3,218406/6565/1
MortensenS_xxxx__WK050-1-L-08h-04C7_S125__bin.1,MortensenS_xxxx__WK050-1-L-08h-04C7_S125__bin.1,218406/6566/1
CM_UNINA_FFOOD__FFOOD_290__bin.1,CM_UNINA_FFOOD__FFOOD_290__bin.1,218406/6568/1
YouL_2022__SRR13308529__bin.12,YouL_2022__SRR13308529__bin.12,218406/6569/1
AlvarezOrdonezA_xxxx__R01-18__bin.4,AlvarezOrdonezA_xxxx__R01-18__bin.4,218406/6574/1
MASTER_WP4_CSIC_2__P2614__bin.46,MASTER_WP4_CSIC_2__P2614__bin.46,218406/6575/1
MASTER_WP4_UNINA_2__S-21__bin.4,MASTER_WP4_UNINA_2__S-21__bin.4,218406/6576/1
MASTER_WP4_CSIC_2__P2616__bin.5,MASTER_WP4_CSIC_2__P2616__bin.5,218406/6578/1
LeechJ_2020__ERS3967701__bin.3,LeechJ_2020__ERS3967701__bin.3,218406/6579/1
MASTER_WP4_UNINA_2__T-26.1__bin.5,MASTER_WP4_UNINA_2__T-26.1__bin.5,218406/6583/1
YuY_2022__SRR16950703__bin.3,YuY_2022__SRR16950703__bin.3,218406/6585/1
MAG_159,MAG_159,218406/6586/1
MASTER_WP4_UNINA_1__GO102_71775__bin.42,MASTER_WP4_UNINA_1__GO102_71775__bin.42,218406/6588/1
YouL_2022__SRR13308521__bin.17,YouL_2022__SRR13308521__bin.17,218406/6593/1
MASTER_WP4_TEAGASC_1__TGS15-30__bin.21,MASTER_WP4_TEAGASC_1__TGS15-30__bin.21,218406/6594/1
MortensenS_xxxx__WK007-1-L-08h-01H7_S49__bin.6,MortensenS_xxxx__WK007-1-L-08h-01H7_S49__bin.6,218406/6595/1
FontanaF_2023__SRR20746963__bin.7,FontanaF_2023__SRR20746963__bin.7,218406/6597/1
We2_bin.circ.8,We2_bin.circ.8,218406/6598/1
YuY_2022__SRR16950700__bin.20,YuY_2022__SRR16950700__bin.20,218406/6599/1
SRR10454516C127_okinawensis_assembly,SRR10454516C127_okinawensis_assembly,218406/6602/1
MAG_108,MAG_108,218406/6603/1
MASTER_WP4_CSIC_2__P2517__bin.12,MASTER_WP4_CSIC_2__P2517__bin.12,218406/6605/1
FontanaF_2023__SRR20746870__bin.5,FontanaF_2023__SRR20746870__bin.5,218406/6607/1
CM_UNINA_FFOOD__FFOOD_223__bin.1,CM_UNINA_FFOOD__FFOOD_223__bin.1,218406/6613/1
EBC_024.4,EBC_024.4,218406/6615/1
YangC_2021__SRR13259379__bin.8,YangC_2021__SRR13259379__bin.8,218406/6616/1
LeechJ_xxxx__AF15__bin.4,LeechJ_xxxx__AF15__bin.4,218406/6617/1
AlvarezOrdonezA_xxxx__C06-18__bin.23,AlvarezOrdonezA_xxxx__C06-18__bin.23,218406/6619/1
MagliuloR_2024__SRR28235350__bin.5,MagliuloR_2024__SRR28235350__bin.5,218406/6620/1
MASTER_WP4_UNINA_1__PT008_71775__bin.3,MASTER_WP4_UNINA_1__PT008_71775__bin.3,218406/6623/1
WalshL_xxxx__G11__bin.1,WalshL_xxxx__G11__bin.1,218406/6624/1
LeechJ_2020__ERS3967692__bin.4,LeechJ_2020__ERS3967692__bin.4,218406/6626/1
CM_UNINA_FFOOD__FFOOD_421__bin.7,CM_UNINA_FFOOD__FFOOD_421__bin.7,218406/6627/1
EBC_140.1,EBC_140.1,218406/6628/1
KastmanEK_2016__CSB409__bin.4,KastmanEK_2016__CSB409__bin.4,218406/6632/1
MASTER_WP4_UNINA_2__T-22__bin.24,MASTER_WP4_UNINA_2__T-22__bin.24,218406/6633/1
LeechJ_xxxx__AF66__bin.10,LeechJ_xxxx__AF66__bin.10,218406/6635/1
LandisEA_2021__SRS5653217__bin.2,LandisEA_2021__SRS5653217__bin.2,218406/6640/1
WalshL_xxxx__O3__bin.7,WalshL_xxxx__O3__bin.7,218406/6643/1
WolfeBE_2014__771_Tarentaise__bin.3,WolfeBE_2014__771_Tarentaise__bin.3,218406/6644/1
LeechJ_xxxx__AF59__bin.15,LeechJ_xxxx__AF59__bin.15,218406/6645/1
WalshL_xxxx__H4__bin.3,WalshL_xxxx__H4__bin.3,218406/6646/1
MASTER_WP4_UNINA_1__SP109_71775__bin.29,MASTER_WP4_UNINA_1__SP109_71775__bin.29,218406/6648/1
WalshAM_2020__ERS3466778__bin.1,WalshAM_2020__ERS3466778__bin.1,218406/6649/1
YuY_2022__SRR16950696__bin.17,YuY_2022__SRR16950696__bin.17,218406/6650/1
MASTER_WP4_UNINA_1__AS112_71775__bin.7,MASTER_WP4_UNINA_1__AS112_71775__bin.7,218406/6654/1
MASTER_WP4_CSIC_2__P2558__bin.24,MASTER_WP4_CSIC_2__P2558__bin.24,218406/6656/1
FontanaF_2023__SRR20746941__bin.1,FontanaF_2023__SRR20746941__bin.1,218406/6658/1
WalshL_xxxx__U-2-9__bin.3,WalshL_xxxx__U-2-9__bin.3,218406/6661/1
MASTER_WP4_FFoQSI_3__VB15-29__bin.39,MASTER_WP4_FFoQSI_3__VB15-29__bin.39,218406/6663/1
MASTER_WP4_UNINA_1__PU007_71775__bin.4,MASTER_WP4_UNINA_1__PU007_71775__bin.4,218406/6664/1
MASTER_WP4_TEAGASC_1__TGS15-30__bin.15,MASTER_WP4_TEAGASC_1__TGS15-30__bin.15,218406/6665/1
MortensenS_xxxx__WK036-2-L-08h-03D5_S51__bin.7,MortensenS_xxxx__WK036-2-L-08h-03D5_S51__bin.7,218406/6667/1
MortensenS_xxxx__WK042-1-L-48h-03G1_S74__bin.2,MortensenS_xxxx__WK042-1-L-48h-03G1_S74__bin.2,218406/6670/1
DuR_2020__DRS139335__bin.15,DuR_2020__DRS139335__bin.15,218406/6674/1
YulandiA_2020__SRS6115052__bin.29,YulandiA_2020__SRS6115052__bin.29,218406/6675/1
MortensenS_xxxx__WK029-1-L-48h-03A3_S22__bin.3,MortensenS_xxxx__WK029-1-L-48h-03A3_S22__bin.3,218406/6677/1
MortensenS_xxxx__WK059-2-L-48h-04H3_S37__bin.2,MortensenS_xxxx__WK059-2-L-48h-04H3_S37__bin.2,218406/6678/1
WolfeBE_2014__491_Bayley__bin.10,WolfeBE_2014__491_Bayley__bin.10,218406/6679/1
FontanaF_2023__SRR20746855__bin.7,FontanaF_2023__SRR20746855__bin.7,218406/6683/1
MASTER_WP4_UNINA_1__GO004_71775__bin.26,MASTER_WP4_UNINA_1__GO004_71775__bin.26,218406/6684/1
MortensenS_xxxx__WK062-1-L-48h-04I4_S47__bin.2,MortensenS_xxxx__WK062-1-L-48h-04I4_S47__bin.2,218406/6688/1
MASTER_WP4_CSIC_1__P2235_73323__bin.9,MASTER_WP4_CSIC_1__P2235_73323__bin.9,218406/6689/1
DeFilippisF_xxxx__DS_66__bin.4,DeFilippisF_xxxx__DS_66__bin.4,218406/6692/1
MAG_55,MAG_55,218406/6693/1
MotaGutierrezJ_2021__SRR11602148__bin.4,MotaGutierrezJ_2021__SRR11602148__bin.4,218406/6694/1
MASTER_WP4_UNINA_1__PA012_73417__bin.5,MASTER_WP4_UNINA_1__PA012_73417__bin.5,218406/6695/1
MASTER_WP4_FFoQSI_1__DC18-F-AR__bin.2,MASTER_WP4_FFoQSI_1__DC18-F-AR__bin.2,218406/6696/1
MASTER_WP4_UNINA_2__I-22__bin.16,MASTER_WP4_UNINA_2__I-22__bin.16,218406/6698/1
FalardeauJ_2023__SRR20811133__bin.5,FalardeauJ_2023__SRR20811133__bin.5,218406/6699/1
CM_UNINA_FFOOD__FFOOD_318__bin.5,CM_UNINA_FFOOD__FFOOD_318__bin.5,218406/6704/1
MASTER_WP4_CSIC_2__P2586__bin.9,MASTER_WP4_CSIC_2__P2586__bin.9,218406/6708/1
MASTER_WP4_UNINA_2__T-25.1__bin.5,MASTER_WP4_UNINA_2__T-25.1__bin.5,218406/6710/1
AlvarezOrdonezA_xxxx__Q03-23__bin.4,AlvarezOrdonezA_xxxx__Q03-23__bin.4,218406/6711/1
LeechJ_2020__ERS3967717__bin.4,LeechJ_2020__ERS3967717__bin.4,218406/6712/1
FalardeauJ_2023__SRR20811134__bin.11,FalardeauJ_2023__SRR20811134__bin.11,218406/6714/1
MASTER_WP4_FFoQSI_1__VB-15-M10__bin.10,MASTER_WP4_FFoQSI_1__VB-15-M10__bin.10,218406/6716/1
DeFilippisF_xxxx__DF_34__bin.26,DeFilippisF_xxxx__DF_34__bin.26,218406/6717/1
AlvarezOrdonezA_xxxx__Q08-26__bin.9,AlvarezOrdonezA_xxxx__Q08-26__bin.9,218406/6720/1
DeFilippisF_xxxx__DF_11__bin.21,DeFilippisF_xxxx__DF_11__bin.21,218406/6722/1
MotaGutierrezJ_2021__SRR11602141__bin.21,MotaGutierrezJ_2021__SRR11602141__bin.21,218406/6725/1
MASTER_WP4_FFoQSI_3__VB13-30__bin.31,MASTER_WP4_FFoQSI_3__VB13-30__bin.31,218406/6726/1
FontanaF_2023__SRR20746822__bin.3,FontanaF_2023__SRR20746822__bin.3,218406/6729/1
MASTER_WP4_CSIC_1__P2227_73323__bin.5,MASTER_WP4_CSIC_1__P2227_73323__bin.5,218406/6730/1
LeechJ_2020__ERS3967698__bin.4,LeechJ_2020__ERS3967698__bin.4,218406/6732/1
WalshL_xxxx__F5__bin.5,WalshL_xxxx__F5__bin.5,218406/6733/1
MASTER_WP4_FFoQSI_2__VB08-26__bin.7,MASTER_WP4_FFoQSI_2__VB08-26__bin.7,218406/6734/1
MAG_30,MAG_30,218406/6735/1
SternesPR_2017__Y2D1_B_shotgun__bin.1,SternesPR_2017__Y2D1_B_shotgun__bin.1,218406/6740/1
LeechJ_2020__ERS3967734__bin.8,LeechJ_2020__ERS3967734__bin.8,218406/6742/1
Nixt_bin.2,Nixt_bin.2,218406/6747/1
AlvarezOrdonezA_xxxx__C07-19__bin.8,AlvarezOrdonezA_xxxx__C07-19__bin.8,218406/6749/1
MASTER_WP4_FFoQSI_3__VB13-29__bin.20,MASTER_WP4_FFoQSI_3__VB13-29__bin.20,218406/6750/1
LeechJ_2020__ERS3967741__bin.13,LeechJ_2020__ERS3967741__bin.13,218406/6751/1
LeechJ_2020__ERS3967724__bin.1,LeechJ_2020__ERS3967724__bin.1,218406/6752/1
MAG_61,MAG_61,218406/6753/1
MASTER_WP4_TEAGASC_1__TGS04-28__bin.14,MASTER_WP4_TEAGASC_1__TGS04-28__bin.14,218406/6754/1
MAG_92,MAG_92,218406/6757/1
YuY_2022__SRR16950699__bin.12,YuY_2022__SRR16950699__bin.12,218406/6761/1
MASTER_WP4_CSIC_2__P2599__bin.33,MASTER_WP4_CSIC_2__P2599__bin.33,218406/6762/1
DeFilippisF_xxxx__DF_11__bin.15,DeFilippisF_xxxx__DF_11__bin.15,218406/6766/1
EinsonEJ_2018__SRS2706107__bin.2,EinsonEJ_2018__SRS2706107__bin.2,218406/6769/1
MASTER_WP4_FFoQSI_2__VB16-22__bin.11,MASTER_WP4_FFoQSI_2__VB16-22__bin.11,218406/6770/1
MASTER_WP4_FFoQSI_2__VB16-30__bin.16,MASTER_WP4_FFoQSI_2__VB16-30__bin.16,218406/6771/1
MASTER_WP4_FFoQSI_2__VB15-27__bin.5,MASTER_WP4_FFoQSI_2__VB15-27__bin.5,218406/6772/1
CM_UNINA_FFOOD__FFOOD_284__bin.13,CM_UNINA_FFOOD__FFOOD_284__bin.13,218406/6773/1
WolfeBE_2014__575_CabotClothbound__bin.6,WolfeBE_2014__575_CabotClothbound__bin.6,218406/6774/1
DeFilippisF_xxxx__DF_96__bin.5,DeFilippisF_xxxx__DF_96__bin.5,218406/6778/1
SRR10454517C1506_cerevisiae_assembly,SRR10454517C1506_cerevisiae_assembly,218406/6780/1
KastmanEK_2016__CSB737__bin.5,KastmanEK_2016__CSB737__bin.5,218406/6781/1
MortensenS_xxxx__WK064-2-L-08h-05A4_S56__bin.11,MortensenS_xxxx__WK064-2-L-08h-05A4_S56__bin.11,218406/6785/1
AlvarezOrdonezA_xxxx__Q01-22__bin.18,AlvarezOrdonezA_xxxx__Q01-22__bin.18,218406/6786/1
FontanaF_2023__SRR20746952__bin.5,FontanaF_2023__SRR20746952__bin.5,218406/6787/1
MortensenS_xxxx__WK006-1-L-48h-01H4_S46__bin.12,MortensenS_xxxx__WK006-1-L-48h-01H4_S46__bin.12,218406/6789/1
MASTER_WP4_CSIC_2__P2636__bin.4,MASTER_WP4_CSIC_2__P2636__bin.4,218406/6790/1
MAG_305,MAG_305,218406/6793/1
MortensenS_xxxx__WK061-2-G-48h-05H4_S119__bin.2,MortensenS_xxxx__WK061-2-G-48h-05H4_S119__bin.2,218406/6797/1
MASTER_WP4_UNINA_1__AS107_71775__bin.1,MASTER_WP4_UNINA_1__AS107_71775__bin.1,218406/6800/1
SEM_47_S64.31,SEM_47_S64.31,218406/6802/1
MASTER_WP4_CSIC_1__P2134_73322__bin.3,MASTER_WP4_CSIC_1__P2134_73322__bin.3,218406/6803/1
MortensenS_xxxx__WK044-2-L-48h-03H2_S84__bin.1,MortensenS_xxxx__WK044-2-L-48h-03H2_S84__bin.1,218406/6804/1
YasirM_2022__SRR18335011__bin.2,YasirM_2022__SRR18335011__bin.2,218406/6805/1
MASTER_WP4_CSIC_1__P2239_73323__bin.10,MASTER_WP4_CSIC_1__P2239_73323__bin.10,218406/6807/1
LeechJ_2020__ERS3967690__bin.3,LeechJ_2020__ERS3967690__bin.3,218406/6809/1
MortensenS_xxxx__WK003-1-L-48h-01G1_S34__bin.2,MortensenS_xxxx__WK003-1-L-48h-01G1_S34__bin.2,218406/6810/1
MASTER_WP4_TEAGASC_1__TGS08-29__bin.55,MASTER_WP4_TEAGASC_1__TGS08-29__bin.55,218406/6812/1
MAG_354,MAG_354,218406/6819/1
MASTER_WP4_UNINA_1__PB007_73417__bin.9,MASTER_WP4_UNINA_1__PB007_73417__bin.9,218406/6821/1
MortensenS_xxxx__WK003-1-L-48h-01G1_S34__bin.10,MortensenS_xxxx__WK003-1-L-48h-01G1_S34__bin.10,218406/6822/1
DeFilippisF_xxxx__DF_104__bin.11,DeFilippisF_xxxx__DF_104__bin.11,218406/6823/1
MASTER_WP4_FFoQSI_2__VB15-22__bin.6,MASTER_WP4_FFoQSI_2__VB15-22__bin.6,218406/6824/1
SternesPR_2017__Y3D1_A_shotgun__bin.6,SternesPR_2017__Y3D1_A_shotgun__bin.6,218406/6825/1
ChaconVargasK_2020__SRS6087094__bin.4,ChaconVargasK_2020__SRS6087094__bin.4,218406/6826/1
MASTER_WP4_FFoQSI_2__VB04-27__bin.3,MASTER_WP4_FFoQSI_2__VB04-27__bin.3,218406/6827/1
MASTER_WP4_CSIC_2__P2627__bin.7,MASTER_WP4_CSIC_2__P2627__bin.7,218406/6828/1
MASTER_WP4_TEAGASC_1__TGS13-30__bin.5,MASTER_WP4_TEAGASC_1__TGS13-30__bin.5,218406/6830/1
MAG_176,MAG_176,218406/6839/1
MortensenS_xxxx__WK033-1-L-48h-03C1_S38__bin.3,MortensenS_xxxx__WK033-1-L-48h-03C1_S38__bin.3,218406/6840/1
MASTER_WP4_CSIC_1__P2137_73322__bin.62,MASTER_WP4_CSIC_1__P2137_73322__bin.62,218406/6841/1
MASTER_WP4_TEAGASC_1__TGS03-22__bin.3,MASTER_WP4_TEAGASC_1__TGS03-22__bin.3,218406/6842/1
FalardeauJ_2023__SRR20811282__bin.2,FalardeauJ_2023__SRR20811282__bin.2,218406/6844/1
ODFM-BA-A-0033-002_Haladaptatus_cibarius_D43,ODFM-BA-A-0033-002_Haladaptatus_cibarius_D43,218406/6845/1
SulaimanJ_2014__SRS398267__bin.6,SulaimanJ_2014__SRS398267__bin.6,218406/6846/1
MASTER_WP4_FFoQSI_1__VB-15-M10__bin.6,MASTER_WP4_FFoQSI_1__VB-15-M10__bin.6,218406/6848/1
AlvarezOrdonezA_xxxx__Q04-26__bin.13,AlvarezOrdonezA_xxxx__Q04-26__bin.13,218406/6849/1
MASTER_WP4_CSIC_1__P2137_73322__bin.33,MASTER_WP4_CSIC_1__P2137_73322__bin.33,218406/6854/1
CM_UNINA_FFOOD__FFOOD_256__bin.2,CM_UNINA_FFOOD__FFOOD_256__bin.2,218406/6857/1
LeechJ_xxxx__AF53__bin.2,LeechJ_xxxx__AF53__bin.2,218406/6860/1
MASTER_WP4_TEAGASC_1__TGS04-23__bin.9,MASTER_WP4_TEAGASC_1__TGS04-23__bin.9,218406/6862/1
MacoriG_2019__CS_R36__bin.1,MacoriG_2019__CS_R36__bin.1,218406/6863/1
MASTER_WP4_TEAGASC_1__TGS08-29__bin.61,MASTER_WP4_TEAGASC_1__TGS08-29__bin.61,218406/6864/1
WalshL_xxxx__H3_S87__bin.34,WalshL_xxxx__H3_S87__bin.34,218406/6866/1
MAG_360,MAG_360,218406/6867/1
MASTER_WP4_FFoQSI_2__VB10-30__bin.20,MASTER_WP4_FFoQSI_2__VB10-30__bin.20,218406/6868/1
MASTER_WP4_CSIC_2__P2502__bin.5,MASTER_WP4_CSIC_2__P2502__bin.5,218406/6870/1
MotaGutierrezJ_2021__SRR11602156__bin.13,MotaGutierrezJ_2021__SRR11602156__bin.13,218406/6875/1
MortensenS_xxxx__WK013-1-L-48h-02B5_S74__bin.2,MortensenS_xxxx__WK013-1-L-48h-02B5_S74__bin.2,218406/6878/1
KharnaiorP_2023__SRR22859377__bin.2,KharnaiorP_2023__SRR22859377__bin.2,218406/6880/1
MAG_331,MAG_331,218406/6881/1
MAG_113,MAG_113,218406/6882/1
PothakosV_2020__ERS2068301__bin.6,PothakosV_2020__ERS2068301__bin.6,218406/6883/1
WalshAM_2016__ERS1354642__bin.5,WalshAM_2016__ERS1354642__bin.5,218406/6884/1
LeechJ_xxxx__AF42__bin.1,LeechJ_xxxx__AF42__bin.1,218406/6885/1
MASTER_WP4_CSIC_1__P2146_73322__bin.6,MASTER_WP4_CSIC_1__P2146_73322__bin.6,218406/6887/1
MortensenS_xxxx__WK044-1-L-48h-03G9_S82__bin.5,MortensenS_xxxx__WK044-1-L-48h-03G9_S82__bin.5,218406/6889/1
MASTER_WP4_UNINA_1__AS211_71775__bin.12,MASTER_WP4_UNINA_1__AS211_71775__bin.12,218406/6897/1
MASTER_WP4_UNINA_2__O-30__bin.13,MASTER_WP4_UNINA_2__O-30__bin.13,218406/6898/1
MortensenS_xxxx__WK041-2-L-08h-03F7_S71__bin.3,MortensenS_xxxx__WK041-2-L-08h-03F7_S71__bin.3,218406/6899/1
MortensenS_xxxx__WK006-2-G-48h-01C9_S6__bin.4,MortensenS_xxxx__WK006-2-G-48h-01C9_S6__bin.4,218406/6901/1
YuY_2022__SRR16950702__bin.15,YuY_2022__SRR16950702__bin.15,218406/6902/1
LiZ_2018__SRS2920550__bin.9,LiZ_2018__SRS2920550__bin.9,218406/6903/1
MAG_142,MAG_142,218406/6904/1
MortensenS_xxxx__WK032-1-L-48h-03B6_S34__bin.2,MortensenS_xxxx__WK032-1-L-48h-03B6_S34__bin.2,218406/6906/1
MAG_393,MAG_393,218406/6910/1
LeechJ_xxxx__AF24__bin.6,LeechJ_xxxx__AF24__bin.6,218406/6912/1
MAG_383,MAG_383,218406/6915/1
DeFilippisF_xxxx__DF_117__bin.6,DeFilippisF_xxxx__DF_117__bin.6,218406/6916/1
YasirM_2022__SRR18334999__bin.1,YasirM_2022__SRR18334999__bin.1,218406/6918/1
LeechJ_2020__ERS3967700__bin.2,LeechJ_2020__ERS3967700__bin.2,218406/6919/1
MASTER_WP4_CSIC_1__P2137_73322__bin.46,MASTER_WP4_CSIC_1__P2137_73322__bin.46,218406/6920/1
MASTER_WP4_CSIC_2__P2559__bin.12,MASTER_WP4_CSIC_2__P2559__bin.12,218406/6924/1
AlvarezOrdonezA_xxxx__F06-19__bin.2,AlvarezOrdonezA_xxxx__F06-19__bin.2,218406/6928/1
MASTER_WP4_UNINA_1__MV011_71775__bin.1,MASTER_WP4_UNINA_1__MV011_71775__bin.1,218406/6929/1
MASTER_WP4_UNINA_1__GO102_71775__bin.18,MASTER_WP4_UNINA_1__GO102_71775__bin.18,218406/6930/1
MASTER_WP4_TEAGASC_1__TGS07-22__bin.5,MASTER_WP4_TEAGASC_1__TGS07-22__bin.5,218406/6931/1
MASTER_WP4_UNINA_1__PM003_71775__bin.17,MASTER_WP4_UNINA_1__PM003_71775__bin.17,218406/6933/1
MASTER_WP4_CSIC_1__P2134_73322__bin.21,MASTER_WP4_CSIC_1__P2134_73322__bin.21,218406/6935/1
AlvarezOrdonezA_xxxx__F03-18__bin.18,AlvarezOrdonezA_xxxx__F03-18__bin.18,218406/6938/1
MASTER_WP4_CSIC_1__P2137_73322__bin.17,MASTER_WP4_CSIC_1__P2137_73322__bin.17,218406/6940/1
WalshL_xxxx__F12__bin.1,WalshL_xxxx__F12__bin.1,218406/6943/1
MAG_103,MAG_103,218406/6944/1
MASTER_WP4_FFoQSI_2__VB06-30__bin.17,MASTER_WP4_FFoQSI_2__VB06-30__bin.17,218406/6946/1
FalardeauJ_2023__SRR20811223__bin.7,FalardeauJ_2023__SRR20811223__bin.7,218406/6948/1
MASTER_WP4_CSIC_1__P2235_73323__bin.23,MASTER_WP4_CSIC_1__P2235_73323__bin.23,218406/6949/1
MASTER_WP4_UNINA_2__C-22__bin.5,MASTER_WP4_UNINA_2__C-22__bin.5,218406/6951/1
MASTER_WP4_UNINA_1__GR002_73417__bin.7,MASTER_WP4_UNINA_1__GR002_73417__bin.7,218406/6952/1
MortensenS_xxxx__WK020-2-L-08h-02E7_S103__bin.3,MortensenS_xxxx__WK020-2-L-08h-02E7_S103__bin.3,218406/6957/1
CM_UNINA_FFOOD__FFOOD_249__bin.3,CM_UNINA_FFOOD__FFOOD_249__bin.3,218406/6959/1
WalshL_xxxx__H3_S87__bin.24,WalshL_xxxx__H3_S87__bin.24,218406/6961/1
AlvarezOrdonezA_xxxx__Q08-22__bin.12,AlvarezOrdonezA_xxxx__Q08-22__bin.12,218406/6962/1
MortensenS_xxxx__WK064-2-L-48h-05A5_S57__bin.4,MortensenS_xxxx__WK064-2-L-48h-05A5_S57__bin.4,218406/6963/1
AlvarezOrdonezA_xxxx__Q02-28__bin.22,AlvarezOrdonezA_xxxx__Q02-28__bin.22,218406/6966/1
FontanaF_2023__SRR20746824__bin.6,FontanaF_2023__SRR20746824__bin.6,218406/6967/1
MASTER_WP4_CSIC_2__P2566__bin.17,MASTER_WP4_CSIC_2__P2566__bin.17,218406/6969/1
DeFilippisF_xxxx__DF_67__bin.10,DeFilippisF_xxxx__DF_67__bin.10,218406/6973/1
LeechJ_xxxx__AF88__bin.7,LeechJ_xxxx__AF88__bin.7,218406/6974/1
SEM_47_S64.44,SEM_47_S64.44,218406/6976/1
DeFilippisF_xxxx__DF_45__bin.7,DeFilippisF_xxxx__DF_45__bin.7,218406/6978/1
MASTER_WP4_FFoQSI_1__VB-06-BG__bin.35,MASTER_WP4_FFoQSI_1__VB-06-BG__bin.35,218406/6979/1
LeechJ_xxxx__AF41__bin.7,LeechJ_xxxx__AF41__bin.7,218406/6981/1
MortensenS_xxxx__WK027-1-L-08h-02I3_S13__bin.6,MortensenS_xxxx__WK027-1-L-08h-02I3_S13__bin.6,218406/6982/1
DuR_2020__DRS139334__bin.17,DuR_2020__DRS139334__bin.17,218406/6985/1
AlvarezOrdonezA_xxxx__Q06-30__bin.8,AlvarezOrdonezA_xxxx__Q06-30__bin.8,218406/6986/1
FontanaF_2023__SRR20746937__bin.4,FontanaF_2023__SRR20746937__bin.4,218406/6991/1
MASTER_WP4_FFoQSI_2__VB06-30__bin.23,MASTER_WP4_FFoQSI_2__VB06-30__bin.23,218406/6994/1
MASTER_WP4_FFoQSI_3__VB07-21__bin.3,MASTER_WP4_FFoQSI_3__VB07-21__bin.3,218406/6995/1
CM_UNINA_FFOOD__FFOOD_420__bin.6,CM_UNINA_FFOOD__FFOOD_420__bin.6,218406/6997/1
CM_UNINA_FFOOD__FFOOD_383__bin.8,CM_UNINA_FFOOD__FFOOD_383__bin.8,218406/6998/1
MASTER_WP4_UNINA_1__PV005_71775__bin.8,MASTER_WP4_UNINA_1__PV005_71775__bin.8,218406/6999/1
LeechJ_xxxx__AF72__bin.2,LeechJ_xxxx__AF72__bin.2,218406/7000/1
LeechJ_2020__ERS3967722__bin.4,LeechJ_2020__ERS3967722__bin.4,218406/7001/1
AlvarezOrdonezA_xxxx__F01-19__bin.2,AlvarezOrdonezA_xxxx__F01-19__bin.2,218406/7004/1
KastmanEK_2016__CSB600__bin.4,KastmanEK_2016__CSB600__bin.4,218406/7010/1
KastmanEK_2016__CSB720__bin.3,KastmanEK_2016__CSB720__bin.3,218406/7011/1
MASTER_WP4_UNINA_2__O-27__bin.8,MASTER_WP4_UNINA_2__O-27__bin.8,218406/7015/1
LandisEA_2021__SRS5653399__bin.3,LandisEA_2021__SRS5653399__bin.3,218406/7016/1
MASTER_WP4_UNINA_1__PA207_73417__bin.2,MASTER_WP4_UNINA_1__PA207_73417__bin.2,218406/7017/1
LeechJ_xxxx__AF14__bin.5,LeechJ_xxxx__AF14__bin.5,218406/7019/1
MAG_195,MAG_195,218406/7020/1
MASTER_WP4_UNINA_2__M-22__bin.16,MASTER_WP4_UNINA_2__M-22__bin.16,218406/7021/1
MASTER_WP4_CSIC_2__P2615__bin.21,MASTER_WP4_CSIC_2__P2615__bin.21,218406/7026/1
MASTER_WP4_CSIC_2__P2517__bin.19,MASTER_WP4_CSIC_2__P2517__bin.19,218406/7027/1
MASTER_WP4_TEAGASC_1__TGS08-29__bin.45,MASTER_WP4_TEAGASC_1__TGS08-29__bin.45,218406/7028/1
YangC_2021__SRR13259379__bin.3,YangC_2021__SRR13259379__bin.3,218406/7030/1
MASTER_WP4_CSIC_2__P2574__bin.24,MASTER_WP4_CSIC_2__P2574__bin.24,218406/7033/1
MortensenS_xxxx__WK037-2-L-48h-03E1_S56__bin.3,MortensenS_xxxx__WK037-2-L-48h-03E1_S56__bin.3,218406/7034/1
MASTER_WP4_FFoQSI_2__VB05-30__bin.16,MASTER_WP4_FFoQSI_2__VB05-30__bin.16,218406/7036/1
MASTER_WP4_UNINA_1__PM003_71775__bin.5,MASTER_WP4_UNINA_1__PM003_71775__bin.5,218406/7037/1
MASTER_WP4_FFoQSI_2__VB11-22__bin.10,MASTER_WP4_FFoQSI_2__VB11-22__bin.10,218406/7038/1
FalardeauJ_2023__SRR20811276__bin.5,FalardeauJ_2023__SRR20811276__bin.5,218406/7041/1
EBC_147.23,EBC_147.23,218406/7046/1
CM_UNINA_FFOOD__FFOOD_313__bin.4,CM_UNINA_FFOOD__FFOOD_313__bin.4,218406/7049/1
MASTER_WP4_TEAGASC_1__TGS11-22__bin.3,MASTER_WP4_TEAGASC_1__TGS11-22__bin.3,218406/7050/1
MASTER_WP4_FFoQSI_3__VB07-30__bin.45,MASTER_WP4_FFoQSI_3__VB07-30__bin.45,218406/7052/1
MASTER_WP4_CSIC_2__P2599__bin.8,MASTER_WP4_CSIC_2__P2599__bin.8,218406/7053/1
CM_UNINA_FFOOD__FFOOD_396__bin.2,CM_UNINA_FFOOD__FFOOD_396__bin.2,218406/7054/1
AlvarezOrdonezA_xxxx__Q07-22__bin.8,AlvarezOrdonezA_xxxx__Q07-22__bin.8,218406/7055/1
FalardeauJ_2023__SRR20811174__bin.2,FalardeauJ_2023__SRR20811174__bin.2,218406/7058/1
MAG_82,MAG_82,218406/7059/1
MASTER_WP4_FFoQSI_3__VB07-22__bin.13,MASTER_WP4_FFoQSI_3__VB07-22__bin.13,218406/7061/1
MASTER_WP4_UNINA_1__SA009_71775__bin.15,MASTER_WP4_UNINA_1__SA009_71775__bin.15,218406/7064/1
MASTER_WP4_CSIC_2__P2635__bin.13,MASTER_WP4_CSIC_2__P2635__bin.13,218406/7067/1
MortensenS_xxxx__WK036-2-L-48h-03D6_S52__bin.5,MortensenS_xxxx__WK036-2-L-48h-03D6_S52__bin.5,218406/7069/1
MASTER_WP4_FFoQSI_1__DC18-032__bin.18,MASTER_WP4_FFoQSI_1__DC18-032__bin.18,218406/7071/1
DeFilippisF_xxxx__DF_5__bin.11,DeFilippisF_xxxx__DF_5__bin.11,218406/7072/1
WolfeBE_2014__950_Rush_Creek__bin.5,WolfeBE_2014__950_Rush_Creek__bin.5,218406/7073/1
LeechJ_xxxx__AF58__bin.3,LeechJ_xxxx__AF58__bin.3,218406/7076/1
MASTER_WP4_UNINA_1__MO013_71775__bin.6,MASTER_WP4_UNINA_1__MO013_71775__bin.6,218406/7078/1
AlvarezOrdonezA_xxxx__Q05-26__bin.2,AlvarezOrdonezA_xxxx__Q05-26__bin.2,218406/7080/1
DeFilippisF_xxxx__DF_6__bin.4,DeFilippisF_xxxx__DF_6__bin.4,218406/7081/1
MortensenS_xxxx__WK066-2-L-48h-05B8_S69__bin.3,MortensenS_xxxx__WK066-2-L-48h-05B8_S69__bin.3,218406/7086/1
LeechJ_xxxx__AF82__bin.10,LeechJ_xxxx__AF82__bin.10,218406/7087/1
YuY_2022__SRR16950704__bin.23,YuY_2022__SRR16950704__bin.23,218406/7089/1
MASTER_WP4_UNINA_1__SP009_71775__bin.31,MASTER_WP4_UNINA_1__SP009_71775__bin.31,218406/7091/1
SulaimanJ_2014__SRS398261__bin.3,SulaimanJ_2014__SRS398261__bin.3,218406/7092/1
MASTER_WP4_FFoQSI_1__VB-16-M16__bin.2,MASTER_WP4_FFoQSI_1__VB-16-M16__bin.2,218406/7095/1
LeechJ_xxxx__AF55__bin.7,LeechJ_xxxx__AF55__bin.7,218406/7096/1
LeechJ_2020__ERS3967715__bin.8,LeechJ_2020__ERS3967715__bin.8,218406/7097/1
WolfeBE_2014__932_Robiola_due_Latte__bin.1,WolfeBE_2014__932_Robiola_due_Latte__bin.1,218406/7098/1
CM_UNINA_FFOOD__FFOOD_326__bin.13,CM_UNINA_FFOOD__FFOOD_326__bin.13,218406/7100/1
WalshL_xxxx__Q4__bin.3,WalshL_xxxx__Q4__bin.3,218406/7102/1
LeechJ_xxxx__AF23__bin.9,LeechJ_xxxx__AF23__bin.9,218406/7104/1
MASTER_WP4_TEAGASC_1__TGS10-29__bin.7,MASTER_WP4_TEAGASC_1__TGS10-29__bin.7,218406/7110/1
MASTER_WP4_UNINA_1__PU010_71775__bin.4,MASTER_WP4_UNINA_1__PU010_71775__bin.4,218406/7113/1
CM_UNINA_FFOOD__FFOOD_325__bin.2,CM_UNINA_FFOOD__FFOOD_325__bin.2,218406/7114/1
FontanaF_2023__SRR20746856__bin.1,FontanaF_2023__SRR20746856__bin.1,218406/7115/1
MagliuloR_2024__SRR28235359__bin.3,MagliuloR_2024__SRR28235359__bin.3,218406/7117/1
MagliuloR_2024__SRR28235390__bin.3,MagliuloR_2024__SRR28235390__bin.3,218406/7118/1
DeFilippisF_xxxx__DS_12__bin.6,DeFilippisF_xxxx__DS_12__bin.6,218406/7119/1
DeFilippisF_xxxx__DS_64__bin.17,DeFilippisF_xxxx__DS_64__bin.17,218406/7121/1
MAG_14,MAG_14,218406/7122/1
P.1_bin.1,P.1_bin.1,218406/7124/1
SRR10454511C706_acetobacter_assembly,SRR10454511C706_acetobacter_assembly,218406/7126/1
XieM_2019__SAMC044639__bin.29,XieM_2019__SAMC044639__bin.29,218406/7131/1
MASTER_WP4_CSIC_1__P2232_73323__bin.8,MASTER_WP4_CSIC_1__P2232_73323__bin.8,218406/7133/1
MilaniC_2019__SRS3591582__bin.9,MilaniC_2019__SRS3591582__bin.9,218406/7136/1
LeechJ_xxxx__AF78__bin.11,LeechJ_xxxx__AF78__bin.11,218406/7137/1
MAG_45,MAG_45,218406/7138/1
MASTER_WP4_CSIC_2__P2584__bin.5,MASTER_WP4_CSIC_2__P2584__bin.5,218406/7140/1
MASTER_WP4_UNINA_1__CS007_71775__bin.15,MASTER_WP4_UNINA_1__CS007_71775__bin.15,218406/7141/1
LeechJ_xxxx__AF22__bin.3,LeechJ_xxxx__AF22__bin.3,218406/7143/1
SRR10454486C2703_ghanensis_assembly,SRR10454486C2703_ghanensis_assembly,218406/7145/1
MASTER_WP4_UNINA_1__FI010_71775__bin.29,MASTER_WP4_UNINA_1__FI010_71775__bin.29,218406/7147/1
DeFilippisF_xxxx__DS_106__bin.5,DeFilippisF_xxxx__DS_106__bin.5,218406/7150/1
ODFM-BA-A-0127-001_Megasphaera_cerevisiae_NSB1,ODFM-BA-A-0127-001_Megasphaera_cerevisiae_NSB1,218406/7151/1
DeFilippisF_xxxx__DF_16__bin.4,DeFilippisF_xxxx__DF_16__bin.4,218406/7155/1
LeechJ_xxxx__AF12__bin.4,LeechJ_xxxx__AF12__bin.4,218406/7156/1
AlvarezOrdonezA_xxxx__C02-19__bin.11,AlvarezOrdonezA_xxxx__C02-19__bin.11,218406/7159/1
MASTER_WP4_UNINA_2__V-23.1__bin.17,MASTER_WP4_UNINA_2__V-23.1__bin.17,218406/7160/1
MASTER_WP4_TEAGASC_1__TGS04-28__bin.10,MASTER_WP4_TEAGASC_1__TGS04-28__bin.10,218406/7164/1
MASTER_WP4_UNINA_1__GO004_71775__bin.16,MASTER_WP4_UNINA_1__GO004_71775__bin.16,218406/7165/1
CM_UNINA_FFOOD__FFOOD_385__bin.9,CM_UNINA_FFOOD__FFOOD_385__bin.9,218406/7167/1
MAG_34,MAG_34,218406/7168/1
LeechJ_2020__ERS3967742__bin.2,LeechJ_2020__ERS3967742__bin.2,218406/7169/1
YouL_2022__SRR13308534__bin.20,YouL_2022__SRR13308534__bin.20,218406/7171/1
MortensenS_xxxx__WK019-2-L-48h-02E4_S100__bin.6,MortensenS_xxxx__WK019-2-L-48h-02E4_S100__bin.6,218406/7172/1
DeFilippisF_xxxx__DF_28__bin.5,DeFilippisF_xxxx__DF_28__bin.5,218406/7173/1
LeechJ_xxxx__AF68__bin.18,LeechJ_xxxx__AF68__bin.18,218406/7174/1
WolfeBE_2014__575_CabotClothbound__bin.2,WolfeBE_2014__575_CabotClothbound__bin.2,218406/7181/1
YangC_2021__SRR13259379__bin.12,YangC_2021__SRR13259379__bin.12,218406/7184/1
MortensenS_xxxx__WK041-2-G-48h-04B8_S117__bin.1,MortensenS_xxxx__WK041-2-G-48h-04B8_S117__bin.1,218406/7185/1
MASTER_WP4_CSIC_1__P2247_73323__bin.8,MASTER_WP4_CSIC_1__P2247_73323__bin.8,218406/7187/1
DeFilippisF_xxxx__DF_101__bin.20,DeFilippisF_xxxx__DF_101__bin.20,218406/7188/1
AlvarezOrdonezA_xxxx__Q07-30__bin.9,AlvarezOrdonezA_xxxx__Q07-30__bin.9,218406/7189/1
FontanaF_2023__SRR20746866__bin.6,FontanaF_2023__SRR20746866__bin.6,218406/7190/1
AlvarezOrdonezA_xxxx__C07-18__bin.6,AlvarezOrdonezA_xxxx__C07-18__bin.6,218406/7191/1
DeFilippisF_xxxx__DF_5__bin.6,DeFilippisF_xxxx__DF_5__bin.6,218406/7194/1
MASTER_WP4_UNINA_1__PM002_71775__bin.19,MASTER_WP4_UNINA_1__PM002_71775__bin.19,218406/7199/1
MAG_96,MAG_96,218406/7202/1
CM_UNINA_FFOOD__FFOOD_373__bin.2,CM_UNINA_FFOOD__FFOOD_373__bin.2,218406/7204/1
LeechJ_xxxx__AF44__bin.13,LeechJ_xxxx__AF44__bin.13,218406/7206/1
MASTER_WP4_UNINA_1__PR102_71775__bin.15,MASTER_WP4_UNINA_1__PR102_71775__bin.15,218406/7207/1
MASTER_WP4_FFoQSI_1__VB-03-M6__bin.47,MASTER_WP4_FFoQSI_1__VB-03-M6__bin.47,218406/7208/1
MASTER_WP4_FFoQSI_1__RC17-032__bin.3,MASTER_WP4_FFoQSI_1__RC17-032__bin.3,218406/7209/1
ODFM-BA-A-0005-002_Lactobacillus_curvatus_WiKim38,ODFM-BA-A-0005-002_Lactobacillus_curvatus_WiKim38,218406/7212/1
WalshL_xxxx__O8__bin.9,WalshL_xxxx__O8__bin.9,218406/7214/1
DeFilippisF_xxxx__DS_107__bin.10,DeFilippisF_xxxx__DS_107__bin.10,218406/7216/1
LeechJ_xxxx__AF56__bin.5,LeechJ_xxxx__AF56__bin.5,218406/7219/1
DeFilippisF_xxxx__DF_52__bin.5,DeFilippisF_xxxx__DF_52__bin.5,218406/7221/1
MASTER_WP4_FFoQSI_1__KM-1D__bin.31,MASTER_WP4_FFoQSI_1__KM-1D__bin.31,218406/7223/1
LeechJ_2020__ERS3967689__bin.3,LeechJ_2020__ERS3967689__bin.3,218406/7224/1
LeechJ_2020__ERS3967723__bin.17,LeechJ_2020__ERS3967723__bin.17,218406/7227/1
MAG_488,MAG_488,218406/7229/1
MortensenS_xxxx__WK007-2-L-48h-01I1_S52__bin.1,MortensenS_xxxx__WK007-2-L-48h-01I1_S52__bin.1,218406/7230/1
MASTER_WP4_CSIC_2__P2619__bin.38,MASTER_WP4_CSIC_2__P2619__bin.38,218406/7231/1
LeechJ_xxxx__AF30__bin.2,LeechJ_xxxx__AF30__bin.2,218406/7233/1
CM_UNINA_FFOOD__FFOOD_414__bin.8,CM_UNINA_FFOOD__FFOOD_414__bin.8,218406/7236/1
MASTER_WP4_FFoQSI_3__VB02-22__bin.2,MASTER_WP4_FFoQSI_3__VB02-22__bin.2,218406/7240/1
MAG_608,MAG_608,218406/7241/1
YangC_2021__SRR13259372__bin.6,YangC_2021__SRR13259372__bin.6,218406/7243/1
LeechJ_2020__ERS3967706__bin.3,LeechJ_2020__ERS3967706__bin.3,218406/7246/1
MASTER_WP4_UNINA_1__TA003_71775__bin.16,MASTER_WP4_UNINA_1__TA003_71775__bin.16,218406/7248/1
MAG_51,MAG_51,218406/7250/1
MortensenS_xxxx__WK018T-2-L-02h-05E1_S89__bin.1,MortensenS_xxxx__WK018T-2-L-02h-05E1_S89__bin.1,218406/7251/1
MortensenS_xxxx__WK062-1-L-48h-04I4_S47__bin.6,MortensenS_xxxx__WK062-1-L-48h-04I4_S47__bin.6,218406/7252/1
CM_UNINA_FFOOD__FFOOD_415__bin.2,CM_UNINA_FFOOD__FFOOD_415__bin.2,218406/7253/1
MASTER_WP4_UNINA_1__CF008_71775__bin.11,MASTER_WP4_UNINA_1__CF008_71775__bin.11,218406/7254/1
MASTER_WP4_FFoQSI_1__VB-08-BD__bin.39,MASTER_WP4_FFoQSI_1__VB-08-BD__bin.39,218406/7255/1
MASTER_WP4_FFoQSI_1__VB-15-BD__bin.16,MASTER_WP4_FFoQSI_1__VB-15-BD__bin.16,218406/7261/1
MASTER_WP4_UNINA_1__GO004_71775__bin.3,MASTER_WP4_UNINA_1__GO004_71775__bin.3,218406/7262/1
DeFilippisF_xxxx__DF_9__bin.8,DeFilippisF_xxxx__DF_9__bin.8,218406/7265/1
CM_UNINA_FFOOD__FFOOD_229__bin.5,CM_UNINA_FFOOD__FFOOD_229__bin.5,218406/7267/1
MASTER_WP4_CSIC_2__P2588__bin.23,MASTER_WP4_CSIC_2__P2588__bin.23,218406/7269/1
LeechJ_xxxx__AF47__bin.6,LeechJ_xxxx__AF47__bin.6,218406/7271/1
EBC_133.14,EBC_133.14,218406/7274/1
FontanaF_2023__SRR20746832__bin.11,FontanaF_2023__SRR20746832__bin.11,218406/7275/1
MortensenS_xxxx__WK045-2-G-48h-04C3_S121__bin.8,MortensenS_xxxx__WK045-2-G-48h-04C3_S121__bin.8,218406/7277/1
MASTER_WP4_FFoQSI_1__VB-15-M10__bin.14,MASTER_WP4_FFoQSI_1__VB-15-M10__bin.14,218406/7278/1
FontanaF_2023__SRR20746964__bin.7,FontanaF_2023__SRR20746964__bin.7,218406/7279/1
YangC_2021__SRR13259379__bin.26,YangC_2021__SRR13259379__bin.26,218406/7282/1
MASTER_WP4_CSIC_1__P2147_73322__bin.39,MASTER_WP4_CSIC_1__P2147_73322__bin.39,218406/7285/1
DeFilippisF_xxxx__DF_101__bin.14,DeFilippisF_xxxx__DF_101__bin.14,218406/7286/1
MASTER_WP4_FFoQSI_1__VB-15-BD__bin.47,MASTER_WP4_FFoQSI_1__VB-15-BD__bin.47,218406/7287/1
CM_UNINA_FFOOD__FFOOD_286__bin.2,CM_UNINA_FFOOD__FFOOD_286__bin.2,218406/7293/1
MortensenS_xxxx__WK056-1-L-48h-04F7_S23__bin.7,MortensenS_xxxx__WK056-1-L-48h-04F7_S23__bin.7,218406/7295/1
MASTER_WP4_CSIC_1__P2158_73322__bin.3,MASTER_WP4_CSIC_1__P2158_73322__bin.3,218406/7296/1
MASTER_WP4_CSIC_1__P2239_73323__bin.20,MASTER_WP4_CSIC_1__P2239_73323__bin.20,218406/7297/1
MASTER_WP4_CSIC_2__P2623__bin.59,MASTER_WP4_CSIC_2__P2623__bin.59,218406/7299/1
LimaC_2020__SRR9640348__bin.16,LimaC_2020__SRR9640348__bin.16,218406/7300/1
MAG_335,MAG_335,218406/7302/1
MASTER_WP4_CSIC_1__P2229_73323__bin.11,MASTER_WP4_CSIC_1__P2229_73323__bin.11,218406/7303/1
MotaGutierrezJ_2021__SRR11602156__bin.17,MotaGutierrezJ_2021__SRR11602156__bin.17,218406/7304/1
MASTER_WP4_CSIC_1__P2247_73323__bin.15,MASTER_WP4_CSIC_1__P2247_73323__bin.15,218406/7309/1
LiZ_2018__SRS2920551__bin.22,LiZ_2018__SRS2920551__bin.22,218406/7310/1
AlvarezOrdonezA_xxxx__Q01-23__bin.3,AlvarezOrdonezA_xxxx__Q01-23__bin.3,218406/7314/1
MASTER_WP4_UNINA_2__V-26.1__bin.14,MASTER_WP4_UNINA_2__V-26.1__bin.14,218406/7316/1
MASTER_WP4_FFoQSI_3__VB14-22__bin.23,MASTER_WP4_FFoQSI_3__VB14-22__bin.23,218406/7318/1
MAG_146,MAG_146,218406/7319/1
MASTER_WP4_TEAGASC_1__TGS08-29__bin.65,MASTER_WP4_TEAGASC_1__TGS08-29__bin.65,218406/7320/1
BertuzziAS_2018__ERS2032120__bin.6,BertuzziAS_2018__ERS2032120__bin.6,218406/7321/1
MASTER_WP4_CSIC_2__P2605__bin.5,MASTER_WP4_CSIC_2__P2605__bin.5,218406/7322/1
MASTER_WP4_FFoQSI_1__KM-4G__bin.17,MASTER_WP4_FFoQSI_1__KM-4G__bin.17,218406/7325/1
DeFilippisF_xxxx__DF_96__bin.13,DeFilippisF_xxxx__DF_96__bin.13,218406/7332/1
MASTER_WP4_TEAGASC_1__TGS04-22__bin.7,MASTER_WP4_TEAGASC_1__TGS04-22__bin.7,218406/7333/1
MASTER_WP4_CSIC_1__P2250_73323__bin.3,MASTER_WP4_CSIC_1__P2250_73323__bin.3,218406/7334/1
WolfeBE_2014__926_Bonne_Buche__bin.2,WolfeBE_2014__926_Bonne_Buche__bin.2,218406/7335/1
AlvarezOrdonezA_xxxx__Q01-22__bin.9,AlvarezOrdonezA_xxxx__Q01-22__bin.9,218406/7336/1
LimaC_2020__SRR9640352__bin.14,LimaC_2020__SRR9640352__bin.14,218406/7337/1
KharnaiorP_2023__SRR22859377__bin.6,KharnaiorP_2023__SRR22859377__bin.6,218406/7338/1
MortensenS_xxxx__WK040-2-L-08h-03F3_S67__bin.4,MortensenS_xxxx__WK040-2-L-08h-03F3_S67__bin.4,218406/7341/1
MAG_397,MAG_397,218406/7342/1
FontanaF_2023__SRR20746827__bin.4,FontanaF_2023__SRR20746827__bin.4,218406/7345/1
DeFilippisF_xxxx__DF_39__bin.12,DeFilippisF_xxxx__DF_39__bin.12,218406/7350/1
ChaconVargasK_2020__SRS6087088__bin.7,ChaconVargasK_2020__SRS6087088__bin.7,218406/7351/1
MASTER_WP4_FFoQSI_1__VB14-F-AR__bin.1,MASTER_WP4_FFoQSI_1__VB14-F-AR__bin.1,218406/7352/1
AlvarezOrdonezA_xxxx__Q02-23__bin.14,AlvarezOrdonezA_xxxx__Q02-23__bin.14,218406/7353/1
FontanaF_2023__SRR20746934__bin.6,FontanaF_2023__SRR20746934__bin.6,218406/7355/1
MASTER_WP4_TEAGASC_1__TGS15-28__bin.26,MASTER_WP4_TEAGASC_1__TGS15-28__bin.26,218406/7357/1
MASTER_WP4_FFoQSI_3__VB14-22__bin.17,MASTER_WP4_FFoQSI_3__VB14-22__bin.17,218406/7358/1
MASTER_WP4_FFoQSI_3__VB14-22__bin.4,MASTER_WP4_FFoQSI_3__VB14-22__bin.4,218406/7360/1
MASTER_WP4_FFoQSI_2__VB06-29__bin.12,MASTER_WP4_FFoQSI_2__VB06-29__bin.12,218406/7366/1
MAG_301,MAG_301,218406/7367/1
FalardeauJ_2023__SRR20811293__bin.5,FalardeauJ_2023__SRR20811293__bin.5,218406/7368/1
MASTER_WP4_CSIC_2__P2618__bin.8,MASTER_WP4_CSIC_2__P2618__bin.8,218406/7371/1
MotaGutierrezJ_2021__SRR11602144__bin.24,MotaGutierrezJ_2021__SRR11602144__bin.24,218406/7374/1
CM_UNINA_FFOOD__FFOOD_405__bin.12,CM_UNINA_FFOOD__FFOOD_405__bin.12,218406/7375/1
MASTER_WP4_FFoQSI_1__VB-08-AG__bin.31,MASTER_WP4_FFoQSI_1__VB-08-AG__bin.31,218406/7378/1
MASTER_WP4_FFoQSI_2__VB10-30__bin.10,MASTER_WP4_FFoQSI_2__VB10-30__bin.10,218406/7379/1
CM_UNINA_FFOOD__FFOOD_359__bin.3,CM_UNINA_FFOOD__FFOOD_359__bin.3,218406/7381/1
MortensenS_xxxx__WK058-1-L-48h-04G6_S31__bin.6,MortensenS_xxxx__WK058-1-L-48h-04G6_S31__bin.6,218406/7383/1
MASTER_WP4_CSIC_1__P2134_73322__bin.7,MASTER_WP4_CSIC_1__P2134_73322__bin.7,218406/7384/1
MortensenS_xxxx__WK024-2-G-48h-01E9_S24__bin.3,MortensenS_xxxx__WK024-2-G-48h-01E9_S24__bin.3,218406/7387/1
MASTER_WP4_TEAGASC_1__TGS03-22__bin.7,MASTER_WP4_TEAGASC_1__TGS03-22__bin.7,218406/7388/1
MASTER_WP4_UNINA_1__AS107_71775__bin.5,MASTER_WP4_UNINA_1__AS107_71775__bin.5,218406/7389/1
MASTER_WP4_CSIC_1__P2138_73322__bin.16,MASTER_WP4_CSIC_1__P2138_73322__bin.16,218406/7391/1
MortensenS_xxxx__WK064-1-L-48h-05A3_S55__bin.3,MortensenS_xxxx__WK064-1-L-48h-05A3_S55__bin.3,218406/7392/1
MAG_123,MAG_123,218406/7397/1
MASTER_WP4_CSIC_1__P2137_73322__bin.37,MASTER_WP4_CSIC_1__P2137_73322__bin.37,218406/7399/1
AlvarezOrdonezA_xxxx__Q04-27__bin.9,AlvarezOrdonezA_xxxx__Q04-27__bin.9,218406/7401/1
FontanaF_2023__SRR20746925__bin.5,FontanaF_2023__SRR20746925__bin.5,218406/7404/1
YasirM_2022__SRR18334997__bin.7,YasirM_2022__SRR18334997__bin.7,218406/7405/1
MASTER_WP4_UNINA_2__V-23__bin.14,MASTER_WP4_UNINA_2__V-23__bin.14,218406/7408/1
LeechJ_xxxx__AF06__bin.4,LeechJ_xxxx__AF06__bin.4,218406/7409/1
AlvarezOrdonezA_xxxx__C05-18__bin.5,AlvarezOrdonezA_xxxx__C05-18__bin.5,218406/7410/1
MASTER_WP4_UNINA_1__AS212_71775__bin.14,MASTER_WP4_UNINA_1__AS212_71775__bin.14,218406/7411/1
DeFilippisF_xxxx__DS_112__bin.5,DeFilippisF_xxxx__DS_112__bin.5,218406/7413/1
MASTER_WP4_CSIC_1__P2137_73322__bin.66,MASTER_WP4_CSIC_1__P2137_73322__bin.66,218406/7415/1
YuY_2022__SRR16950697__bin.11,YuY_2022__SRR16950697__bin.11,218406/7419/1
MortensenS_xxxx__WK038-1-L-48h-03E3_S58__bin.3,MortensenS_xxxx__WK038-1-L-48h-03E3_S58__bin.3,218406/7420/1
LandisEA_2021__SRS5652926__bin.3,LandisEA_2021__SRS5652926__bin.3,218406/7422/1
AlvarezOrdonezA_xxxx__F01-19__bin.6,AlvarezOrdonezA_xxxx__F01-19__bin.6,218406/7423/1
AlvarezOrdonezA_xxxx__C05-19__bin.10,AlvarezOrdonezA_xxxx__C05-19__bin.10,218406/7424/1
LimaC_2020__SRR9640343__bin.10,LimaC_2020__SRR9640343__bin.10,218406/7426/1
WolfeBE_2014__671_Grayson__bin.5,WolfeBE_2014__671_Grayson__bin.5,218406/7428/1
MASTER_WP4_FFoQSI_1__VB-05-BD__bin.46,MASTER_WP4_FFoQSI_1__VB-05-BD__bin.46,218406/7431/1
MASTER_WP4_CSIC_1__P2149_73322__bin.12,MASTER_WP4_CSIC_1__P2149_73322__bin.12,218406/7437/1
MASTER_WP4_CSIC_1__P2137_73322__bin.27,MASTER_WP4_CSIC_1__P2137_73322__bin.27,218406/7439/1
ODFM-BA-A-0135-001_Lactobacillus_rhamnosus_DPC_7102,ODFM-BA-A-0135-001_Lactobacillus_rhamnosus_DPC_7102,218406/7440/1
G_13_2A_senegalensis_assembly,G_13_2A_senegalensis_assembly,218406/7441/1
LeechJ_2020__ERS3967744__bin.7,LeechJ_2020__ERS3967744__bin.7,218406/7442/1
MAG_133,MAG_133,218406/7443/1
MotaGutierrezJ_2021__SRR11602152__bin.2,MotaGutierrezJ_2021__SRR11602152__bin.2,218406/7444/1
MASTER_WP4_FFoQSI_1__RC17-F-BR__bin.3,MASTER_WP4_FFoQSI_1__RC17-F-BR__bin.3,218406/7445/1
DeFilippisF_xxxx__DS_110__bin.9,DeFilippisF_xxxx__DS_110__bin.9,218406/7446/1
PfeferT_xxxx__SRS2870583__bin.2,PfeferT_xxxx__SRS2870583__bin.2,218406/7449/1
EBC_080.1,EBC_080.1,218406/7458/1
AlvarezOrdonezA_xxxx__Q03-28__bin.1,AlvarezOrdonezA_xxxx__Q03-28__bin.1,218406/7459/1
LeechJ_xxxx__AF05__bin.2,LeechJ_xxxx__AF05__bin.2,218406/7460/1
MortensenS_xxxx__WK045-1-L-48h-03H4_S86__bin.9,MortensenS_xxxx__WK045-1-L-48h-03H4_S86__bin.9,218406/7461/1
FontanaF_2023__SRR20746838__bin.5,FontanaF_2023__SRR20746838__bin.5,218406/7462/1
MotaGutierrezJ_2021__SRR11602153__bin.8,MotaGutierrezJ_2021__SRR11602153__bin.8,218406/7463/1
MAG_311,MAG_311,218406/7464/1
SternesPR_2017__T1D1_A_shotgun__bin.3,SternesPR_2017__T1D1_A_shotgun__bin.3,218406/7466/1
MASTER_WP4_FFoQSI_2__VB06-21__bin.1,MASTER_WP4_FFoQSI_2__VB06-21__bin.1,218406/7467/1
MASTER_WP4_FFoQSI_1__VB-08-AG__bin.21,MASTER_WP4_FFoQSI_1__VB-08-AG__bin.21,218406/7468/1
MASTER_WP4_CSIC_1__P2235_73323__bin.13,MASTER_WP4_CSIC_1__P2235_73323__bin.13,218406/7477/1
MortensenS_xxxx__WK029-2-G-48h-04A5_S105__bin.1,MortensenS_xxxx__WK029-2-G-48h-04A5_S105__bin.1,218406/7479/1
MAG_200,MAG_200,218406/7480/1
MASTER_WP4_TEAGASC_1__TGS05-28_0__bin.16,MASTER_WP4_TEAGASC_1__TGS05-28_0__bin.16,218406/7481/1
MAG_191,MAG_191,218406/7482/1
FontanaF_2023__SRR20746926__bin.3,FontanaF_2023__SRR20746926__bin.3,218406/7483/1
MortensenS_xxxx__WK036-1-L-48h-03D4_S50__bin.2,MortensenS_xxxx__WK036-1-L-48h-03D4_S50__bin.2,218406/7484/1
MASTER_WP4_UNINA_1__FO005_71775__bin.26,MASTER_WP4_UNINA_1__FO005_71775__bin.26,218406/7485/1
MASTER_WP4_UNINA_1__MV011_71775__bin.5,MASTER_WP4_UNINA_1__MV011_71775__bin.5,218406/7486/1
MASTER_WP4_FFoQSI_2__VB04-29__bin.5,MASTER_WP4_FFoQSI_2__VB04-29__bin.5,218406/7492/1
MASTER_WP4_FFoQSI_1__VB-16-M13__bin.5,MASTER_WP4_FFoQSI_1__VB-16-M13__bin.5,218406/7498/1
DeFilippisF_xxxx__DF_59__bin.18,DeFilippisF_xxxx__DF_59__bin.18,218406/7499/1
MAG_107,MAG_107,218406/7500/1
FalardeauJ_2023__SRR20811223__bin.3,FalardeauJ_2023__SRR20811223__bin.3,218406/7501/1
MASTER_WP4_CSIC_1__P2134_73322__bin.25,MASTER_WP4_CSIC_1__P2134_73322__bin.25,218406/7502/1
LeechJ_xxxx__AF84__bin.32,LeechJ_xxxx__AF84__bin.32,218406/7503/1
FontanaF_2023__SRR20746915__bin.6,FontanaF_2023__SRR20746915__bin.6,218406/7504/1
LimaC_2020__SRR9640351__bin.23,LimaC_2020__SRR9640351__bin.23,218406/7505/1
YouL_2022__SRR13308521__bin.3,YouL_2022__SRR13308521__bin.3,218406/7508/1
CM_UNINA_FFOOD__FFOOD_378__bin.3,CM_UNINA_FFOOD__FFOOD_378__bin.3,218406/7511/1
FalardeauJ_2023__SRR20811153__bin.3,FalardeauJ_2023__SRR20811153__bin.3,218406/7518/1
CM_UNINA_FFOOD__FFOOD_291__bin.4,CM_UNINA_FFOOD__FFOOD_291__bin.4,218406/7519/1
LandisEA_2021__SRS5652995__bin.3,LandisEA_2021__SRS5652995__bin.3,218406/7520/1
YulandiA_2020__SRS6115052__bin.12,YulandiA_2020__SRS6115052__bin.12,218406/7521/1
DeFilippisF_xxxx__DF_58__bin.11,DeFilippisF_xxxx__DF_58__bin.11,218406/7522/1
MAG_156,MAG_156,218406/7523/1
MortensenS_xxxx__WK063-2-L-48h-05A1_S53__bin.8,MortensenS_xxxx__WK063-2-L-48h-05A1_S53__bin.8,218406/7524/1
MASTER_WP4_FFoQSI_2__VB04-29__bin.10,MASTER_WP4_FFoQSI_2__VB04-29__bin.10,218406/7525/1
AlvarezOrdonezA_xxxx__R01-19__bin.1,AlvarezOrdonezA_xxxx__R01-19__bin.1,218406/7527/1
DeFilippisF_xxxx__DF_75__bin.13,DeFilippisF_xxxx__DF_75__bin.13,218406/7529/1
WolfeBE_2014__873_Challerhocker__bin.6,WolfeBE_2014__873_Challerhocker__bin.6,218406/7536/1
MAG_374,MAG_374,218406/7538/1
MASTER_WP4_UNINA_1__GR111_73417__bin.5,MASTER_WP4_UNINA_1__GR111_73417__bin.5,218406/7539/1
MASTER_WP4_UNINA_1__FO005_71775__bin.12,MASTER_WP4_UNINA_1__FO005_71775__bin.12,218406/7540/1
LeechJ_xxxx__AF41__bin.3,LeechJ_xxxx__AF41__bin.3,218406/7541/1
WalshAM_2020__ERS3466792__bin.2,WalshAM_2020__ERS3466792__bin.2,218406/7543/1
CM_UNINA_FFOOD__FFOOD_347__bin.8,CM_UNINA_FFOOD__FFOOD_347__bin.8,218406/7546/1
MASTER_WP4_FFoQSI_3__VB14-22__bin.62,MASTER_WP4_FFoQSI_3__VB14-22__bin.62,218406/7547/1
LeechJ_xxxx__AF27__bin.4,LeechJ_xxxx__AF27__bin.4,218406/7548/1
MASTER_WP4_CSIC_1__P2249_73323__bin.3,MASTER_WP4_CSIC_1__P2249_73323__bin.3,218406/7554/1
MASTER_WP4_FFoQSI_1__VB-09-AG__bin.57,MASTER_WP4_FFoQSI_1__VB-09-AG__bin.57,218406/7556/1
MASTER_WP4_CSIC_2__P2543__bin.14,MASTER_WP4_CSIC_2__P2543__bin.14,218406/7558/1
MASTER_WP4_TEAGASC_1__TGS15-30__bin.4,MASTER_WP4_TEAGASC_1__TGS15-30__bin.4,218406/7559/1
FranciosaI_2021__SRR12227963__bin.4,FranciosaI_2021__SRR12227963__bin.4,218406/7560/1
YangC_2021__SRR13259379__bin.36,YangC_2021__SRR13259379__bin.36,218406/7562/1
CM_UNINA_FFOOD__FFOOD_353__bin.8,CM_UNINA_FFOOD__FFOOD_353__bin.8,218406/7564/1
LeechJ_xxxx__AF70__bin.10,LeechJ_xxxx__AF70__bin.10,218406/7565/1
QuijadaN_2022__ERR7245779__bin.39,QuijadaN_2022__ERR7245779__bin.39,218406/7568/1
CM_UNINA_FFOOD__FFOOD_325__bin.6,CM_UNINA_FFOOD__FFOOD_325__bin.6,218406/7569/1
LeechJ_xxxx__AF55__bin.3,LeechJ_xxxx__AF55__bin.3,218406/7571/1
MASTER_WP4_UNINA_1__GO003_71775__bin.2,MASTER_WP4_UNINA_1__GO003_71775__bin.2,218406/7574/1
WalshAM_2020__ERS3466771__bin.3,WalshAM_2020__ERS3466771__bin.3,218406/7577/1
MASTER_WP4_FFoQSI_2__VB06-29__bin.6,MASTER_WP4_FFoQSI_2__VB06-29__bin.6,218406/7578/1
FontanaF_2023__SRR20746981__bin.3,FontanaF_2023__SRR20746981__bin.3,218406/7581/1
MASTER_WP4_FFoQSI_1__VB-06-AD__bin.9,MASTER_WP4_FFoQSI_1__VB-06-AD__bin.9,218406/7582/1
MASTER_WP4_TEAGASC_1__TGS05-22__bin.2,MASTER_WP4_TEAGASC_1__TGS05-22__bin.2,218406/7583/1
LeechJ_2020__ERS3967714__bin.6,LeechJ_2020__ERS3967714__bin.6,218406/7584/1
MASTER_WP4_UNINA_1__PV005_71775__bin.10,MASTER_WP4_UNINA_1__PV005_71775__bin.10,218406/7585/1
MortensenS_xxxx__WK060-2-L-48h-04H7_S41__bin.8,MortensenS_xxxx__WK060-2-L-48h-04H7_S41__bin.8,218406/7593/1
MASTER_WP4_CSIC_2__P2584__bin.1,MASTER_WP4_CSIC_2__P2584__bin.1,218406/7595/1
MAG_41,MAG_41,218406/7596/1
CM_UNINA_FFOOD__FFOOD_334__bin.5,CM_UNINA_FFOOD__FFOOD_334__bin.5,218406/7597/1
SternesPR_2017__Y1D1_A_shotgun__bin.7,SternesPR_2017__Y1D1_A_shotgun__bin.7,218406/7599/1
MASTER_WP4_UNINA_1__GO004_71775__bin.32,MASTER_WP4_UNINA_1__GO004_71775__bin.32,218406/7600/1
MAG_10,MAG_10,218406/7601/1
MAG_589,MAG_589,218406/7602/1
CM_UNINA_FFOOD__FFOOD_381__bin.13,CM_UNINA_FFOOD__FFOOD_381__bin.13,218406/7603/1
DeFilippisF_xxxx__DF_18__bin.6,DeFilippisF_xxxx__DF_18__bin.6,218406/7607/1
O6_bin.full.65,O6_bin.full.65,218406/7612/1
MASTER_WP4_FFoQSI_1__VB-16-BD__bin.33,MASTER_WP4_FFoQSI_1__VB-16-BD__bin.33,218406/7614/1
MASTER_WP4_UNINA_1__SC012_71775__bin.14,MASTER_WP4_UNINA_1__SC012_71775__bin.14,218406/7616/1
MilaniC_2019__SRS3591582__bin.17,MilaniC_2019__SRS3591582__bin.17,218406/7617/1
MASTER_WP4_FFoQSI_3__VB07-22__bin.17,MASTER_WP4_FFoQSI_3__VB07-22__bin.17,218406/7618/1
MASTER_WP4_CSIC_2__P2589__bin.5,MASTER_WP4_CSIC_2__P2589__bin.5,218406/7619/1
MASTER_WP4_UNINA_1__CM008_71775__bin.9,MASTER_WP4_UNINA_1__CM008_71775__bin.9,218406/7620/1
LeechJ_2020__ERS3967741__bin.4,LeechJ_2020__ERS3967741__bin.4,218406/7621/1
CM_UNINA_FFOOD__FFOOD_339__bin.1,CM_UNINA_FFOOD__FFOOD_339__bin.1,218406/7622/1
MAG_86,MAG_86,218406/7630/1
WalshL_xxxx__O7__bin.1,WalshL_xxxx__O7__bin.1,218406/7632/1
MASTER_WP4_FFoQSI_2__VB15-29__bin.12,MASTER_WP4_FFoQSI_2__VB15-29__bin.12,218406/7634/1
FontanaF_2023__SRR20746954__bin.4,FontanaF_2023__SRR20746954__bin.4,218406/7635/1
FontanaF_2023__SRR20746874__bin.3,FontanaF_2023__SRR20746874__bin.3,218406/7636/1
MASTER_WP4_FFoQSI_1__VB-03-M5__bin.21,MASTER_WP4_FFoQSI_1__VB-03-M5__bin.21,218406/7637/1
DeFilippisF_xxxx__DS_69__bin.8,DeFilippisF_xxxx__DS_69__bin.8,218406/7639/1
MASTER_WP4_FFoQSI_3__VB07-30__bin.41,MASTER_WP4_FFoQSI_3__VB07-30__bin.41,218406/7640/1
LeechJ_xxxx__AF49__bin.4,LeechJ_xxxx__AF49__bin.4,218406/7641/1
MASTER_WP4_TEAGASC_1__TGS11-22__bin.7,MASTER_WP4_TEAGASC_1__TGS11-22__bin.7,218406/7645/1
MASTER_WP4_CSIC_2__P2601__bin.30,MASTER_WP4_CSIC_2__P2601__bin.30,218406/7646/1
MASTER_WP4_FFoQSI_1__VB-06-AD__bin.39,MASTER_WP4_FFoQSI_1__VB-06-AD__bin.39,218406/7652/1
MASTER_WP4_TEAGASC_1__TGS09-26__bin.5,MASTER_WP4_TEAGASC_1__TGS09-26__bin.5,218406/7653/1
WalshL_xxxx__I1__bin.6,WalshL_xxxx__I1__bin.6,218406/7655/1
CM_UNINA_FFOOD__FFOOD_251__bin.9,CM_UNINA_FFOOD__FFOOD_251__bin.9,218406/7656/1
LeechJ_xxxx__AF11__bin.2,LeechJ_xxxx__AF11__bin.2,218406/7657/1
MASTER_WP4_TEAGASC_1__TGS01-21__bin.2,MASTER_WP4_TEAGASC_1__TGS01-21__bin.2,218406/7658/1
MASTER_WP4_UNINA_2__M-26__bin.5,MASTER_WP4_UNINA_2__M-26__bin.5,218406/7661/1
LeechJ_xxxx__AF66__bin.6,LeechJ_xxxx__AF66__bin.6,218406/7667/1
MotaGutierrezJ_2021__SRR11602146__bin.2,MotaGutierrezJ_2021__SRR11602146__bin.2,218406/7668/1
MAG_24,MAG_24,218406/7670/1
EBC_089.11,EBC_089.11,218406/7671/1
AlvarezOrdonezA_xxxx__C03-19__bin.12,AlvarezOrdonezA_xxxx__C03-19__bin.12,218406/7672/1
DeFilippisF_xxxx__DF_5__bin.15,DeFilippisF_xxxx__DF_5__bin.15,218406/7675/1
MASTER_WP4_UNINA_1__PM007_71775__bin.9,MASTER_WP4_UNINA_1__PM007_71775__bin.9,218406/7676/1
MortensenS_xxxx__WK057-1-L-48h-04G2_S27__bin.3,MortensenS_xxxx__WK057-1-L-48h-04G2_S27__bin.3,218406/7677/1
MASTER_WP4_CSIC_1__P2243_73323__bin.14,MASTER_WP4_CSIC_1__P2243_73323__bin.14,218406/7678/1
MASTER_WP4_UNINA_2__V-21__bin.8,MASTER_WP4_UNINA_2__V-21__bin.8,218406/7681/1
MAG_75,MAG_75,218406/7682/1
FalardeauJ_2023__SRR20811273__bin.2,FalardeauJ_2023__SRR20811273__bin.2,218406/7686/1
LeechJ_xxxx__AF91__bin.7,LeechJ_xxxx__AF91__bin.7,218406/7689/1
MASTER_WP4_UNINA_2__T-24__bin.8,MASTER_WP4_UNINA_2__T-24__bin.8,218406/7690/1
LeechJ_2020__ERS3967724__bin.4,LeechJ_2020__ERS3967724__bin.4,218406/7695/1
FontanaF_2023__SRR20746957__bin.3,FontanaF_2023__SRR20746957__bin.3,218406/7696/1
LeechJ_xxxx__AF69__bin.10,LeechJ_xxxx__AF69__bin.10,218406/7698/1
MASTER_WP4_UNINA_1__GO004_71775__bin.17,MASTER_WP4_UNINA_1__GO004_71775__bin.17,218406/7699/1
LeechJ_xxxx__AF83__bin.3,LeechJ_xxxx__AF83__bin.3,218406/7700/1
MASTER_WP4_TEAGASC_1__TGS09-25__bin.2,MASTER_WP4_TEAGASC_1__TGS09-25__bin.2,218406/7701/1
CM_UNINA_FFOOD__FFOOD_382__bin.11,CM_UNINA_FFOOD__FFOOD_382__bin.11,218406/7702/1
AlvarezOrdonezA_xxxx__C02-19__bin.10,AlvarezOrdonezA_xxxx__C02-19__bin.10,218406/7705/1
DeFilippisF_xxxx__DF_28__bin.4,DeFilippisF_xxxx__DF_28__bin.4,218406/7707/1
DeFilippisF_xxxx__DF_16__bin.5,DeFilippisF_xxxx__DF_16__bin.5,218406/7708/1
LeechJ_2020__ERS3967742__bin.3,LeechJ_2020__ERS3967742__bin.3,218406/7715/1
MASTER_WP4_UNINA_1__PA001_71775__bin.11,MASTER_WP4_UNINA_1__PA001_71775__bin.11,218406/7717/1
MASTER_WP4_UNINA_2__O-27__bin.10,MASTER_WP4_UNINA_2__O-27__bin.10,218406/7718/1
MAG_35,MAG_35,218406/7719/1
MASTER_WP4_TEAGASC_1__TGS04-29__bin.18,MASTER_WP4_TEAGASC_1__TGS04-29__bin.18,218406/7720/1
SternesPR_2017__Y2D1_B_shotgun__bin.4,SternesPR_2017__Y2D1_B_shotgun__bin.4,218406/7721/1
MortensenS_xxxx__WK039-2-L-48h-03E9_S64__bin.6,MortensenS_xxxx__WK039-2-L-48h-03E9_S64__bin.6,218406/7723/1
KharnaiorP_2023__SRR22859378__bin.15,KharnaiorP_2023__SRR22859378__bin.15,218406/7724/1
CM_UNINA_FFOOD__FFOOD_284__bin.16,CM_UNINA_FFOOD__FFOOD_284__bin.16,218406/7726/1
WolfeBE_2014__575_CabotClothbound__bin.3,WolfeBE_2014__575_CabotClothbound__bin.3,218406/7729/1
ZhaoCC_2020__SRS5803192__bin.21,ZhaoCC_2020__SRS5803192__bin.21,218406/7734/1
MortensenS_xxxx__WK003-2-L-48h-01G3_S36__bin.4,MortensenS_xxxx__WK003-2-L-48h-01G3_S36__bin.4,218406/7735/1
MAG_97,MAG_97,218406/7738/1
MASTER_WP4_UNINA_1__PM002_71775__bin.18,MASTER_WP4_UNINA_1__PM002_71775__bin.18,218406/7739/1
LeechJ_xxxx__AF82__bin.9,LeechJ_xxxx__AF82__bin.9,218406/7742/1
MotaGutierrezJ_2021__SRR11602145__bin.5,MotaGutierrezJ_2021__SRR11602145__bin.5,218406/7743/1
MASTER_WP4_UNINA_1__PM012_71775__bin.5,MASTER_WP4_UNINA_1__PM012_71775__bin.5,218406/7744/1
DeFilippisF_xxxx__DF_11__bin.10,DeFilippisF_xxxx__DF_11__bin.10,218406/7745/1
FontanaF_2023__SRR20746867__bin.10,FontanaF_2023__SRR20746867__bin.10,218406/7746/1
CrovadoreJ_2017__SRS1919172__bin.5,CrovadoreJ_2017__SRS1919172__bin.5,218406/7747/1
YulandiA_2020__SRS6115052__bin.5,YulandiA_2020__SRS6115052__bin.5,218406/7750/1
LeechJ_xxxx__AF56__bin.15,LeechJ_xxxx__AF56__bin.15,218406/7751/1
We6_bin.full.13,We6_bin.full.13,218406/7757/1
LeechJ_2020__ERS3967738__bin.3,LeechJ_2020__ERS3967738__bin.3,218406/7760/1
MASTER_WP4_FFoQSI_1__VB-16-M15__bin.1,MASTER_WP4_FFoQSI_1__VB-16-M15__bin.1,218406/7762/1
MAG_489,MAG_489,218406/7763/1
LeechJ_2020__ERS3967689__bin.2,LeechJ_2020__ERS3967689__bin.2,218406/7764/1
WalshL_xxxx__D7__bin.6,WalshL_xxxx__D7__bin.6,218406/7765/1
MASTER_WP4_FFoQSI_2__VB15-30__bin.12,MASTER_WP4_FFoQSI_2__VB15-30__bin.12,218406/7766/1
MASTER_WP4_TEAGASC_1__TGS04-28__bin.25,MASTER_WP4_TEAGASC_1__TGS04-28__bin.25,218406/7768/1
MAG_598,MAG_598,218406/7771/1
MASTER_WP4_FFoQSI_3__VB09-26__bin.4,MASTER_WP4_FFoQSI_3__VB09-26__bin.4,218406/7774/1
MAG_609,MAG_609,218406/7776/1
MASTER_WP4_FFoQSI_3__VB02-22__bin.3,MASTER_WP4_FFoQSI_3__VB02-22__bin.3,218406/7777/1
MortensenS_xxxx__WK062-1-L-48h-04I4_S47__bin.7,MortensenS_xxxx__WK062-1-L-48h-04I4_S47__bin.7,218406/7779/1
FontanaF_2023__SRR20746855__bin.2,FontanaF_2023__SRR20746855__bin.2,218406/7781/1
YouL_2022__SRR13308526__bin.43,YouL_2022__SRR13308526__bin.43,218406/7783/1
MotaGutierrezJ_2021__SRR11602148__bin.1,MotaGutierrezJ_2021__SRR11602148__bin.1,218406/7785/1
MASTER_WP4_FFoQSI_1__VB-06-M1__bin.8,MASTER_WP4_FFoQSI_1__VB-06-M1__bin.8,218406/7791/1
MAG_50,MAG_50,218406/7792/1
MotaGutierrezJ_2021__SRR11602153__bin.23,MotaGutierrezJ_2021__SRR11602153__bin.23,218406/7793/1
WalshAM_2017__ERS1739831__bin.1,WalshAM_2017__ERS1739831__bin.1,218406/7795/1
LeechJ_2020__ERS3967698__bin.1,LeechJ_2020__ERS3967698__bin.1,218406/7796/1
CM_UNINA_FFOOD__FFOOD_271__bin.2,CM_UNINA_FFOOD__FFOOD_271__bin.2,218406/7797/1
WalshL_xxxx__P6__bin.3,WalshL_xxxx__P6__bin.3,218406/7799/1
MortensenS_xxxx__WK032-2-G-48h-04A8_S108__bin.3,MortensenS_xxxx__WK032-2-G-48h-04A8_S108__bin.3,218406/7801/1
MortensenS_xxxx__WK029-2-L-48h-03A5_S24__bin.7,MortensenS_xxxx__WK029-2-L-48h-03A5_S24__bin.7,218406/7803/1
LeechJ_xxxx__AF47__bin.7,LeechJ_xxxx__AF47__bin.7,218406/7806/1
MASTER_WP4_CSIC_2__P2624__bin.12,MASTER_WP4_CSIC_2__P2624__bin.12,218406/7809/1
LeechJ_xxxx__AF11__bin.12,LeechJ_xxxx__AF11__bin.12,218406/7812/1
MASTER_WP4_CSIC_2__P2588__bin.22,MASTER_WP4_CSIC_2__P2588__bin.22,218406/7814/1
CM_UNINA_FFOOD__FFOOD_309__bin.3,CM_UNINA_FFOOD__FFOOD_309__bin.3,218406/7815/1
MASTER_WP4_UNINA_1__GO004_71775__bin.2,MASTER_WP4_UNINA_1__GO004_71775__bin.2,218406/7816/1
CM_UNINA_FFOOD__FFOOD_337__bin.2,CM_UNINA_FFOOD__FFOOD_337__bin.2,218406/7818/1
FontanaF_2023__SRR20746844__bin.1,FontanaF_2023__SRR20746844__bin.1,218406/7820/1
LeechJ_xxxx__AF26__bin.12,LeechJ_xxxx__AF26__bin.12,218406/7822/1
CM_UNINA_FFOOD__FFOOD_286__bin.3,CM_UNINA_FFOOD__FFOOD_286__bin.3,218406/7824/1
MortensenS_xxxx__WK001-2-L-48h-01F4_S28__bin.9,MortensenS_xxxx__WK001-2-L-48h-01F4_S28__bin.9,218406/7825/1
YangC_2021__SRR13259377__bin.4,YangC_2021__SRR13259377__bin.4,218406/7829/1
MASTER_WP4_CSIC_1__P2239_73323__bin.21,MASTER_WP4_CSIC_1__P2239_73323__bin.21,218406/7830/1
MortensenS_xxxx__WK056-1-L-48h-04F7_S23__bin.6,MortensenS_xxxx__WK056-1-L-48h-04F7_S23__bin.6,218406/7831/1
HeilCS_2018__Old_Warehouse_metagenome__bin.12,HeilCS_2018__Old_Warehouse_metagenome__bin.12,218406/7833/1
MAG_334,MAG_334,218406/7837/1
MASTER_WP4_FFoQSI_3__VB12-27__bin.15,MASTER_WP4_FFoQSI_3__VB12-27__bin.15,218406/7838/1
MASTER_WP4_CSIC_2__P2517__bin.38,MASTER_WP4_CSIC_2__P2517__bin.38,218406/7839/1
MotaGutierrezJ_2021__SRR11602154__bin.38,MotaGutierrezJ_2021__SRR11602154__bin.38,218406/7843/1
FontanaF_2023__SRR20746855__bin.11,FontanaF_2023__SRR20746855__bin.11,218406/7844/1
LiZ_2018__SRS2920551__bin.6,LiZ_2018__SRS2920551__bin.6,218406/7846/1
MASTER_WP4_TEAGASC_1__TGS08-29__bin.64,MASTER_WP4_TEAGASC_1__TGS08-29__bin.64,218406/7848/1
AlvarezOrdonezA_xxxx__C07-19__bin.13,AlvarezOrdonezA_xxxx__C07-19__bin.13,218406/7851/1
MortensenS_xxxx__WK001T-2-L-48h-05G1_S107__bin.1,MortensenS_xxxx__WK001T-2-L-48h-05G1_S107__bin.1,218406/7852/1
WalshAM_2020__ERS3466758__bin.5,WalshAM_2020__ERS3466758__bin.5,218406/7853/1
FalardeauJ_2023__SRR20811137__bin.9,FalardeauJ_2023__SRR20811137__bin.9,218406/7854/1
DeFilippisF_xxxx__DF_96__bin.12,DeFilippisF_xxxx__DF_96__bin.12,218406/7857/1
MASTER_WP4_TEAGASC_1__TGS15-27__bin.3,MASTER_WP4_TEAGASC_1__TGS15-27__bin.3,218406/7859/1
MortensenS_xxxx__WK032-1-L-48h-03B6_S34__bin.7,MortensenS_xxxx__WK032-1-L-48h-03B6_S34__bin.7,218406/7860/1
MASTER_WP4_FFoQSI_1__VB-14D__bin.60,MASTER_WP4_FFoQSI_1__VB-14D__bin.60,218406/7866/1
AlvarezOrdonezA_xxxx__Q01-22__bin.8,AlvarezOrdonezA_xxxx__Q01-22__bin.8,218406/7868/1
MAG_116,MAG_116,218406/7869/1
DeFilippisF_xxxx__DS_12__bin.23,DeFilippisF_xxxx__DS_12__bin.23,218406/7871/1
MASTER_WP4_FFoQSI_2__VB05-29__bin.12,MASTER_WP4_FFoQSI_2__VB05-29__bin.12,218406/7873/1
LeechJ_xxxx__AF29__bin.7,LeechJ_xxxx__AF29__bin.7,218406/7876/1
MASTER_WP4_FFoQSI_1__VB-05-BD__bin.32,MASTER_WP4_FFoQSI_1__VB-05-BD__bin.32,218406/7877/1
DeFilippisF_xxxx__DS_27__bin.3,DeFilippisF_xxxx__DS_27__bin.3,218406/7878/1
ShangpliangH_2023_b__SRR22851057__bin.13,ShangpliangH_2023_b__SRR22851057__bin.13,218406/7879/1
LiZ_2018__SRS2920551__bin.17,LiZ_2018__SRS2920551__bin.17,218406/7881/1
MAG_180,MAG_180,218406/7885/1
DeFilippisF_xxxx__DF_41__bin.11,DeFilippisF_xxxx__DF_41__bin.11,218406/7887/1
MASTER_WP4_FFoQSI_3__VB14-22__bin.47,MASTER_WP4_FFoQSI_3__VB14-22__bin.47,218406/7888/1
YasirM_2022__SRR18335011__bin.7,YasirM_2022__SRR18335011__bin.7,218406/7889/1
MortensenS_xxxx__WK065-1-L-48h-05B2_S63__bin.2,MortensenS_xxxx__WK065-1-L-48h-05B2_S63__bin.2,218406/7895/1
LeechJ_xxxx__AF60__bin.2,LeechJ_xxxx__AF60__bin.2,218406/7896/1
MortensenS_xxxx__WK058-1-L-48h-04G6_S31__bin.7,MortensenS_xxxx__WK058-1-L-48h-04G6_S31__bin.7,218406/7897/1
Wy2_bin.circ.1,Wy2_bin.circ.1,218406/7899/1
DeFilippisF_xxxx__DS_12__bin.17,DeFilippisF_xxxx__DS_12__bin.17,218406/7902/1
EBC_035.5,EBC_035.5,218406/7903/1
MASTER_WP4_CSIC_1__P2137_73322__bin.36,MASTER_WP4_CSIC_1__P2137_73322__bin.36,218406/7904/1
CM_UNINA_FFOOD__FFOOD_256__bin.7,CM_UNINA_FFOOD__FFOOD_256__bin.7,218406/7905/1
ODFM-BA-A-0144-001_Penicillium_roqueforti_CECT_2905,ODFM-BA-A-0144-001_Penicillium_roqueforti_CECT_2905,218406/7906/1
MAG_122,MAG_122,218406/7907/1
LeechJ_xxxx__AF84__bin.17,LeechJ_xxxx__AF84__bin.17,218406/7911/1
CM_UNINA_FFOOD__FFOOD_310__bin.7,CM_UNINA_FFOOD__FFOOD_310__bin.7,218406/7915/1
MAG_173,MAG_173,218406/7917/1
MASTER_WP4_UNINA_1__PU007_71775__bin.29,MASTER_WP4_UNINA_1__PU007_71775__bin.29,218406/7920/1
DeFilippisF_xxxx__DS_112__bin.4,DeFilippisF_xxxx__DS_112__bin.4,218406/7921/1
O6_bin.circ.4,O6_bin.circ.4,218406/7922/1
MASTER_WP4_UNINA_1__PA207_73417__bin.7,MASTER_WP4_UNINA_1__PA207_73417__bin.7,218406/7923/1
PfeferT_xxxx__SRS2870574__bin.2,PfeferT_xxxx__SRS2870574__bin.2,218406/7924/1
MASTER_WP4_TEAGASC_1__TGS13-22__bin.5,MASTER_WP4_TEAGASC_1__TGS13-22__bin.5,218406/7928/1
MASTER_WP4_UNINA_2__T-24.1__bin.10,MASTER_WP4_UNINA_2__T-24.1__bin.10,218406/7932/1
AlvarezOrdonezA_xxxx__C05-19__bin.11,AlvarezOrdonezA_xxxx__C05-19__bin.11,218406/7933/1
YouL_2022__SRR13308523__bin.52,YouL_2022__SRR13308523__bin.52,218406/7935/1
MASTER_WP4_UNINA_1__GO102_71775__bin.29,MASTER_WP4_UNINA_1__GO102_71775__bin.29,218406/7936/1
AlvarezOrdonezA_xxxx__C05-18__bin.18,AlvarezOrdonezA_xxxx__C05-18__bin.18,218406/7937/1
MAG_132,MAG_132,218406/7940/1
MASTER_WP4_FFoQSI_2__VB16-22__bin.5,MASTER_WP4_FFoQSI_2__VB16-22__bin.5,218406/7941/1
DeFilippisF_xxxx__DS_110__bin.8,DeFilippisF_xxxx__DS_110__bin.8,218406/7942/1
MASTER_WP4_UNINA_1__AS112_71775__bin.9,MASTER_WP4_UNINA_1__AS112_71775__bin.9,218406/7946/1
AlvarezOrdonezA_xxxx__Q08-22__bin.23,AlvarezOrdonezA_xxxx__Q08-22__bin.23,218406/7948/1
MASTER_WP4_FFoQSI_1__VB-08-AG__bin.20,MASTER_WP4_FFoQSI_1__VB-08-AG__bin.20,218406/7951/1
FontanaF_2023__SRR20746861__bin.12,FontanaF_2023__SRR20746861__bin.12,218406/7954/1
MAG_310,MAG_310,218406/7956/1
MortensenS_xxxx__WK054-1-L-48h-04E8_S15__bin.4,MortensenS_xxxx__WK054-1-L-48h-04E8_S15__bin.4,218406/7957/1
WalshAM_2020__ERS3466747__bin.4,WalshAM_2020__ERS3466747__bin.4,218406/7958/1
MAG_190,MAG_190,218406/7959/1
LeechJ_xxxx__AF63__bin.4,LeechJ_xxxx__AF63__bin.4,218406/7961/1
G_361_1B_senegalensis_assembly,G_361_1B_senegalensis_assembly,218406/7963/1
MASTER_WP4_UNINA_2__I-25.1__bin.10,MASTER_WP4_UNINA_2__I-25.1__bin.10,218406/7964/1
MASTER_WP4_TEAGASC_1__TGS08-29__bin.40,MASTER_WP4_TEAGASC_1__TGS08-29__bin.40,218406/7967/1
FontanaF_2023__SRR20746926__bin.2,FontanaF_2023__SRR20746926__bin.2,218406/7972/1
SRR10454491C1008_acetobacter_assembly,SRR10454491C1008_acetobacter_assembly,218406/7974/1
MAG_341,MAG_341,218406/7975/1
LopezSanchezR_2023__SRR13708566__bin.11,LopezSanchezR_2023__SRR13708566__bin.11,218406/7976/1
YouL_2022__SRR13308523__bin.66,YouL_2022__SRR13308523__bin.66,218406/7977/1
WalshAM_2020__ERS3466774__bin.1,WalshAM_2020__ERS3466774__bin.1,218406/7978/1
MASTER_WP4_FFoQSI_3__VB09-30__bin.8,MASTER_WP4_FFoQSI_3__VB09-30__bin.8,218406/7980/1
MASTER_WP4_CSIC_1__P2134_73322__bin.24,MASTER_WP4_CSIC_1__P2134_73322__bin.24,218406/7981/1
FalardeauJ_2023__SRR20811223__bin.2,FalardeauJ_2023__SRR20811223__bin.2,218406/7985/1
FalardeauJ_2023__SRR20811153__bin.2,FalardeauJ_2023__SRR20811153__bin.2,218406/7990/1
MASTER_WP4_FFoQSI_2__VB11-22__bin.5,MASTER_WP4_FFoQSI_2__VB11-22__bin.5,218406/7992/1
LeechJ_xxxx__AF89__bin.8,LeechJ_xxxx__AF89__bin.8,218406/7994/1
MASTER_WP4_FFoQSI_1__KM-4D__bin.21,MASTER_WP4_FFoQSI_1__KM-4D__bin.21,218406/7995/1
MAG_157,MAG_157,218406/7996/1
MASTER_WP4_CSIC_1__P2137_73322__bin.43,MASTER_WP4_CSIC_1__P2137_73322__bin.43,218406/7997/1
MortensenS_xxxx__WK064-2-L-48h-05A5_S57__bin.1,MortensenS_xxxx__WK064-2-L-48h-05A5_S57__bin.1,218406/7999/1
FalardeauJ_2023__SRR20811152__bin.8,FalardeauJ_2023__SRR20811152__bin.8,218406/8000/1
ZhaoCC_2020__SRS5803194__bin.17,ZhaoCC_2020__SRS5803194__bin.17,218406/8001/1
MAG_375,MAG_375,218406/8003/1
DeFilippisF_xxxx__DF_75__bin.12,DeFilippisF_xxxx__DF_75__bin.12,218406/8011/1
MASTER_WP4_FFoQSI_3__VB12-27__bin.3,MASTER_WP4_FFoQSI_3__VB12-27__bin.3,218406/8012/1
WalshAM_2020__ERS3466765__bin.2,WalshAM_2020__ERS3466765__bin.2,218406/8014/1
LeechJ_xxxx__AF88__bin.2,LeechJ_xxxx__AF88__bin.2,218406/8015/1
MASTER_WP4_UNINA_1__TA012_71775__bin.18,MASTER_WP4_UNINA_1__TA012_71775__bin.18,218406/8016/1
MASTER_WP4_UNINA_1__GO202_71775__bin.6,MASTER_WP4_UNINA_1__GO202_71775__bin.6,218406/8017/1
LandisEA_2021__SRS5653155__bin.3,LandisEA_2021__SRS5653155__bin.3,218406/8019/1
MotaGutierrezJ_2021__SRR11602155__bin.21,MotaGutierrezJ_2021__SRR11602155__bin.21,218406/8020/1
FontanaF_2023__SRR20746962__bin.3,FontanaF_2023__SRR20746962__bin.3,218406/8023/1
MortensenS_xxxx__WK068-2-L-48h-05C7_S77__bin.2,MortensenS_xxxx__WK068-2-L-48h-05C7_S77__bin.2,218406/8027/1
MASTER_WP4_UNINA_1__GO013_71775__bin.11,MASTER_WP4_UNINA_1__GO013_71775__bin.11,218406/8029/1
MacoriG_2019__CS_R42__bin.6,MacoriG_2019__CS_R42__bin.6,218406/8031/1
MASTER_WP4_CSIC_2__P2551__bin.12,MASTER_WP4_CSIC_2__P2551__bin.12,218406/8032/1
LeechJ_xxxx__AF27__bin.5,LeechJ_xxxx__AF27__bin.5,218406/8034/1
MASTER_WP4_CSIC_2__P2614__bin.19,MASTER_WP4_CSIC_2__P2614__bin.19,218406/8035/1
EinsonEJ_2018__SRS2706109__bin.5,EinsonEJ_2018__SRS2706109__bin.5,218406/8036/1
CM_UNINA_FFOOD__FFOOD_353__bin.9,CM_UNINA_FFOOD__FFOOD_353__bin.9,218406/8038/1
MASTER_WP4_UNINA_1__GR002_73417__bin.11,MASTER_WP4_UNINA_1__GR002_73417__bin.11,218406/8040/1
LopezSanchezR_2023__SRR13708567__bin.4,LopezSanchezR_2023__SRR13708567__bin.4,218406/8044/1
PothakosV_2020__ERS2068299__bin.5,PothakosV_2020__ERS2068299__bin.5,218406/8049/1
MASTER_WP4_UNINA_1__CF008_71775__bin.3,MASTER_WP4_UNINA_1__CF008_71775__bin.3,218406/8050/1
MASTER_WP4_FFoQSI_1__VB-03-M5__bin.14,MASTER_WP4_FFoQSI_1__VB-03-M5__bin.14,218406/8051/1
MortensenS_xxxx__WK045-2-L-48h-03H6_S88__bin.5,MortensenS_xxxx__WK045-2-L-48h-03H6_S88__bin.5,218406/8053/1
FontanaF_2023__SRR20746856__bin.4,FontanaF_2023__SRR20746856__bin.4,218406/8054/1
FontanaF_2023__SRR20746981__bin.2,FontanaF_2023__SRR20746981__bin.2,218406/8056/1
KastmanEK_2016__CSB739__bin.2,KastmanEK_2016__CSB739__bin.2,218406/8057/1
VerceM_2019__ERS1807708__bin.4,VerceM_2019__ERS1807708__bin.4,218406/8058/1
WalshAM_2020__ERS3466771__bin.2,WalshAM_2020__ERS3466771__bin.2,218406/8063/1
BertuzziAS_2018__ERS2032097__bin.3,BertuzziAS_2018__ERS2032097__bin.3,218406/8064/1
WolfeBE_2014__932_Robiola_due_Latte__bin.4,WolfeBE_2014__932_Robiola_due_Latte__bin.4,218406/8066/1
MASTER_WP4_FFoQSI_3__VB07-30__bin.25,MASTER_WP4_FFoQSI_3__VB07-30__bin.25,218406/8068/1
LeechJ_xxxx__AF55__bin.16,LeechJ_xxxx__AF55__bin.16,218406/8070/1
MortensenS_xxxx__WK069-2-L-48h-05D2_S81__bin.1,MortensenS_xxxx__WK069-2-L-48h-05D2_S81__bin.1,218406/8072/1
MASTER_WP4_TEAGASC_1__TGS05-22__bin.3,MASTER_WP4_TEAGASC_1__TGS05-22__bin.3,218406/8073/1
MASTER_WP4_UNINA_1__AS112_71775__bin.14,MASTER_WP4_UNINA_1__AS112_71775__bin.14,218406/8075/1
DeFilippisF_xxxx__DS_2__bin.10,DeFilippisF_xxxx__DS_2__bin.10,218406/8077/1
YangC_2021__SRR13259372__bin.15,YangC_2021__SRR13259372__bin.15,218406/8080/1
LeechJ_xxxx__AF78__bin.14,LeechJ_xxxx__AF78__bin.14,218406/8084/1
MASTER_WP4_FFoQSI_1__VB-03-BD__bin.20,MASTER_WP4_FFoQSI_1__VB-03-BD__bin.20,218406/8085/1
CM_UNINA_FFOOD__FFOOD_319__bin.13,CM_UNINA_FFOOD__FFOOD_319__bin.13,218406/8086/1
LeechJ_xxxx__AF54__bin.8,LeechJ_xxxx__AF54__bin.8,218406/8088/1
MAG_40,MAG_40,218406/8089/1
MortensenS_xxxx__WK051-1-L-48h-04D5_S3__bin.6,MortensenS_xxxx__WK051-1-L-48h-04D5_S3__bin.6,218406/8090/1
DeFilippisF_xxxx__DF_26__bin.6,DeFilippisF_xxxx__DF_26__bin.6,218406/8094/1
MAG_619,MAG_619,218406/8095/1
BertuzziAS_2018__ERS2032119__bin.9,BertuzziAS_2018__ERS2032119__bin.9,218406/8097/1
DeFilippisF_xxxx__DF_18__bin.7,DeFilippisF_xxxx__DF_18__bin.7,218406/8100/1
MAG_499,MAG_499,218406/8102/1
DeFilippisF_xxxx__DF_4__bin.29,DeFilippisF_xxxx__DF_4__bin.29,218406/8104/1
MAG_11,MAG_11,218406/8107/1
L1.2_bin.2,L1.2_bin.2,218406/8110/1
ODFM-BA-A-0148-001_Lactococcus_lactis_subsp._cremoris_LMG6897,ODFM-BA-A-0148-001_Lactococcus_lactis_subsp._cremoris_LMG6897,218406/8111/1
MASTER_WP4_FFoQSI_2__VB03-21__bin.3,MASTER_WP4_FFoQSI_2__VB03-21__bin.3,218406/8112/1
FontanaF_2023__SRR20746879__bin.6,FontanaF_2023__SRR20746879__bin.6,218406/8114/1
MAG_648,MAG_648,218406/8116/1
AlvarezOrdonezA_xxxx__Q01-29__bin.9,AlvarezOrdonezA_xxxx__Q01-29__bin.9,218406/8118/1
MASTER_WP4_CSIC_1__P2179_73322__bin.5,MASTER_WP4_CSIC_1__P2179_73322__bin.5,218406/8120/1
LandisEA_2021__SRS5653333__bin.2,LandisEA_2021__SRS5653333__bin.2,218406/8123/1
MortensenS_xxxx__WK007-2-G-48h-01D1_S7__bin.5,MortensenS_xxxx__WK007-2-G-48h-01D1_S7__bin.5,218406/8125/1
MAG_87,MAG_87,218406/8126/1
MortensenS_xxxx__WK034-2-G-48h-04B1_S110__bin.6,MortensenS_xxxx__WK034-2-G-48h-04B1_S110__bin.6,218406/8129/1
MASTER_WP4_UNINA_1__CM008_71775__bin.8,MASTER_WP4_UNINA_1__CM008_71775__bin.8,218406/8130/1
DeFilippisF_xxxx__DF_73__bin.4,DeFilippisF_xxxx__DF_73__bin.4,218406/8131/1
AlvarezOrdonezA_xxxx__C08-18__bin.12,AlvarezOrdonezA_xxxx__C08-18__bin.12,218406/8133/1
MASTER_WP4_TEAGASC_1__TGS11-22__bin.6,MASTER_WP4_TEAGASC_1__TGS11-22__bin.6,218406/8137/1
MASTER_WP4_CSIC_2__P2599__bin.26,MASTER_WP4_CSIC_2__P2599__bin.26,218406/8139/1
LeechJ_xxxx__AF25__bin.11,LeechJ_xxxx__AF25__bin.11,218406/8140/1
MotaGutierrezJ_2021__SRR11602147__bin.9,MotaGutierrezJ_2021__SRR11602147__bin.9,218406/8141/1
ZhaoCC_2020__SRS5803192__bin.31,ZhaoCC_2020__SRS5803192__bin.31,218406/8144/1
AlvarezOrdonezA_xxxx__F03-19__bin.4,AlvarezOrdonezA_xxxx__F03-19__bin.4,218406/8147/1
FontanaF_2023__SRR20746954__bin.5,FontanaF_2023__SRR20746954__bin.5,218406/8149/1
CM_UNINA_FFOOD__FFOOD_396__bin.7,CM_UNINA_FFOOD__FFOOD_396__bin.7,218406/8152/1
G_97_1A_fabarum_extracted_assembly,G_97_1A_fabarum_extracted_assembly,218406/8153/1
KastmanEK_2016__CSB694__bin.4,KastmanEK_2016__CSB694__bin.4,218406/8154/1
AlvarezOrdonezA_xxxx__Q05-26__bin.7,AlvarezOrdonezA_xxxx__Q05-26__bin.7,218406/8157/1
WalshL_xxxx__D12__bin.2,WalshL_xxxx__D12__bin.2,218406/8159/1
DeFilippisF_xxxx__DF_37__bin.20,DeFilippisF_xxxx__DF_37__bin.20,218406/8160/1
MASTER_WP4_UNINA_1__GO001_73417__bin.3,MASTER_WP4_UNINA_1__GO001_73417__bin.3,218406/8161/1
FalardeauJ_2023__SRR20811284__bin.2,FalardeauJ_2023__SRR20811284__bin.2,218406/8162/1
MASTER_WP4_FFoQSI_3__VB13-29__bin.35,MASTER_WP4_FFoQSI_3__VB13-29__bin.35,218406/8168/1
MASTER_WP4_FFoQSI_2__VB15-30__bin.36,MASTER_WP4_FFoQSI_2__VB15-30__bin.36,218406/8171/1
MAG_25,MAG_25,218406/8172/1
MASTER_WP4_CSIC_1__P2183_73322__bin.3,MASTER_WP4_CSIC_1__P2183_73322__bin.3,218406/8173/1
FontanaF_2023__SRR20746945__bin.6,FontanaF_2023__SRR20746945__bin.6,218406/8176/1
MAG_74,MAG_74,218406/8177/1
WalshL_xxxx__R9__bin.5,WalshL_xxxx__R9__bin.5,218406/8179/1
CM_UNINA_FFOOD__FFOOD_297__bin.4,CM_UNINA_FFOOD__FFOOD_297__bin.4,218406/8180/1
MortensenS_xxxx__WK015-2-L-48h-02C6_S84__bin.10,MortensenS_xxxx__WK015-2-L-48h-02C6_S84__bin.10,218406/8181/1
MASTER_WP4_CSIC_1__P2243_73323__bin.15,MASTER_WP4_CSIC_1__P2243_73323__bin.15,218406/8182/1
MASTER_WP4_FFoQSI_3__VB02-22__bin.7,MASTER_WP4_FFoQSI_3__VB02-22__bin.7,218406/8186/1
MASTER_WP4_TEAGASC_1__TGS04-28__bin.21,MASTER_WP4_TEAGASC_1__TGS04-28__bin.21,218406/8191/1
MASTER_WP4_CSIC_2__P2609__bin.14,MASTER_WP4_CSIC_2__P2609__bin.14,218406/8192/1
We4_bin.full.28,We4_bin.full.28,218406/8193/1
LandisEA_2021__SRS5653374__bin.1,LandisEA_2021__SRS5653374__bin.1,218406/8194/1
LeechJ_xxxx__AF68__bin.1,LeechJ_xxxx__AF68__bin.1,218406/8196/1
MASTER_WP4_UNINA_1__PA012_73417__bin.4,MASTER_WP4_UNINA_1__PA012_73417__bin.4,218406/8198/1
MASTER_WP4_FFoQSI_1__VB-09-M7__bin.64,MASTER_WP4_FFoQSI_1__VB-09-M7__bin.64,218406/8199/1
MASTER_WP4_FFoQSI_3__VB13-27__bin.2,MASTER_WP4_FFoQSI_3__VB13-27__bin.2,218406/8200/1
DeFilippisF_xxxx__DS_1__bin.23,DeFilippisF_xxxx__DS_1__bin.23,218406/8201/1
We5_bin.circ.3,We5_bin.circ.3,218406/8208/1
MASTER_WP4_FFoQSI_1__VB-16-M15__bin.5,MASTER_WP4_FFoQSI_1__VB-16-M15__bin.5,218406/8209/1
FontanaF_2023__SRR20746833__bin.1,FontanaF_2023__SRR20746833__bin.1,218406/8210/1
LeechJ_2020__ERS3967689__bin.6,LeechJ_2020__ERS3967689__bin.6,218406/8213/1
CM_UNINA_FFOOD__FFOOD_389__bin.2,CM_UNINA_FFOOD__FFOOD_389__bin.2,218406/8214/1
ZhaoCC_2020__SRS5803192__bin.11,ZhaoCC_2020__SRS5803192__bin.11,218406/8215/1
DeFilippisF_xxxx__DF_100__bin.1,DeFilippisF_xxxx__DF_100__bin.1,218406/8217/1
CM_UNINA_FFOOD__FFOOD_337__bin.6,CM_UNINA_FFOOD__FFOOD_337__bin.6,218406/8219/1
DeFilippisF_xxxx__DF_101__bin.11,DeFilippisF_xxxx__DF_101__bin.11,218406/8220/1
LeechJ_xxxx__AF21__bin.4,LeechJ_xxxx__AF21__bin.4,218406/8222/1
MASTER_WP4_UNINA_1__PM001_71775__bin.2,MASTER_WP4_UNINA_1__PM001_71775__bin.2,218406/8227/1
MortensenS_xxxx__WK010-1-L-08h-02A1_S61__bin.4,MortensenS_xxxx__WK010-1-L-08h-02A1_S61__bin.4,218406/8228/1
DeFilippisF_xxxx__DF_11__bin.20,DeFilippisF_xxxx__DF_11__bin.20,218406/8229/1
DeFilippisF_xxxx__DF_100__bin.18,DeFilippisF_xxxx__DF_100__bin.18,218406/8232/1
CM_UNINA_FFOOD__FFOOD_309__bin.7,CM_UNINA_FFOOD__FFOOD_309__bin.7,218406/8236/1
MASTER_WP4_CSIC_2__P2570__bin.3,MASTER_WP4_CSIC_2__P2570__bin.3,218406/8238/1
MASTER_WP4_UNINA_2__M-29__bin.8,MASTER_WP4_UNINA_2__M-29__bin.8,218406/8239/1
LeechJ_2020__ERS3967739__bin.10,LeechJ_2020__ERS3967739__bin.10,218406/8241/1
MAG_31,MAG_31,218406/8243/1
LeechJ_xxxx__AF47__bin.3,LeechJ_xxxx__AF47__bin.3,218406/8244/1
YouL_2022__SRR13308526__bin.22,YouL_2022__SRR13308526__bin.22,218406/8246/1
MASTER_WP4_CSIC_2__P2608__bin.29,MASTER_WP4_CSIC_2__P2608__bin.29,218406/8247/1
MortensenS_xxxx__WK021-2-L-08h-02F2_S107__bin.3,MortensenS_xxxx__WK021-2-L-08h-02F2_S107__bin.3,218406/8248/1
MotaGutierrezJ_2021__SRR11602149__bin.11,MotaGutierrezJ_2021__SRR11602149__bin.11,218406/8250/1
KharnaiorP_2023__SRR22859378__bin.11,KharnaiorP_2023__SRR22859378__bin.11,218406/8255/1
MortensenS_xxxx__WK019-2-L-48h-02E4_S100__bin.3,MortensenS_xxxx__WK019-2-L-48h-02E4_S100__bin.3,218406/8256/1
AlvarezOrdonezA_xxxx__C07-19__bin.9,AlvarezOrdonezA_xxxx__C07-19__bin.9,218406/8260/1
MASTER_WP4_UNINA_2__V-23__bin.1,MASTER_WP4_UNINA_2__V-23__bin.1,218406/8261/1
MortensenS_xxxx__WK014-2-L-48h-02C2_S80__bin.8,MortensenS_xxxx__WK014-2-L-48h-02C2_S80__bin.8,218406/8263/1
FontanaF_2023__SRR20746957__bin.7,FontanaF_2023__SRR20746957__bin.7,218406/8266/1
LeechJ_xxxx__AF83__bin.7,LeechJ_xxxx__AF83__bin.7,218406/8267/1
DeFilippisF_xxxx__DS_1__bin.17,DeFilippisF_xxxx__DS_1__bin.17,218406/8269/1
CM_UNINA_FFOOD__FFOOD_418__bin.3,CM_UNINA_FFOOD__FFOOD_418__bin.3,218406/8270/1
EinsonEJ_2018__SRS2706106__bin.9,EinsonEJ_2018__SRS2706106__bin.9,218406/8272/1
LeechJ_xxxx__AF12__bin.1,LeechJ_xxxx__AF12__bin.1,218406/8273/1
WalshAM_2020__ERS3466736__bin.1,WalshAM_2020__ERS3466736__bin.1,218406/8275/1
AlvarezOrdonezA_xxxx__Q01-23X__bin.6,AlvarezOrdonezA_xxxx__Q01-23X__bin.6,218406/8277/1
MotaGutierrezJ_2021__SRR11602145__bin.1,MotaGutierrezJ_2021__SRR11602145__bin.1,218406/8278/1
DeFilippisF_xxxx__DF_5__bin.3,DeFilippisF_xxxx__DF_5__bin.3,218406/8279/1
ArikanM_2020__ERS1939580__bin.2,ArikanM_2020__ERS1939580__bin.2,218406/8284/1
MASTER_WP4_TEAGASC_1__TGS08-23__bin.6,MASTER_WP4_TEAGASC_1__TGS08-23__bin.6,218406/8288/1
YulandiA_2020__SRS6115052__bin.1,YulandiA_2020__SRS6115052__bin.1,218406/8289/1
MortensenS_xxxx__WK031-1-L-48h-03B2_S30__bin.3,MortensenS_xxxx__WK031-1-L-48h-03B2_S30__bin.3,218406/8290/1
FranciosaI_2021__SRR12227953__bin.2,FranciosaI_2021__SRR12227953__bin.2,218406/8292/1
YangC_2021__SRR13259379__bin.17,YangC_2021__SRR13259379__bin.17,218406/8294/1
MortensenS_xxxx__WK051-2-G-48h-04D3_S1__bin.9,MortensenS_xxxx__WK051-2-G-48h-04D3_S1__bin.9,218406/8296/1
MortensenS_xxxx__WK041-2-G-48h-04B8_S117__bin.4,MortensenS_xxxx__WK041-2-G-48h-04B8_S117__bin.4,218406/8297/1
LeechJ_xxxx__AF03__bin.2,LeechJ_xxxx__AF03__bin.2,218406/8298/1
MASTER_WP4_FFoQSI_1__VB-03-M6__bin.13,MASTER_WP4_FFoQSI_1__VB-03-M6__bin.13,218406/8304/1
ChaconVargasK_2020__SRS6087091__bin.6,ChaconVargasK_2020__SRS6087091__bin.6,218406/8305/1
MASTER_WP4_FFoQSI_3__VB02-29__bin.17,MASTER_WP4_FFoQSI_3__VB02-29__bin.17,218406/8306/1
MAG_304,MAG_304,218406/8307/1
MASTER_WP4_FFoQSI_3__VB14-22__bin.43,MASTER_WP4_FFoQSI_3__VB14-22__bin.43,218406/8308/1
MASTER_WP4_CSIC_1__P2134_73322__bin.2,MASTER_WP4_CSIC_1__P2134_73322__bin.2,218406/8312/1
MAG_355,MAG_355,218406/8313/1
LeechJ_xxxx__AF17__bin.2,LeechJ_xxxx__AF17__bin.2,218406/8315/1
MASTER_WP4_FFoQSI_2__VB05-21__bin.2,MASTER_WP4_FFoQSI_2__VB05-21__bin.2,218406/8321/1
LeechJ_xxxx__AF29__bin.3,LeechJ_xxxx__AF29__bin.3,218406/8322/1
MASTER_WP4_TEAGASC_1__TGS15-28__bin.23,MASTER_WP4_TEAGASC_1__TGS15-28__bin.23,218406/8323/1
WalshL_xxxx__O1__bin.1,WalshL_xxxx__O1__bin.1,218406/8325/1
CM_UNINA_FFOOD__FFOOD_311__bin.9,CM_UNINA_FFOOD__FFOOD_311__bin.9,218406/8326/1
MAG_184,MAG_184,218406/8327/1
MASTER_WP4_UNINA_2__V-26__bin.2,MASTER_WP4_UNINA_2__V-26__bin.2,218406/8329/1
MAG_177,MAG_177,218406/8332/1
MASTER_WP4_TEAGASC_1__TGS13-30__bin.4,MASTER_WP4_TEAGASC_1__TGS13-30__bin.4,218406/8333/1
ChaconVargasK_2020__SRS6087094__bin.5,ChaconVargasK_2020__SRS6087094__bin.5,218406/8338/1
MortensenS_xxxx__WK001T-1-G-00h-05I5_S129__bin.3,MortensenS_xxxx__WK001T-1-G-00h-05I5_S129__bin.3,218406/8339/1
Imad_S-7-b.bin.11,Imad_S-7-b.bin.11,218406/8340/1
LeechJ_2020__ERS3967711__bin.13,LeechJ_2020__ERS3967711__bin.13,218406/8341/1
MortensenS_xxxx__WK058-1-L-48h-04G6_S31__bin.3,MortensenS_xxxx__WK058-1-L-48h-04G6_S31__bin.3,218406/8343/1
FalardeauJ_2023__SRR20811282__bin.3,FalardeauJ_2023__SRR20811282__bin.3,218406/8345/1
MASTER_WP4_TEAGASC_1__TGS03-22__bin.2,MASTER_WP4_TEAGASC_1__TGS03-22__bin.2,218406/8346/1
MASTER_WP4_FFoQSI_2__VB11-29__bin.23,MASTER_WP4_FFoQSI_2__VB11-29__bin.23,218406/8350/1
MASTER_WP4_UNINA_1__AS001_71775__bin.20,MASTER_WP4_UNINA_1__AS001_71775__bin.20,218406/8355/1
MAG_126,MAG_126,218406/8356/1
CM_UNINA_FFOOD__FFOOD_256__bin.10,CM_UNINA_FFOOD__FFOOD_256__bin.10,218406/8357/1
WalshL_xxxx__R12__bin.2,WalshL_xxxx__R12__bin.2,218406/8358/1
MASTER_WP4_FFoQSI_1__VB-16-M13__bin.18,MASTER_WP4_FFoQSI_1__VB-16-M13__bin.18,218406/8359/1
YaoG_2017__NM18-1__bin.4,YaoG_2017__NM18-1__bin.4,218406/8361/1
MortensenS_xxxx__WK059-2-L-08h-04H2_S36__bin.4,MortensenS_xxxx__WK059-2-L-08h-04H2_S36__bin.4,218406/8363/1
WalshL_xxxx__G1__bin.4,WalshL_xxxx__G1__bin.4,218406/8366/1
Wy2_bin.circ.5,Wy2_bin.circ.5,218406/8368/1
MASTER_WP4_FFoQSI_2__VB06-29__bin.23,MASTER_WP4_FFoQSI_2__VB06-29__bin.23,218406/8371/1
BertuzziAS_2018__ERS2032091__bin.2,BertuzziAS_2018__ERS2032091__bin.2,218406/8372/1
MASTER_WP4_FFoQSI_1__VB-14-M18__bin.60,MASTER_WP4_FFoQSI_1__VB-14-M18__bin.60,218406/8373/1
MASTER_WP4_FFoQSI_1__VB-09-AG__bin.13,MASTER_WP4_FFoQSI_1__VB-09-AG__bin.13,218406/8375/1
MAG_361,MAG_361,218406/8377/1
AlvarezOrdonezA_xxxx__C07-19__bin.17,AlvarezOrdonezA_xxxx__C07-19__bin.17,218406/8379/1
MASTER_WP4_UNINA_2__V-26.1__bin.11,MASTER_WP4_UNINA_2__V-26.1__bin.11,218406/8383/1
LeechJ_xxxx__AF53__bin.10,LeechJ_xxxx__AF53__bin.10,218406/8385/1
CM_UNINA_FFOOD__FFOOD_323__bin.6,CM_UNINA_FFOOD__FFOOD_323__bin.6,218406/8389/1
LeechJ_2020__ERS3967703__bin.5,LeechJ_2020__ERS3967703__bin.5,218406/8390/1
MAG_112,MAG_112,218406/8391/1
WolfeBE_2014__340_Comte__bin.8,WolfeBE_2014__340_Comte__bin.8,218406/8392/1
MASTER_WP4_TEAGASC_1__TGS08-29__bin.31,MASTER_WP4_TEAGASC_1__TGS08-29__bin.31,218406/8393/1
DeFilippisF_xxxx__DS_55__bin.14,DeFilippisF_xxxx__DS_55__bin.14,218406/8396/1
DecadtH_2024__ERR11718200__bin.1,DecadtH_2024__ERR11718200__bin.1,218406/8397/1
MASTER_WP4_FFoQSI_2__VB05-29__bin.16,MASTER_WP4_FFoQSI_2__VB05-29__bin.16,218406/8398/1
FontanaF_2023__SRR20746827__bin.1,FontanaF_2023__SRR20746827__bin.1,218406/8400/1
AlvarezOrdonezA_xxxx__Q07-29__bin.8,AlvarezOrdonezA_xxxx__Q07-29__bin.8,218406/8404/1
WalshL_xxxx__L2__bin.4,WalshL_xxxx__L2__bin.4,218406/8408/1
MAG_143,MAG_143,218406/8409/1
MASTER_WP4_CSIC_2__P2586__bin.31,MASTER_WP4_CSIC_2__P2586__bin.31,218406/8410/1
DecadtH_2024__ERR11718197__bin.9,DecadtH_2024__ERR11718197__bin.9,218406/8411/1
LeechJ_xxxx__AF84__bin.27,LeechJ_xxxx__AF84__bin.27,218406/8414/1
EscobarZepedaA_2016__SRS974112__bin.18,EscobarZepedaA_2016__SRS974112__bin.18,218406/8415/1
KharnaiorP_2023__SRR22859380__bin.2,KharnaiorP_2023__SRR22859380__bin.2,218406/8416/1
LeechJ_xxxx__AF24__bin.7,LeechJ_xxxx__AF24__bin.7,218406/8419/1
MAG_392,MAG_392,218406/8423/1
LimaC_2020__SRR9640353__bin.7,LimaC_2020__SRR9640353__bin.7,218406/8424/1
MASTER_WP4_TEAGASC_1__TGS12-29__bin.5,MASTER_WP4_TEAGASC_1__TGS12-29__bin.5,218406/8428/1
SulaimanJ_2014__SRS398269__bin.5,SulaimanJ_2014__SRS398269__bin.5,218406/8429/1
MAG_382,MAG_382,218406/8430/1
FalardeauJ_2023__SRR20811153__bin.6,FalardeauJ_2023__SRR20811153__bin.6,218406/8431/1
MAG_153,MAG_153,218406/8434/1
MASTER_WP4_CSIC_2__P2590__bin.4,MASTER_WP4_CSIC_2__P2590__bin.4,218406/8435/1
WalshAM_2020__ERS3466774__bin.5,WalshAM_2020__ERS3466774__bin.5,218406/8437/1
AlvarezOrdonezA_xxxx__F06-19__bin.3,AlvarezOrdonezA_xxxx__F06-19__bin.3,218406/8439/1
MortensenS_xxxx__WK066-2-G-48h-05I1_S125__bin.3,MortensenS_xxxx__WK066-2-G-48h-05I1_S125__bin.3,218406/8443/1
WalshL_xxxx__A9__bin.1,WalshL_xxxx__A9__bin.1,218406/8445/1
MASTER_WP4_FFoQSI_1__VB12-F-AR__bin.11,MASTER_WP4_FFoQSI_1__VB12-F-AR__bin.11,218406/8448/1
MortensenS_xxxx__WK009-2-L-48h-01I9_S60__bin.4,MortensenS_xxxx__WK009-2-L-48h-01I9_S60__bin.4,218406/8450/1
MASTER_WP4_CSIC_1__P2137_73322__bin.16,MASTER_WP4_CSIC_1__P2137_73322__bin.16,218406/8451/1
YouL_2022__SRR13308542__bin.20,YouL_2022__SRR13308542__bin.20,218406/8452/1
DeFilippisF_xxxx__DS_112__bin.19,DeFilippisF_xxxx__DS_112__bin.19,218406/8454/1
FontanaF_2023__SRR20746915__bin.3,FontanaF_2023__SRR20746915__bin.3,218406/8455/1
AlvarezOrdonezA_xxxx__Q08-21__bin.7,AlvarezOrdonezA_xxxx__Q08-21__bin.7,218406/8456/1
MASTER_WP4_UNINA_1__SP109_71775__bin.17,MASTER_WP4_UNINA_1__SP109_71775__bin.17,218406/8457/1
MAG_320,MAG_320,218406/8461/1
MASTER_WP4_CSIC_2__P2606__bin.6,MASTER_WP4_CSIC_2__P2606__bin.6,218406/8465/1
MortensenS_xxxx__WK033-1-L-08h-03B9_S37__bin.12,MortensenS_xxxx__WK033-1-L-08h-03B9_S37__bin.12,218406/8467/1
WalshL_xxxx__I10__bin.2,WalshL_xxxx__I10__bin.2,218406/8468/1
CM_UNINA_FFOOD__FFOOD_249__bin.2,CM_UNINA_FFOOD__FFOOD_249__bin.2,218406/8470/1
MASTER_WP4_CSIC_2__P2551__bin.16,MASTER_WP4_CSIC_2__P2551__bin.16,218406/8473/1
CM_UNINA_FFOOD__FFOOD_369__bin.5,CM_UNINA_FFOOD__FFOOD_369__bin.5,218406/8474/1
MortensenS_xxxx__WK067-1-L-48h-05C1_S71__bin.5,MortensenS_xxxx__WK067-1-L-48h-05C1_S71__bin.5,218406/8475/1
DeFilippisF_xxxx__DF_75__bin.16,DeFilippisF_xxxx__DF_75__bin.16,218406/8478/1
MAG_371,MAG_371,218406/8479/1
MortensenS_xxxx__WK067-2-G-48h-05I2_S126__bin.1,MortensenS_xxxx__WK067-2-G-48h-05I2_S126__bin.1,218406/8483/1
AlvarezOrdonezA_xxxx__Q02-28__bin.23,AlvarezOrdonezA_xxxx__Q02-28__bin.23,218406/8484/1
DeFilippisF_xxxx__DF_33__bin.8,DeFilippisF_xxxx__DF_33__bin.8,218406/8485/1
CM_UNINA_FFOOD__FFOOD_357__bin.4,CM_UNINA_FFOOD__FFOOD_357__bin.4,218406/8486/1
WalshL_xxxx__H3_S87__bin.25,WalshL_xxxx__H3_S87__bin.25,218406/8491/1
MASTER_WP4_UNINA_1__FO005_71775__bin.17,MASTER_WP4_UNINA_1__FO005_71775__bin.17,218406/8492/1
OlgaP_2019__SRR11910536__bin.9,OlgaP_2019__SRR11910536__bin.9,218406/8493/1
FontanaF_2023__SRR20746852__bin.9,FontanaF_2023__SRR20746852__bin.9,218406/8495/1
DeFilippisF_xxxx__DF_45__bin.6,DeFilippisF_xxxx__DF_45__bin.6,218406/8498/1
MortensenS_xxxx__WK056-2-L-08h-04F8_S24__bin.6,MortensenS_xxxx__WK056-2-L-08h-04F8_S24__bin.6,218406/8500/1
WolfeBE_2014__771_Tarentaise__bin.9,WolfeBE_2014__771_Tarentaise__bin.9,218406/8502/1
MASTER_WP4_FFoQSI_1__KM-4D__bin.40,MASTER_WP4_FFoQSI_1__KM-4D__bin.40,218406/8508/1
MAG_136,MAG_136,218406/8509/1
CM_UNINA_FFOOD__FFOOD_289__bin.32,CM_UNINA_FFOOD__FFOOD_289__bin.32,218406/8510/1
DeFilippisF_xxxx__DS_2__bin.3,DeFilippisF_xxxx__DS_2__bin.3,218406/8511/1
FalardeauJ_2023__SRR20811290__bin.6,FalardeauJ_2023__SRR20811290__bin.6,218406/8512/1
LeechJ_xxxx__AF72__bin.3,LeechJ_xxxx__AF72__bin.3,218406/8513/1
MASTER_WP4_UNINA_1__PV005_71775__bin.9,MASTER_WP4_UNINA_1__PV005_71775__bin.9,218406/8514/1
MortensenS_xxxx__WK045-2-L-08h-03H5_S87__bin.6,MortensenS_xxxx__WK045-2-L-08h-03H5_S87__bin.6,218406/8517/1
MASTER_WP4_FFoQSI_2__VB05-29__bin.32,MASTER_WP4_FFoQSI_2__VB05-29__bin.32,218406/8518/1
XieM_2019__SAMC044639__bin.1,XieM_2019__SAMC044639__bin.1,218406/8519/1
FontanaF_2023__SRR20746871__bin.5,FontanaF_2023__SRR20746871__bin.5,218406/8525/1
MAG_167,MAG_167,218406/8526/1
KastmanEK_2016__CSB720__bin.2,KastmanEK_2016__CSB720__bin.2,218406/8530/1
MASTER_WP4_FFoQSI_3__VB15-29__bin.33,MASTER_WP4_FFoQSI_3__VB15-29__bin.33,218406/8531/1
YouL_2022__SRR13308520__bin.20,YouL_2022__SRR13308520__bin.20,218406/8533/1
MASTER_WP4_UNINA_1__SF009_71775__bin.8,MASTER_WP4_UNINA_1__SF009_71775__bin.8,218406/8534/1
MASTER_WP4_TEAGASC_1__TGS01-22__bin.19,MASTER_WP4_TEAGASC_1__TGS01-22__bin.19,218406/8535/1
KharnaiorP_2023__SRR22859379__bin.1,KharnaiorP_2023__SRR22859379__bin.1,218406/8536/1
YangC_2021__SRR13259378__bin.8,YangC_2021__SRR13259378__bin.8,218406/8543/1
FontanaF_2023__SRR20746869__bin.13,FontanaF_2023__SRR20746869__bin.13,218406/8544/1
YasirM_2022__SRR18335012__bin.5,YasirM_2022__SRR18335012__bin.5,218406/8545/1
MASTER_WP4_CSIC_1__P2149_73322__bin.17,MASTER_WP4_CSIC_1__P2149_73322__bin.17,218406/8546/1
MASTER_WP4_UNINA_2__M-30__bin.10,MASTER_WP4_UNINA_2__M-30__bin.10,218406/8548/1
LeechJ_xxxx__AF84__bin.8,LeechJ_xxxx__AF84__bin.8,218406/8551/1
MAG_194,MAG_194,218406/8553/1
MAG_345,MAG_345,218406/8554/1
WalshL_xxxx__G2__bin.2,WalshL_xxxx__G2__bin.2,218406/8555/1
MortensenS_xxxx__WK036-1-L-48h-03D4_S50__bin.7,MortensenS_xxxx__WK036-1-L-48h-03D4_S50__bin.7,218406/8562/1
WalshL_xxxx__H3_S87__bin.11,WalshL_xxxx__H3_S87__bin.11,218406/8563/1
SEM_44_S61.1,SEM_44_S61.1,218406/8564/1
AlvarezOrdonezA_xxxx__Q08-22__bin.27,AlvarezOrdonezA_xxxx__Q08-22__bin.27,218406/8565/1
DecadtH_2024__ERR11718198__bin.1,DecadtH_2024__ERR11718198__bin.1,218406/8566/1
MortensenS_xxxx__WK067-2-L-08h-05C2_S72__bin.1,MortensenS_xxxx__WK067-2-L-08h-05C2_S72__bin.1,218406/8567/1
LeechJ_xxxx__AF94__bin.1,LeechJ_xxxx__AF94__bin.1,218406/8570/1
QuigleyL_2016__ERR752914__bin.5,QuigleyL_2016__ERR752914__bin.5,218406/8571/1
MAG_314,MAG_314,218406/8572/1
MASTER_WP4_FFoQSI_1__VB-08-AG__bin.24,MASTER_WP4_FFoQSI_1__VB-08-AG__bin.24,218406/8573/1
AlvarezOrdonezA_xxxx__Q07-22__bin.9,AlvarezOrdonezA_xxxx__Q07-22__bin.9,218406/8582/1
EBC_031.14,EBC_031.14,218406/8583/1
MASTER_WP4_CSIC_2__P2550__bin.9,MASTER_WP4_CSIC_2__P2550__bin.9,218406/8584/1
LeechJ_xxxx__AF49__bin.1,LeechJ_xxxx__AF49__bin.1,218406/8585/1
FalardeauJ_2023__SRR20811174__bin.3,FalardeauJ_2023__SRR20811174__bin.3,218406/8586/1
MilaniC_2019__SRS3591582__bin.12,MilaniC_2019__SRS3591582__bin.12,218406/8590/1
AlvarezOrdonezA_xxxx__Q04-28__bin.15,AlvarezOrdonezA_xxxx__Q04-28__bin.15,218406/8591/1
CM_UNINA_FFOOD__FFOOD_288__bin.5,CM_UNINA_FFOOD__FFOOD_288__bin.5,218406/8592/1
MASTER_WP4_UNINA_2__I-29__bin.11,MASTER_WP4_UNINA_2__I-29__bin.11,218406/8593/1
MASTER_WP4_FFoQSI_3__VB07-22__bin.12,MASTER_WP4_FFoQSI_3__VB07-22__bin.12,218406/8596/1
LeechJ_xxxx__AF59__bin.8,LeechJ_xxxx__AF59__bin.8,218406/8599/1
MASTER_WP4_CSIC_2__P2599__bin.22,MASTER_WP4_CSIC_2__P2599__bin.22,218406/8600/1
MASTER_WP4_CSIC_2__P2620__bin.9,MASTER_WP4_CSIC_2__P2620__bin.9,218406/8601/1
PB_bin.2,PB_bin.2,218406/8603/1
MASTER_WP4_FFoQSI_2__VB15-29__bin.17,MASTER_WP4_FFoQSI_2__VB15-29__bin.17,218406/8605/1
MortensenS_xxxx__WK007-2-L-08h-01H9_S51__bin.4,MortensenS_xxxx__WK007-2-L-08h-01H9_S51__bin.4,218406/8607/1
MagliuloR_2024__SRR28235345__bin.5,MagliuloR_2024__SRR28235345__bin.5,218406/8610/1
MAG_629,MAG_629,218406/8611/1
MASTER_WP4_FFoQSI_1__DC18-032__bin.19,MASTER_WP4_FFoQSI_1__DC18-032__bin.19,218406/8613/1
G_398_1B_oryzifermentans_assembly,G_398_1B_oryzifermentans_assembly,218406/8616/1
DeFilippisF_xxxx__DF_5__bin.10,DeFilippisF_xxxx__DF_5__bin.10,218406/8617/1
MASTER_WP4_CSIC_1__P2243_73323__bin.11,MASTER_WP4_CSIC_1__P2243_73323__bin.11,218406/8621/1
MASTER_WP4_TEAGASC_1__TGS07-23__bin.12,MASTER_WP4_TEAGASC_1__TGS07-23__bin.12,218406/8622/1
KastmanEK_2016__CSB888__bin.4,KastmanEK_2016__CSB888__bin.4,218406/8624/1
MortensenS_xxxx__WK057-1-L-48h-04G2_S27__bin.6,MortensenS_xxxx__WK057-1-L-48h-04G2_S27__bin.6,218406/8626/1
MAG_70,MAG_70,218406/8628/1
LeechJ_xxxx__AF91__bin.2,LeechJ_xxxx__AF91__bin.2,218406/8631/1
MASTER_WP4_UNINA_2__F-22__bin.7,MASTER_WP4_UNINA_2__F-22__bin.7,218406/8634/1
C-03.Ssa-BR,C-03.Ssa-BR,218406/8635/1
MASTER_WP4_FFoQSI_1__VB12-F-AR__bin.1,MASTER_WP4_FFoQSI_1__VB12-F-AR__bin.1,218406/8636/1
CM_UNINA_FFOOD__FFOOD_226__bin.8,CM_UNINA_FFOOD__FFOOD_226__bin.8,218406/8639/1
MAG_21,MAG_21,218406/8640/1
EBC_089.14,EBC_089.14,218406/8642/1
MASTER_WP4_FFoQSI_3__VB04-30__bin.20,MASTER_WP4_FFoQSI_3__VB04-30__bin.20,218406/8645/1
MASTER_WP4_CSIC_2__P2599__bin.16,MASTER_WP4_CSIC_2__P2599__bin.16,218406/8646/1
LeechJ_xxxx__AF55__bin.6,LeechJ_xxxx__AF55__bin.6,218406/8647/1
MortensenS_xxxx__WK054-2-L-08h-04E9_S16__bin.10,MortensenS_xxxx__WK054-2-L-08h-04E9_S16__bin.10,218406/8649/1
MASTER_WP4_UNINA_1__TA003_71775__bin.2,MASTER_WP4_UNINA_1__TA003_71775__bin.2,218406/8653/1
AlvarezOrdonezA_xxxx__Q01-25__bin.3,AlvarezOrdonezA_xxxx__Q01-25__bin.3,218406/8656/1
MortensenS_xxxx__WK023-2-L-48h-02G5_S119__bin.4,MortensenS_xxxx__WK023-2-L-48h-02G5_S119__bin.4,218406/8657/1
MASTER_WP4_UNINA_1__PU010_71775__bin.5,MASTER_WP4_UNINA_1__PU010_71775__bin.5,218406/8659/1
MortensenS_xxxx__WK018T-1-G-00h-05I7_S131__bin.4,MortensenS_xxxx__WK018T-1-G-00h-05I7_S131__bin.4,218406/8660/1
MortensenS_xxxx__WK028-2-L-48h-03A1_S20__bin.5,MortensenS_xxxx__WK028-2-L-48h-03A1_S20__bin.5,218406/8662/1
LimaC_2020__SRR9640344__bin.1,LimaC_2020__SRR9640344__bin.1,218406/8663/1
LeechJ_xxxx__AF33__bin.1,LeechJ_xxxx__AF33__bin.1,218406/8666/1
MASTER_WP4_TEAGASC_1__TGS04-23__bin.13,MASTER_WP4_TEAGASC_1__TGS04-23__bin.13,218406/8668/1
AlvarezOrdonezA_xxxx__R03-19__bin.7,AlvarezOrdonezA_xxxx__R03-19__bin.7,218406/8669/1
MASTER_WP4_CSIC_2__P2610__bin.21,MASTER_WP4_CSIC_2__P2610__bin.21,218406/8670/1
MAG_15,MAG_15,218406/8675/1
CM_UNINA_FFOOD__FFOOD_416__bin.1,CM_UNINA_FFOOD__FFOOD_416__bin.1,218406/8677/1
WalshAM_2020__ERS3466738__bin.3,WalshAM_2020__ERS3466738__bin.3,218406/8680/1
MASTER_WP4_FFoQSI_3__VB01-22__bin.1,MASTER_WP4_FFoQSI_3__VB01-22__bin.1,218406/8681/1
XieM_2019__SAMC044639__bin.28,XieM_2019__SAMC044639__bin.28,218406/8682/1
WalshAM_2016__ERS1354644__bin.1,WalshAM_2016__ERS1354644__bin.1,218406/8683/1
FontanaF_2023__SRR20746959__bin.5,FontanaF_2023__SRR20746959__bin.5,218406/8685/1
MASTER_WP4_FFoQSI_2__VB08-30__bin.29,MASTER_WP4_FFoQSI_2__VB08-30__bin.29,218406/8686/1
DeFilippisF_xxxx__DS_93__bin.8,DeFilippisF_xxxx__DS_93__bin.8,218406/8688/1
MASTER_WP4_CSIC_2__P2584__bin.4,MASTER_WP4_CSIC_2__P2584__bin.4,218406/8690/1
MAG_44,MAG_44,218406/8696/1
FalardeauJ_2023__SRR20811131__bin.8,FalardeauJ_2023__SRR20811131__bin.8,218406/8697/1
MilaniC_2019__SRS3591582__bin.8,MilaniC_2019__SRS3591582__bin.8,218406/8699/1
LandisEA_2021__SRS5653199__bin.4,LandisEA_2021__SRS5653199__bin.4,218406/8700/1
AlvarezOrdonezA_xxxx__Q02-26__bin.3,AlvarezOrdonezA_xxxx__Q02-26__bin.3,218406/8701/1
DeFilippisF_xxxx__DS_2__bin.14,DeFilippisF_xxxx__DS_2__bin.14,218406/8702/1
MASTER_WP4_FFoQSI_1__VB-08-M4__bin.11,MASTER_WP4_FFoQSI_1__VB-08-M4__bin.11,218406/8704/1
AlvarezOrdonezA_xxxx__Q03-21__bin.9,AlvarezOrdonezA_xxxx__Q03-21__bin.9,218406/8705/1
MAG_160_modf,MAG_160_modf,218406/8715/1
MAG_183_modf,MAG_183_modf,218406/8716/1
MAG_181_modf,MAG_181_modf,218406/8717/1
MAG_175_modf,MAG_175_modf,218406/8718/1
MAG_180_modf,MAG_180_modf,218406/8719/1
MAG_158_modf,MAG_158_modf,218406/8720/1
MAG_182_modf,MAG_182_modf,218406/8721/1
MAG_176_modf,MAG_176_modf,218406/8722/1
MAG_156_modf,MAG_156_modf,218406/8723/1
MAG_178_modf,MAG_178_modf,218406/8724/1